id,name,address,longitude,latitude,price_cents_per_kwh,status,created_at,source_id,raw_json
4,"深圳-1001","深圳市 · UrbanEV历史站点（详细地址未提供）",113.784724,22.714121,150,online,"2026-09-08 00:53:31",1001,"{""station_id"": ""1001"", ""longitude"": ""113.784724"", ""latitude"": ""22.714121"", ""slow_count"": ""20"", ""fast_count"": ""0"", ""charge_count"": ""20"", ""TAZID"": ""559""}"
5,"深圳-1002","深圳市 · UrbanEV历史站点（详细地址未提供）",113.785002,22.7259,150,online,"2026-09-08 00:53:31",1002,"{""station_id"": ""1002"", ""longitude"": ""113.785002"", ""latitude"": ""22.7259"", ""slow_count"": ""22"", ""fast_count"": ""0"", ""charge_count"": ""22"", ""TAZID"": ""558""}"
6,"深圳-1003","深圳市 · UrbanEV历史站点（详细地址未提供）",113.787971,22.735538,150,online,"2026-09-08 00:53:31",1003,"{""station_id"": ""1003"", ""longitude"": ""113.787971"", ""latitude"": ""22.735538"", ""slow_count"": ""6"", ""fast_count"": ""0"", ""charge_count"": ""6"", ""TAZID"": ""558""}"
7,"深圳-1004","深圳市 · UrbanEV历史站点（详细地址未提供）",113.788126,22.693449,150,online,"2026-09-08 00:53:31",1004,"{""station_id"": ""1004"", ""longitude"": ""113.788126"", ""latitude"": ""22.693449"", ""slow_count"": ""6"", ""fast_count"": ""5"", ""charge_count"": ""11"", ""TAZID"": ""596""}"
8,"深圳-1005","深圳市 · UrbanEV历史站点（详细地址未提供）",113.788126,22.693449,150,online,"2026-09-08 00:53:31",1005,"{""station_id"": ""1005"", ""longitude"": ""113.788126"", ""latitude"": ""22.693449"", ""slow_count"": ""6"", ""fast_count"": ""5"", ""charge_count"": ""11"", ""TAZID"": ""596""}"
9,"深圳-1006","深圳市 · UrbanEV历史站点（详细地址未提供）",113.790987,22.731351,150,online,"2026-09-08 00:53:31",1006,"{""station_id"": ""1006"", ""longitude"": ""113.790987"", ""latitude"": ""22.731351"", ""slow_count"": ""10"", ""fast_count"": ""0"", ""charge_count"": ""10"", ""TAZID"": ""594""}"
10,"深圳-1007","深圳市 · UrbanEV历史站点（详细地址未提供）",113.790987,22.731351,150,online,"2026-09-08 00:53:31",1007,"{""station_id"": ""1007"", ""longitude"": ""113.790987"", ""latitude"": ""22.731351"", ""slow_count"": ""10"", ""fast_count"": ""0"", ""charge_count"": ""10"", ""TAZID"": ""594""}"
11,"深圳-1008","深圳市 · UrbanEV历史站点（详细地址未提供）",113.791756,22.698816,150,online,"2026-09-08 00:53:31",1008,"{""station_id"": ""1008"", ""longitude"": ""113.791756"", ""latitude"": ""22.698816"", ""slow_count"": ""38"", ""fast_count"": ""6"", ""charge_count"": ""44"", ""TAZID"": ""596""}"
12,"深圳-1009","深圳市 · UrbanEV历史站点（详细地址未提供）",113.794798,22.716747,150,online,"2026-09-08 00:53:31",1009,"{""station_id"": ""1009"", ""longitude"": ""113.794798"", ""latitude"": ""22.716747"", ""slow_count"": ""0"", ""fast_count"": ""72"", ""charge_count"": ""72"", ""TAZID"": ""595""}"
13,"深圳-1010","深圳市 · UrbanEV历史站点（详细地址未提供）",113.794798,22.716747,150,online,"2026-09-08 00:53:31",1010,"{""station_id"": ""1010"", ""longitude"": ""113.794798"", ""latitude"": ""22.716747"", ""slow_count"": ""0"", ""fast_count"": ""72"", ""charge_count"": ""72"", ""TAZID"": ""595""}"
14,"深圳-1011","深圳市 · UrbanEV历史站点（详细地址未提供）",113.795042,22.716825,150,online,"2026-09-08 00:53:31",1011,"{""station_id"": ""1011"", ""longitude"": ""113.795042"", ""latitude"": ""22.716825"", ""slow_count"": ""0"", ""fast_count"": ""65"", ""charge_count"": ""65"", ""TAZID"": ""595""}"
15,"深圳-1012","深圳市 · UrbanEV历史站点（详细地址未提供）",113.795042,22.716825,150,online,"2026-09-08 00:53:31",1012,"{""station_id"": ""1012"", ""longitude"": ""113.795042"", ""latitude"": ""22.716825"", ""slow_count"": ""0"", ""fast_count"": ""65"", ""charge_count"": ""65"", ""TAZID"": ""595""}"
16,"深圳-1013","深圳市 · UrbanEV历史站点（详细地址未提供）",113.796557,22.728199,150,online,"2026-09-08 00:53:31",1013,"{""station_id"": ""1013"", ""longitude"": ""113.796557"", ""latitude"": ""22.728199"", ""slow_count"": ""28"", ""fast_count"": ""0"", ""charge_count"": ""28"", ""TAZID"": ""594""}"
17,"深圳-1014","深圳市 · UrbanEV历史站点（详细地址未提供）",113.802875,22.689785,150,online,"2026-09-08 00:53:31",1014,"{""station_id"": ""1014"", ""longitude"": ""113.802875"", ""latitude"": ""22.689785"", ""slow_count"": ""12"", ""fast_count"": ""0"", ""charge_count"": ""12"", ""TAZID"": ""598""}"
18,"深圳-1015","深圳市 · UrbanEV历史站点（详细地址未提供）",113.804285,22.743436,150,online,"2026-09-08 00:53:31",1015,"{""station_id"": ""1015"", ""longitude"": ""113.804285"", ""latitude"": ""22.743436"", ""slow_count"": ""12"", ""fast_count"": ""0"", ""charge_count"": ""12"", ""TAZID"": ""587""}"
19,"深圳-1016","深圳市 · UrbanEV历史站点（详细地址未提供）",113.806076,22.673562,150,online,"2026-09-08 00:53:31",1016,"{""station_id"": ""1016"", ""longitude"": ""113.806076"", ""latitude"": ""22.673562"", ""slow_count"": ""22"", ""fast_count"": ""0"", ""charge_count"": ""22"", ""TAZID"": ""553""}"
20,"深圳-1017","深圳市 · UrbanEV历史站点（详细地址未提供）",113.806362,22.747566,150,online,"2026-09-08 00:53:31",1017,"{""station_id"": ""1017"", ""longitude"": ""113.806362"", ""latitude"": ""22.747566"", ""slow_count"": ""6"", ""fast_count"": ""0"", ""charge_count"": ""6"", ""TAZID"": ""587""}"
21,"深圳-1018","深圳市 · UrbanEV历史站点（详细地址未提供）",113.813599,22.77499,150,online,"2026-09-08 00:53:31",1018,"{""station_id"": ""1018"", ""longitude"": ""113.813599"", ""latitude"": ""22.77499"", ""slow_count"": ""6"", ""fast_count"": ""0"", ""charge_count"": ""6"", ""TAZID"": ""576""}"
22,"深圳-1019","深圳市 · UrbanEV历史站点（详细地址未提供）",113.813758,22.668147,150,online,"2026-09-08 00:53:31",1019,"{""station_id"": ""1019"", ""longitude"": ""113.813758"", ""latitude"": ""22.668147"", ""slow_count"": ""13"", ""fast_count"": ""0"", ""charge_count"": ""13"", ""TAZID"": ""552""}"
23,"深圳-1020","深圳市 · UrbanEV历史站点（详细地址未提供）",113.813758,22.668147,150,online,"2026-09-08 00:53:31",1020,"{""station_id"": ""1020"", ""longitude"": ""113.813758"", ""latitude"": ""22.668147"", ""slow_count"": ""13"", ""fast_count"": ""0"", ""charge_count"": ""13"", ""TAZID"": ""552""}"
24,"深圳-1021","深圳市 · UrbanEV历史站点（详细地址未提供）",113.813893,22.732382,150,online,"2026-09-08 00:53:31",1021,"{""station_id"": ""1021"", ""longitude"": ""113.813893"", ""latitude"": ""22.732382"", ""slow_count"": ""12"", ""fast_count"": ""0"", ""charge_count"": ""12"", ""TAZID"": ""588""}"
25,"深圳-1022","深圳市 · UrbanEV历史站点（详细地址未提供）",113.814009,22.732434,150,online,"2026-09-08 00:53:31",1022,"{""station_id"": ""1022"", ""longitude"": ""113.814009"", ""latitude"": ""22.732434"", ""slow_count"": ""12"", ""fast_count"": ""0"", ""charge_count"": ""12"", ""TAZID"": ""588""}"
26,"深圳-1023","深圳市 · UrbanEV历史站点（详细地址未提供）",113.814083,22.773128,150,online,"2026-09-08 00:53:31",1023,"{""station_id"": ""1023"", ""longitude"": ""113.814083"", ""latitude"": ""22.773128"", ""slow_count"": ""0"", ""fast_count"": ""32"", ""charge_count"": ""32"", ""TAZID"": ""576""}"
27,"深圳-1024","深圳市 · UrbanEV历史站点（详细地址未提供）",113.814433,22.773105,150,online,"2026-09-08 00:53:31",1024,"{""station_id"": ""1024"", ""longitude"": ""113.814433"", ""latitude"": ""22.773105"", ""slow_count"": ""0"", ""fast_count"": ""38"", ""charge_count"": ""38"", ""TAZID"": ""576""}"
28,"深圳-1025","深圳市 · UrbanEV历史站点（详细地址未提供）",113.814433,22.773105,150,online,"2026-09-08 00:53:31",1025,"{""station_id"": ""1025"", ""longitude"": ""113.814433"", ""latitude"": ""22.773105"", ""slow_count"": ""0"", ""fast_count"": ""24"", ""charge_count"": ""24"", ""TAZID"": ""576""}"
29,"深圳-1026","深圳市 · UrbanEV历史站点（详细地址未提供）",113.814433,22.773105,150,online,"2026-09-08 00:53:31",1026,"{""station_id"": ""1026"", ""longitude"": ""113.814433"", ""latitude"": ""22.773105"", ""slow_count"": ""0"", ""fast_count"": ""62"", ""charge_count"": ""62"", ""TAZID"": ""576""}"
30,"深圳-1027","深圳市 · UrbanEV历史站点（详细地址未提供）",113.81453,22.73241,150,online,"2026-09-08 00:53:31",1027,"{""station_id"": ""1027"", ""longitude"": ""113.81453"", ""latitude"": ""22.73241"", ""slow_count"": ""17"", ""fast_count"": ""0"", ""charge_count"": ""17"", ""TAZID"": ""588""}"
31,"深圳-1028","深圳市 · UrbanEV历史站点（详细地址未提供）",113.814955,22.734709,150,online,"2026-09-08 00:53:31",1028,"{""station_id"": ""1028"", ""longitude"": ""113.814955"", ""latitude"": ""22.734709"", ""slow_count"": ""12"", ""fast_count"": ""0"", ""charge_count"": ""12"", ""TAZID"": ""587""}"
32,"深圳-1029","深圳市 · UrbanEV历史站点（详细地址未提供）",113.81544,22.70772,150,online,"2026-09-08 00:53:31",1029,"{""station_id"": ""1029"", ""longitude"": ""113.81544"", ""latitude"": ""22.70772"", ""slow_count"": ""0"", ""fast_count"": ""78"", ""charge_count"": ""78"", ""TAZID"": ""592""}"
33,"深圳-1030","深圳市 · UrbanEV历史站点（详细地址未提供）",113.81544,22.70772,150,online,"2026-09-08 00:53:31",1030,"{""station_id"": ""1030"", ""longitude"": ""113.81544"", ""latitude"": ""22.70772"", ""slow_count"": ""0"", ""fast_count"": ""78"", ""charge_count"": ""78"", ""TAZID"": ""592""}"
34,"深圳-1031","深圳市 · UrbanEV历史站点（详细地址未提供）",113.816086,22.735424,150,online,"2026-09-08 00:53:31",1031,"{""station_id"": ""1031"", ""longitude"": ""113.816086"", ""latitude"": ""22.735424"", ""slow_count"": ""12"", ""fast_count"": ""0"", ""charge_count"": ""12"", ""TAZID"": ""587""}"
35,"深圳-1032","深圳市 · UrbanEV历史站点（详细地址未提供）",113.816457,22.737977,150,online,"2026-09-08 00:53:31",1032,"{""station_id"": ""1032"", ""longitude"": ""113.816457"", ""latitude"": ""22.737977"", ""slow_count"": ""10"", ""fast_count"": ""0"", ""charge_count"": ""10"", ""TAZID"": ""587""}"
36,"深圳-1033","深圳市 · UrbanEV历史站点（详细地址未提供）",113.816864,22.732245,150,online,"2026-09-08 00:53:31",1033,"{""station_id"": ""1033"", ""longitude"": ""113.816864"", ""latitude"": ""22.732245"", ""slow_count"": ""38"", ""fast_count"": ""0"", ""charge_count"": ""38"", ""TAZID"": ""588""}"
37,"深圳-1034","深圳市 · UrbanEV历史站点（详细地址未提供）",113.816864,22.732245,150,online,"2026-09-08 00:53:31",1034,"{""station_id"": ""1034"", ""longitude"": ""113.816864"", ""latitude"": ""22.732245"", ""slow_count"": ""33"", ""fast_count"": ""0"", ""charge_count"": ""33"", ""TAZID"": ""588""}"
38,"深圳-1035","深圳市 · UrbanEV历史站点（详细地址未提供）",113.816868,22.659092,150,online,"2026-09-08 00:53:31",1035,"{""station_id"": ""1035"", ""longitude"": ""113.816868"", ""latitude"": ""22.659092"", ""slow_count"": ""36"", ""fast_count"": ""0"", ""charge_count"": ""36"", ""TAZID"": ""552""}"
39,"深圳-1036","深圳市 · UrbanEV历史站点（详细地址未提供）",113.816951,22.732771,150,online,"2026-09-08 00:53:31",1036,"{""station_id"": ""1036"", ""longitude"": ""113.816951"", ""latitude"": ""22.732771"", ""slow_count"": ""55"", ""fast_count"": ""0"", ""charge_count"": ""55"", ""TAZID"": ""588""}"
40,"深圳-1037","深圳市 · UrbanEV历史站点（详细地址未提供）",113.816951,22.732771,150,online,"2026-09-08 00:53:31",1037,"{""station_id"": ""1037"", ""longitude"": ""113.816951"", ""latitude"": ""22.732771"", ""slow_count"": ""55"", ""fast_count"": ""0"", ""charge_count"": ""55"", ""TAZID"": ""588""}"
41,"深圳-1038","深圳市 · UrbanEV历史站点（详细地址未提供）",113.816985,22.733921,150,online,"2026-09-08 00:53:31",1038,"{""station_id"": ""1038"", ""longitude"": ""113.816985"", ""latitude"": ""22.733921"", ""slow_count"": ""76"", ""fast_count"": ""4"", ""charge_count"": ""80"", ""TAZID"": ""587""}"
42,"深圳-1039","深圳市 · UrbanEV历史站点（详细地址未提供）",113.816985,22.733921,150,online,"2026-09-08 00:53:31",1039,"{""station_id"": ""1039"", ""longitude"": ""113.816985"", ""latitude"": ""22.733921"", ""slow_count"": ""75"", ""fast_count"": ""4"", ""charge_count"": ""79"", ""TAZID"": ""587""}"
43,"深圳-1040","深圳市 · UrbanEV历史站点（详细地址未提供）",113.817222,22.703489,150,online,"2026-09-08 00:53:31",1040,"{""station_id"": ""1040"", ""longitude"": ""113.817222"", ""latitude"": ""22.703489"", ""slow_count"": ""0"", ""fast_count"": ""10"", ""charge_count"": ""10"", ""TAZID"": ""592""}"
44,"深圳-1041","深圳市 · UrbanEV历史站点（详细地址未提供）",113.819553,22.747975,150,online,"2026-09-08 00:53:31",1041,"{""station_id"": ""1041"", ""longitude"": ""113.819553"", ""latitude"": ""22.747975"", ""slow_count"": ""12"", ""fast_count"": ""0"", ""charge_count"": ""12"", ""TAZID"": ""585""}"
45,"深圳-1042","深圳市 · UrbanEV历史站点（详细地址未提供）",113.819783,22.771169,150,online,"2026-09-08 00:53:31",1042,"{""station_id"": ""1042"", ""longitude"": ""113.819783"", ""latitude"": ""22.771169"", ""slow_count"": ""19"", ""fast_count"": ""0"", ""charge_count"": ""19"", ""TAZID"": ""576""}"
46,"深圳-1043","深圳市 · UrbanEV历史站点（详细地址未提供）",113.822971,22.768229,150,online,"2026-09-08 00:53:31",1043,"{""station_id"": ""1043"", ""longitude"": ""113.822971"", ""latitude"": ""22.768229"", ""slow_count"": ""15"", ""fast_count"": ""0"", ""charge_count"": ""15"", ""TAZID"": ""576""}"
47,"深圳-1044","深圳市 · UrbanEV历史站点（详细地址未提供）",113.823965,22.731323,150,online,"2026-09-08 00:53:31",1044,"{""station_id"": ""1044"", ""longitude"": ""113.823965"", ""latitude"": ""22.731323"", ""slow_count"": ""6"", ""fast_count"": ""0"", ""charge_count"": ""6"", ""TAZID"": ""584""}"
48,"深圳-1045","深圳市 · UrbanEV历史站点（详细地址未提供）",113.824374,22.647778,150,online,"2026-09-08 00:53:31",1045,"{""station_id"": ""1045"", ""longitude"": ""113.824374"", ""latitude"": ""22.647778"", ""slow_count"": ""0"", ""fast_count"": ""36"", ""charge_count"": ""36"", ""TAZID"": ""1029""}"
49,"深圳-1046","深圳市 · UrbanEV历史站点（详细地址未提供）",113.824877,22.763476,150,online,"2026-09-08 00:53:31",1046,"{""station_id"": ""1046"", ""longitude"": ""113.824877"", ""latitude"": ""22.763476"", ""slow_count"": ""0"", ""fast_count"": ""30"", ""charge_count"": ""30"", ""TAZID"": ""580""}"
50,"深圳-1047","深圳市 · UrbanEV历史站点（详细地址未提供）",113.82565,22.727942,150,online,"2026-09-08 00:53:31",1047,"{""station_id"": ""1047"", ""longitude"": ""113.82565"", ""latitude"": ""22.727942"", ""slow_count"": ""20"", ""fast_count"": ""0"", ""charge_count"": ""20"", ""TAZID"": ""589""}"
51,"深圳-1048","深圳市 · UrbanEV历史站点（详细地址未提供）",113.82565,22.727942,150,online,"2026-09-08 00:53:31",1048,"{""station_id"": ""1048"", ""longitude"": ""113.82565"", ""latitude"": ""22.727942"", ""slow_count"": ""20"", ""fast_count"": ""0"", ""charge_count"": ""20"", ""TAZID"": ""589""}"
52,"深圳-1049","深圳市 · UrbanEV历史站点（详细地址未提供）",113.825795,22.733191,150,online,"2026-09-08 00:53:31",1049,"{""station_id"": ""1049"", ""longitude"": ""113.825795"", ""latitude"": ""22.733191"", ""slow_count"": ""8"", ""fast_count"": ""0"", ""charge_count"": ""8"", ""TAZID"": ""584""}"
53,"深圳-1050","深圳市 · UrbanEV历史站点（详细地址未提供）",113.826349,22.716272,150,online,"2026-09-08 00:53:31",1050,"{""station_id"": ""1050"", ""longitude"": ""113.826349"", ""latitude"": ""22.716272"", ""slow_count"": ""5"", ""fast_count"": ""5"", ""charge_count"": ""10"", ""TAZID"": ""589""}"
54,"深圳-1051","深圳市 · UrbanEV历史站点（详细地址未提供）",113.827284,22.672488,150,online,"2026-09-08 00:53:31",1051,"{""station_id"": ""1051"", ""longitude"": ""113.827284"", ""latitude"": ""22.672488"", ""slow_count"": ""15"", ""fast_count"": ""0"", ""charge_count"": ""15"", ""TAZID"": ""1028""}"
55,"深圳-1052","深圳市 · UrbanEV历史站点（详细地址未提供）",113.8273,22.752012,150,online,"2026-09-08 00:53:31",1052,"{""station_id"": ""1052"", ""longitude"": ""113.8273"", ""latitude"": ""22.752012"", ""slow_count"": ""8"", ""fast_count"": ""0"", ""charge_count"": ""8"", ""TAZID"": ""580""}"
56,"深圳-1053","深圳市 · UrbanEV历史站点（详细地址未提供）",113.82838,22.728282,150,online,"2026-09-08 00:53:31",1053,"{""station_id"": ""1053"", ""longitude"": ""113.82838"", ""latitude"": ""22.728282"", ""slow_count"": ""0"", ""fast_count"": ""6"", ""charge_count"": ""6"", ""TAZID"": ""589""}"
57,"深圳-1054","深圳市 · UrbanEV历史站点（详细地址未提供）",113.82838,22.728282,150,online,"2026-09-08 00:53:31",1054,"{""station_id"": ""1054"", ""longitude"": ""113.82838"", ""latitude"": ""22.728282"", ""slow_count"": ""12"", ""fast_count"": ""0"", ""charge_count"": ""12"", ""TAZID"": ""589""}"
58,"深圳-1055","深圳市 · UrbanEV历史站点（详细地址未提供）",113.82838,22.728282,150,online,"2026-09-08 00:53:31",1055,"{""station_id"": ""1055"", ""longitude"": ""113.82838"", ""latitude"": ""22.728282"", ""slow_count"": ""11"", ""fast_count"": ""0"", ""charge_count"": ""11"", ""TAZID"": ""589""}"
59,"深圳-1056","深圳市 · UrbanEV历史站点（详细地址未提供）",113.828819,22.71482,150,online,"2026-09-08 00:53:31",1056,"{""station_id"": ""1056"", ""longitude"": ""113.828819"", ""latitude"": ""22.71482"", ""slow_count"": ""4"", ""fast_count"": ""0"", ""charge_count"": ""4"", ""TAZID"": ""589""}"
60,"深圳-1057","深圳市 · UrbanEV历史站点（详细地址未提供）",113.829524,22.771198,150,online,"2026-09-08 00:53:31",1057,"{""station_id"": ""1057"", ""longitude"": ""113.829524"", ""latitude"": ""22.771198"", ""slow_count"": ""0"", ""fast_count"": ""17"", ""charge_count"": ""17"", ""TAZID"": ""575""}"
61,"深圳-1058","深圳市 · UrbanEV历史站点（详细地址未提供）",113.829739,22.7304,150,online,"2026-09-08 00:53:31",1058,"{""station_id"": ""1058"", ""longitude"": ""113.829739"", ""latitude"": ""22.7304"", ""slow_count"": ""24"", ""fast_count"": ""0"", ""charge_count"": ""24"", ""TAZID"": ""584""}"
62,"深圳-1059","深圳市 · UrbanEV历史站点（详细地址未提供）",113.829771,22.722116,150,online,"2026-09-08 00:53:31",1059,"{""station_id"": ""1059"", ""longitude"": ""113.829771"", ""latitude"": ""22.722116"", ""slow_count"": ""22"", ""fast_count"": ""0"", ""charge_count"": ""22"", ""TAZID"": ""589""}"
63,"深圳-1060","深圳市 · UrbanEV历史站点（详细地址未提供）",113.829897,22.732951,150,online,"2026-09-08 00:53:31",1060,"{""station_id"": ""1060"", ""longitude"": ""113.829897"", ""latitude"": ""22.732951"", ""slow_count"": ""17"", ""fast_count"": ""0"", ""charge_count"": ""17"", ""TAZID"": ""584""}"
64,"深圳-1061","深圳市 · UrbanEV历史站点（详细地址未提供）",113.830914,22.720581,150,online,"2026-09-08 00:53:31",1061,"{""station_id"": ""1061"", ""longitude"": ""113.830914"", ""latitude"": ""22.720581"", ""slow_count"": ""5"", ""fast_count"": ""5"", ""charge_count"": ""10"", ""TAZID"": ""589""}"
65,"深圳-1062","深圳市 · UrbanEV历史站点（详细地址未提供）",113.832054,22.713874,150,online,"2026-09-08 00:53:31",1062,"{""station_id"": ""1062"", ""longitude"": ""113.832054"", ""latitude"": ""22.713874"", ""slow_count"": ""12"", ""fast_count"": ""0"", ""charge_count"": ""12"", ""TAZID"": ""582""}"
66,"深圳-1063","深圳市 · UrbanEV历史站点（详细地址未提供）",113.832858,22.724242,150,online,"2026-09-08 00:53:31",1063,"{""station_id"": ""1063"", ""longitude"": ""113.832858"", ""latitude"": ""22.724242"", ""slow_count"": ""1"", ""fast_count"": ""0"", ""charge_count"": ""1"", ""TAZID"": ""589""}"
67,"深圳-1064","深圳市 · UrbanEV历史站点（详细地址未提供）",113.833016,22.722722,150,online,"2026-09-08 00:53:31",1064,"{""station_id"": ""1064"", ""longitude"": ""113.833016"", ""latitude"": ""22.722722"", ""slow_count"": ""12"", ""fast_count"": ""0"", ""charge_count"": ""12"", ""TAZID"": ""589""}"
68,"深圳-1065","深圳市 · UrbanEV历史站点（详细地址未提供）",113.833452,22.727181,150,online,"2026-09-08 00:53:31",1065,"{""station_id"": ""1065"", ""longitude"": ""113.833452"", ""latitude"": ""22.727181"", ""slow_count"": ""4"", ""fast_count"": ""0"", ""charge_count"": ""4"", ""TAZID"": ""589""}"
69,"深圳-1066","深圳市 · UrbanEV历史站点（详细地址未提供）",113.833747,22.721038,150,online,"2026-09-08 00:53:31",1066,"{""station_id"": ""1066"", ""longitude"": ""113.833747"", ""latitude"": ""22.721038"", ""slow_count"": ""10"", ""fast_count"": ""0"", ""charge_count"": ""10"", ""TAZID"": ""589""}"
70,"深圳-1067","深圳市 · UrbanEV历史站点（详细地址未提供）",113.833747,22.721038,150,online,"2026-09-08 00:53:31",1067,"{""station_id"": ""1067"", ""longitude"": ""113.833747"", ""latitude"": ""22.721038"", ""slow_count"": ""10"", ""fast_count"": ""0"", ""charge_count"": ""10"", ""TAZID"": ""589""}"
71,"深圳-1068","深圳市 · UrbanEV历史站点（详细地址未提供）",113.83419,22.71301,150,online,"2026-09-08 00:53:31",1068,"{""station_id"": ""1068"", ""longitude"": ""113.83419"", ""latitude"": ""22.71301"", ""slow_count"": ""12"", ""fast_count"": ""0"", ""charge_count"": ""12"", ""TAZID"": ""582""}"
72,"深圳-1069","深圳市 · UrbanEV历史站点（详细地址未提供）",113.834711,22.641907,150,online,"2026-09-08 00:53:31",1069,"{""station_id"": ""1069"", ""longitude"": ""113.834711"", ""latitude"": ""22.641907"", ""slow_count"": ""82"", ""fast_count"": ""0"", ""charge_count"": ""82"", ""TAZID"": ""1031""}"
73,"深圳-1070","深圳市 · UrbanEV历史站点（详细地址未提供）",113.834711,22.641907,150,online,"2026-09-08 00:53:31",1070,"{""station_id"": ""1070"", ""longitude"": ""113.834711"", ""latitude"": ""22.641907"", ""slow_count"": ""82"", ""fast_count"": ""0"", ""charge_count"": ""82"", ""TAZID"": ""1031""}"
74,"深圳-1071","深圳市 · UrbanEV历史站点（详细地址未提供）",113.834988,22.634927,150,online,"2026-09-08 00:53:31",1071,"{""station_id"": ""1071"", ""longitude"": ""113.834988"", ""latitude"": ""22.634927"", ""slow_count"": ""18"", ""fast_count"": ""0"", ""charge_count"": ""18"", ""TAZID"": ""1031""}"
75,"深圳-1072","深圳市 · UrbanEV历史站点（详细地址未提供）",113.835707,22.600407,150,online,"2026-09-08 00:53:31",1072,"{""station_id"": ""1072"", ""longitude"": ""113.835707"", ""latitude"": ""22.600407"", ""slow_count"": ""14"", ""fast_count"": ""0"", ""charge_count"": ""14"", ""TAZID"": ""520""}"
76,"深圳-1073","深圳市 · UrbanEV历史站点（详细地址未提供）",113.837596,22.633479,150,online,"2026-09-08 00:53:31",1073,"{""station_id"": ""1073"", ""longitude"": ""113.837596"", ""latitude"": ""22.633479"", ""slow_count"": ""12"", ""fast_count"": ""0"", ""charge_count"": ""12"", ""TAZID"": ""1031""}"
77,"深圳-1074","深圳市 · UrbanEV历史站点（详细地址未提供）",113.837761,22.742158,150,online,"2026-09-08 00:53:31",1074,"{""station_id"": ""1074"", ""longitude"": ""113.837761"", ""latitude"": ""22.742158"", ""slow_count"": ""12"", ""fast_count"": ""0"", ""charge_count"": ""12"", ""TAZID"": ""580""}"
78,"深圳-1075","深圳市 · UrbanEV历史站点（详细地址未提供）",113.83804,22.625504,150,online,"2026-09-08 00:53:31",1075,"{""station_id"": ""1075"", ""longitude"": ""113.83804"", ""latitude"": ""22.625504"", ""slow_count"": ""4"", ""fast_count"": ""14"", ""charge_count"": ""18"", ""TAZID"": ""1031""}"
79,"深圳-1076","深圳市 · UrbanEV历史站点（详细地址未提供）",113.838491,22.605773,150,online,"2026-09-08 00:53:31",1076,"{""station_id"": ""1076"", ""longitude"": ""113.838491"", ""latitude"": ""22.605773"", ""slow_count"": ""98"", ""fast_count"": ""0"", ""charge_count"": ""98"", ""TAZID"": ""520""}"
80,"深圳-1077","深圳市 · UrbanEV历史站点（详细地址未提供）",113.838491,22.605773,150,online,"2026-09-08 00:53:31",1077,"{""station_id"": ""1077"", ""longitude"": ""113.838491"", ""latitude"": ""22.605773"", ""slow_count"": ""98"", ""fast_count"": ""0"", ""charge_count"": ""98"", ""TAZID"": ""520""}"
81,"深圳-1078","深圳市 · UrbanEV历史站点（详细地址未提供）",113.839593,22.671026,150,online,"2026-09-08 00:53:31",1078,"{""station_id"": ""1078"", ""longitude"": ""113.839593"", ""latitude"": ""22.671026"", ""slow_count"": ""0"", ""fast_count"": ""50"", ""charge_count"": ""50"", ""TAZID"": ""1032""}"
82,"深圳-1079","深圳市 · UrbanEV历史站点（详细地址未提供）",113.840037,22.637503,150,online,"2026-09-08 00:53:31",1079,"{""station_id"": ""1079"", ""longitude"": ""113.840037"", ""latitude"": ""22.637503"", ""slow_count"": ""15"", ""fast_count"": ""0"", ""charge_count"": ""15"", ""TAZID"": ""1031""}"
83,"深圳-1080","深圳市 · UrbanEV历史站点（详细地址未提供）",113.840979,22.63656,150,online,"2026-09-08 00:53:31",1080,"{""station_id"": ""1080"", ""longitude"": ""113.840979"", ""latitude"": ""22.63656"", ""slow_count"": ""12"", ""fast_count"": ""0"", ""charge_count"": ""12"", ""TAZID"": ""1031""}"
84,"深圳-1081","深圳市 · UrbanEV历史站点（详细地址未提供）",113.841113,22.637101,150,online,"2026-09-08 00:53:31",1081,"{""station_id"": ""1081"", ""longitude"": ""113.841113"", ""latitude"": ""22.637101"", ""slow_count"": ""6"", ""fast_count"": ""0"", ""charge_count"": ""6"", ""TAZID"": ""1031""}"
85,"深圳-1082","深圳市 · UrbanEV历史站点（详细地址未提供）",113.841307,22.606709,150,online,"2026-09-08 00:53:31",1082,"{""station_id"": ""1082"", ""longitude"": ""113.841307"", ""latitude"": ""22.606709"", ""slow_count"": ""11"", ""fast_count"": ""0"", ""charge_count"": ""11"", ""TAZID"": ""522""}"
86,"深圳-1083","深圳市 · UrbanEV历史站点（详细地址未提供）",113.841307,22.606709,150,online,"2026-09-08 00:53:31",1083,"{""station_id"": ""1083"", ""longitude"": ""113.841307"", ""latitude"": ""22.606709"", ""slow_count"": ""11"", ""fast_count"": ""0"", ""charge_count"": ""11"", ""TAZID"": ""522""}"
87,"深圳-1084","深圳市 · UrbanEV历史站点（详细地址未提供）",113.841443,22.636479,150,online,"2026-09-08 00:53:31",1084,"{""station_id"": ""1084"", ""longitude"": ""113.841443"", ""latitude"": ""22.636479"", ""slow_count"": ""3"", ""fast_count"": ""0"", ""charge_count"": ""3"", ""TAZID"": ""1031""}"
88,"深圳-1085","深圳市 · UrbanEV历史站点（详细地址未提供）",113.841816,22.606214,150,online,"2026-09-08 00:53:31",1085,"{""station_id"": ""1085"", ""longitude"": ""113.841816"", ""latitude"": ""22.606214"", ""slow_count"": ""6"", ""fast_count"": ""0"", ""charge_count"": ""6"", ""TAZID"": ""522""}"
89,"深圳-1086","深圳市 · UrbanEV历史站点（详细地址未提供）",113.842376,22.637693,150,online,"2026-09-08 00:53:31",1086,"{""station_id"": ""1086"", ""longitude"": ""113.842376"", ""latitude"": ""22.637693"", ""slow_count"": ""18"", ""fast_count"": ""0"", ""charge_count"": ""18"", ""TAZID"": ""1031""}"
90,"深圳-1087","深圳市 · UrbanEV历史站点（详细地址未提供）",113.842774,22.7206,150,online,"2026-09-08 00:53:31",1087,"{""station_id"": ""1087"", ""longitude"": ""113.842774"", ""latitude"": ""22.7206"", ""slow_count"": ""0"", ""fast_count"": ""6"", ""charge_count"": ""6"", ""TAZID"": ""582""}"
91,"深圳-1088","深圳市 · UrbanEV历史站点（详细地址未提供）",113.84363,22.726903,150,online,"2026-09-08 00:53:31",1088,"{""station_id"": ""1088"", ""longitude"": ""113.84363"", ""latitude"": ""22.726903"", ""slow_count"": ""8"", ""fast_count"": ""0"", ""charge_count"": ""8"", ""TAZID"": ""582""}"
92,"深圳-1089","深圳市 · UrbanEV历史站点（详细地址未提供）",113.843983,22.595693,150,online,"2026-09-08 00:53:31",1089,"{""station_id"": ""1089"", ""longitude"": ""113.843983"", ""latitude"": ""22.595693"", ""slow_count"": ""12"", ""fast_count"": ""0"", ""charge_count"": ""12"", ""TAZID"": ""520""}"
93,"深圳-1090","深圳市 · UrbanEV历史站点（详细地址未提供）",113.846998,22.602568,150,online,"2026-09-08 00:53:31",1090,"{""station_id"": ""1090"", ""longitude"": ""113.846998"", ""latitude"": ""22.602568"", ""slow_count"": ""9"", ""fast_count"": ""0"", ""charge_count"": ""9"", ""TAZID"": ""522""}"
94,"深圳-1091","深圳市 · UrbanEV历史站点（详细地址未提供）",113.846998,22.602568,150,online,"2026-09-08 00:53:31",1091,"{""station_id"": ""1091"", ""longitude"": ""113.846998"", ""latitude"": ""22.602568"", ""slow_count"": ""9"", ""fast_count"": ""0"", ""charge_count"": ""9"", ""TAZID"": ""522""}"
95,"深圳-1092","深圳市 · UrbanEV历史站点（详细地址未提供）",113.847282,22.609198,150,online,"2026-09-08 00:53:31",1092,"{""station_id"": ""1092"", ""longitude"": ""113.847282"", ""latitude"": ""22.609198"", ""slow_count"": ""0"", ""fast_count"": ""6"", ""charge_count"": ""6"", ""TAZID"": ""522""}"
96,"深圳-1093","深圳市 · UrbanEV历史站点（详细地址未提供）",113.847831,22.602124,150,online,"2026-09-08 00:53:31",1093,"{""station_id"": ""1093"", ""longitude"": ""113.847831"", ""latitude"": ""22.602124"", ""slow_count"": ""0"", ""fast_count"": ""6"", ""charge_count"": ""6"", ""TAZID"": ""519""}"
97,"深圳-1094","深圳市 · UrbanEV历史站点（详细地址未提供）",113.847831,22.602124,150,online,"2026-09-08 00:53:31",1094,"{""station_id"": ""1094"", ""longitude"": ""113.847831"", ""latitude"": ""22.602124"", ""slow_count"": ""0"", ""fast_count"": ""6"", ""charge_count"": ""6"", ""TAZID"": ""519""}"
98,"深圳-1095","深圳市 · UrbanEV历史站点（详细地址未提供）",113.848038,22.572502,150,online,"2026-09-08 00:53:31",1095,"{""station_id"": ""1095"", ""longitude"": ""113.848038"", ""latitude"": ""22.572502"", ""slow_count"": ""12"", ""fast_count"": ""0"", ""charge_count"": ""12"", ""TAZID"": ""527""}"
99,"深圳-1096","深圳市 · UrbanEV历史站点（详细地址未提供）",113.848326,22.572635,150,online,"2026-09-08 00:53:31",1096,"{""station_id"": ""1096"", ""longitude"": ""113.848326"", ""latitude"": ""22.572635"", ""slow_count"": ""42"", ""fast_count"": ""0"", ""charge_count"": ""42"", ""TAZID"": ""527""}"
100,"深圳-1097","深圳市 · UrbanEV历史站点（详细地址未提供）",113.84901,22.781845,150,online,"2026-09-08 00:53:31",1097,"{""station_id"": ""1097"", ""longitude"": ""113.84901"", ""latitude"": ""22.781845"", ""slow_count"": ""24"", ""fast_count"": ""0"", ""charge_count"": ""24"", ""TAZID"": ""577""}"
101,"深圳-1098","深圳市 · UrbanEV历史站点（详细地址未提供）",113.84918,22.57424,150,online,"2026-09-08 00:53:31",1098,"{""station_id"": ""1098"", ""longitude"": ""113.84918"", ""latitude"": ""22.57424"", ""slow_count"": ""38"", ""fast_count"": ""0"", ""charge_count"": ""38"", ""TAZID"": ""527""}"
102,"深圳-1099","深圳市 · UrbanEV历史站点（详细地址未提供）",113.84918,22.57424,150,online,"2026-09-08 00:53:31",1099,"{""station_id"": ""1099"", ""longitude"": ""113.84918"", ""latitude"": ""22.57424"", ""slow_count"": ""38"", ""fast_count"": ""0"", ""charge_count"": ""38"", ""TAZID"": ""527""}"
103,"深圳-1100","深圳市 · UrbanEV历史站点（详细地址未提供）",113.849604,22.572622,150,online,"2026-09-08 00:53:31",1100,"{""station_id"": ""1100"", ""longitude"": ""113.849604"", ""latitude"": ""22.572622"", ""slow_count"": ""24"", ""fast_count"": ""0"", ""charge_count"": ""24"", ""TAZID"": ""527""}"
104,"深圳-1101","深圳市 · UrbanEV历史站点（详细地址未提供）",113.850125,22.564051,150,online,"2026-09-08 00:53:31",1101,"{""station_id"": ""1101"", ""longitude"": ""113.850125"", ""latitude"": ""22.564051"", ""slow_count"": ""1"", ""fast_count"": ""0"", ""charge_count"": ""1"", ""TAZID"": ""503""}"
105,"深圳-1102","深圳市 · UrbanEV历史站点（详细地址未提供）",113.850167,22.593366,150,online,"2026-09-08 00:53:31",1102,"{""station_id"": ""1102"", ""longitude"": ""113.850167"", ""latitude"": ""22.593366"", ""slow_count"": ""12"", ""fast_count"": ""0"", ""charge_count"": ""12"", ""TAZID"": ""519""}"
106,"深圳-1103","深圳市 · UrbanEV历史站点（详细地址未提供）",113.85186,22.605827,150,online,"2026-09-08 00:53:31",1103,"{""station_id"": ""1103"", ""longitude"": ""113.85186"", ""latitude"": ""22.605827"", ""slow_count"": ""3"", ""fast_count"": ""0"", ""charge_count"": ""3"", ""TAZID"": ""519""}"
107,"深圳-1104","深圳市 · UrbanEV历史站点（详细地址未提供）",113.852514,22.603132,150,online,"2026-09-08 00:53:31",1104,"{""station_id"": ""1104"", ""longitude"": ""113.852514"", ""latitude"": ""22.603132"", ""slow_count"": ""6"", ""fast_count"": ""0"", ""charge_count"": ""6"", ""TAZID"": ""519""}"
108,"深圳-1105","深圳市 · UrbanEV历史站点（详细地址未提供）",113.853058,22.766131,150,online,"2026-09-08 00:53:31",1105,"{""station_id"": ""1105"", ""longitude"": ""113.853058"", ""latitude"": ""22.766131"", ""slow_count"": ""12"", ""fast_count"": ""0"", ""charge_count"": ""12"", ""TAZID"": ""578""}"
109,"深圳-1106","深圳市 · UrbanEV历史站点（详细地址未提供）",113.853433,22.71356,150,online,"2026-09-08 00:53:31",1106,"{""station_id"": ""1106"", ""longitude"": ""113.853433"", ""latitude"": ""22.71356"", ""slow_count"": ""0"", ""fast_count"": ""50"", ""charge_count"": ""50"", ""TAZID"": ""601""}"
110,"深圳-1107","深圳市 · UrbanEV历史站点（详细地址未提供）",113.854665,22.611685,150,online,"2026-09-08 00:53:31",1107,"{""station_id"": ""1107"", ""longitude"": ""113.854665"", ""latitude"": ""22.611685"", ""slow_count"": ""13"", ""fast_count"": ""0"", ""charge_count"": ""13"", ""TAZID"": ""522""}"
111,"深圳-1108","深圳市 · UrbanEV历史站点（详细地址未提供）",113.854733,22.562281,150,online,"2026-09-08 00:53:31",1108,"{""station_id"": ""1108"", ""longitude"": ""113.854733"", ""latitude"": ""22.562281"", ""slow_count"": ""2"", ""fast_count"": ""2"", ""charge_count"": ""4"", ""TAZID"": ""503""}"
112,"深圳-1109","深圳市 · UrbanEV历史站点（详细地址未提供）",113.855179,22.611119,150,online,"2026-09-08 00:53:31",1109,"{""station_id"": ""1109"", ""longitude"": ""113.855179"", ""latitude"": ""22.611119"", ""slow_count"": ""13"", ""fast_count"": ""0"", ""charge_count"": ""13"", ""TAZID"": ""522""}"
113,"深圳-1110","深圳市 · UrbanEV历史站点（详细地址未提供）",113.855278,22.566642,150,online,"2026-09-08 00:53:31",1110,"{""station_id"": ""1110"", ""longitude"": ""113.855278"", ""latitude"": ""22.566642"", ""slow_count"": ""30"", ""fast_count"": ""0"", ""charge_count"": ""30"", ""TAZID"": ""526""}"
114,"深圳-1111","深圳市 · UrbanEV历史站点（详细地址未提供）",113.855288,22.607174,150,online,"2026-09-08 00:53:31",1111,"{""station_id"": ""1111"", ""longitude"": ""113.855288"", ""latitude"": ""22.607174"", ""slow_count"": ""16"", ""fast_count"": ""0"", ""charge_count"": ""16"", ""TAZID"": ""519""}"
115,"深圳-1112","深圳市 · UrbanEV历史站点（详细地址未提供）",113.855303,22.611936,150,online,"2026-09-08 00:53:31",1112,"{""station_id"": ""1112"", ""longitude"": ""113.855303"", ""latitude"": ""22.611936"", ""slow_count"": ""13"", ""fast_count"": ""0"", ""charge_count"": ""13"", ""TAZID"": ""513""}"
116,"深圳-1113","深圳市 · UrbanEV历史站点（详细地址未提供）",113.855363,22.601238,150,online,"2026-09-08 00:53:31",1113,"{""station_id"": ""1113"", ""longitude"": ""113.855363"", ""latitude"": ""22.601238"", ""slow_count"": ""6"", ""fast_count"": ""0"", ""charge_count"": ""6"", ""TAZID"": ""519""}"
117,"深圳-1114","深圳市 · UrbanEV历史站点（详细地址未提供）",113.855363,22.601238,150,online,"2026-09-08 00:53:31",1114,"{""station_id"": ""1114"", ""longitude"": ""113.855363"", ""latitude"": ""22.601238"", ""slow_count"": ""6"", ""fast_count"": ""0"", ""charge_count"": ""6"", ""TAZID"": ""519""}"
118,"深圳-1115","深圳市 · UrbanEV历史站点（详细地址未提供）",113.855391,22.57092,150,online,"2026-09-08 00:53:31",1115,"{""station_id"": ""1115"", ""longitude"": ""113.855391"", ""latitude"": ""22.57092"", ""slow_count"": ""26"", ""fast_count"": ""0"", ""charge_count"": ""26"", ""TAZID"": ""526""}"
119,"深圳-1116","深圳市 · UrbanEV历史站点（详细地址未提供）",113.855772,22.609421,150,online,"2026-09-08 00:53:31",1116,"{""station_id"": ""1116"", ""longitude"": ""113.855772"", ""latitude"": ""22.609421"", ""slow_count"": ""34"", ""fast_count"": ""0"", ""charge_count"": ""34"", ""TAZID"": ""522""}"
120,"深圳-1117","深圳市 · UrbanEV历史站点（详细地址未提供）",113.855971,22.611978,150,online,"2026-09-08 00:53:31",1117,"{""station_id"": ""1117"", ""longitude"": ""113.855971"", ""latitude"": ""22.611978"", ""slow_count"": ""13"", ""fast_count"": ""0"", ""charge_count"": ""13"", ""TAZID"": ""513""}"
121,"深圳-1118","深圳市 · UrbanEV历史站点（详细地址未提供）",113.856007,22.612175,150,online,"2026-09-08 00:53:31",1118,"{""station_id"": ""1118"", ""longitude"": ""113.856007"", ""latitude"": ""22.612175"", ""slow_count"": ""13"", ""fast_count"": ""0"", ""charge_count"": ""13"", ""TAZID"": ""513""}"
122,"深圳-1119","深圳市 · UrbanEV历史站点（详细地址未提供）",113.856092,22.612233,150,online,"2026-09-08 00:53:31",1119,"{""station_id"": ""1119"", ""longitude"": ""113.856092"", ""latitude"": ""22.612233"", ""slow_count"": ""12"", ""fast_count"": ""0"", ""charge_count"": ""12"", ""TAZID"": ""513""}"
123,"深圳-1120","深圳市 · UrbanEV历史站点（详细地址未提供）",113.856308,22.730137,150,online,"2026-09-08 00:53:31",1120,"{""station_id"": ""1120"", ""longitude"": ""113.856308"", ""latitude"": ""22.730137"", ""slow_count"": ""12"", ""fast_count"": ""0"", ""charge_count"": ""12"", ""TAZID"": ""601""}"
124,"深圳-1121","深圳市 · UrbanEV历史站点（详细地址未提供）",113.856741,22.56679,150,online,"2026-09-08 00:53:31",1121,"{""station_id"": ""1121"", ""longitude"": ""113.856741"", ""latitude"": ""22.56679"", ""slow_count"": ""75"", ""fast_count"": ""0"", ""charge_count"": ""75"", ""TAZID"": ""526""}"
125,"深圳-1122","深圳市 · UrbanEV历史站点（详细地址未提供）",113.857057,22.61084,150,online,"2026-09-08 00:53:31",1122,"{""station_id"": ""1122"", ""longitude"": ""113.857057"", ""latitude"": ""22.61084"", ""slow_count"": ""16"", ""fast_count"": ""0"", ""charge_count"": ""16"", ""TAZID"": ""513""}"
126,"深圳-1123","深圳市 · UrbanEV历史站点（详细地址未提供）",113.85752,22.567721,150,online,"2026-09-08 00:53:31",1123,"{""station_id"": ""1123"", ""longitude"": ""113.85752"", ""latitude"": ""22.567721"", ""slow_count"": ""3"", ""fast_count"": ""0"", ""charge_count"": ""3"", ""TAZID"": ""526""}"
127,"深圳-1124","深圳市 · UrbanEV历史站点（详细地址未提供）",113.857879,22.568642,150,online,"2026-09-08 00:53:31",1124,"{""station_id"": ""1124"", ""longitude"": ""113.857879"", ""latitude"": ""22.568642"", ""slow_count"": ""6"", ""fast_count"": ""0"", ""charge_count"": ""6"", ""TAZID"": ""526""}"
128,"深圳-1125","深圳市 · UrbanEV历史站点（详细地址未提供）",113.857964,22.772703,150,online,"2026-09-08 00:53:31",1125,"{""station_id"": ""1125"", ""longitude"": ""113.857964"", ""latitude"": ""22.772703"", ""slow_count"": ""9"", ""fast_count"": ""0"", ""charge_count"": ""9"", ""TAZID"": ""570""}"
129,"深圳-1126","深圳市 · UrbanEV历史站点（详细地址未提供）",113.858087,22.586088,150,online,"2026-09-08 00:53:31",1126,"{""station_id"": ""1126"", ""longitude"": ""113.858087"", ""latitude"": ""22.586088"", ""slow_count"": ""35"", ""fast_count"": ""6"", ""charge_count"": ""41"", ""TAZID"": ""519""}"
130,"深圳-1127","深圳市 · UrbanEV历史站点（详细地址未提供）",113.858206,22.575802,150,online,"2026-09-08 00:53:31",1127,"{""station_id"": ""1127"", ""longitude"": ""113.858206"", ""latitude"": ""22.575802"", ""slow_count"": ""30"", ""fast_count"": ""0"", ""charge_count"": ""30"", ""TAZID"": ""527""}"
131,"深圳-1128","深圳市 · UrbanEV历史站点（详细地址未提供）",113.85828,22.773103,150,online,"2026-09-08 00:53:31",1128,"{""station_id"": ""1128"", ""longitude"": ""113.85828"", ""latitude"": ""22.773103"", ""slow_count"": ""12"", ""fast_count"": ""0"", ""charge_count"": ""12"", ""TAZID"": ""570""}"
132,"深圳-1129","深圳市 · UrbanEV历史站点（详细地址未提供）",113.85835,22.585807,150,online,"2026-09-08 00:53:31",1129,"{""station_id"": ""1129"", ""longitude"": ""113.85835"", ""latitude"": ""22.585807"", ""slow_count"": ""13"", ""fast_count"": ""0"", ""charge_count"": ""13"", ""TAZID"": ""519""}"
133,"深圳-1130","深圳市 · UrbanEV历史站点（详细地址未提供）",113.858483,22.613352,150,online,"2026-09-08 00:53:31",1130,"{""station_id"": ""1130"", ""longitude"": ""113.858483"", ""latitude"": ""22.613352"", ""slow_count"": ""6"", ""fast_count"": ""0"", ""charge_count"": ""6"", ""TAZID"": ""513""}"
134,"深圳-1131","深圳市 · UrbanEV历史站点（详细地址未提供）",113.858895,22.582831,150,online,"2026-09-08 00:53:31",1131,"{""station_id"": ""1131"", ""longitude"": ""113.858895"", ""latitude"": ""22.582831"", ""slow_count"": ""36"", ""fast_count"": ""0"", ""charge_count"": ""36"", ""TAZID"": ""527""}"
135,"深圳-1132","深圳市 · UrbanEV历史站点（详细地址未提供）",113.858895,22.582831,150,online,"2026-09-08 00:53:31",1132,"{""station_id"": ""1132"", ""longitude"": ""113.858895"", ""latitude"": ""22.582831"", ""slow_count"": ""36"", ""fast_count"": ""0"", ""charge_count"": ""36"", ""TAZID"": ""527""}"
136,"深圳-1133","深圳市 · UrbanEV历史站点（详细地址未提供）",113.859011,22.765804,150,online,"2026-09-08 00:53:31",1133,"{""station_id"": ""1133"", ""longitude"": ""113.859011"", ""latitude"": ""22.765804"", ""slow_count"": ""0"", ""fast_count"": ""12"", ""charge_count"": ""12"", ""TAZID"": ""573""}"
137,"深圳-1134","深圳市 · UrbanEV历史站点（详细地址未提供）",113.859057,22.615196,150,online,"2026-09-08 00:53:31",1134,"{""station_id"": ""1134"", ""longitude"": ""113.859057"", ""latitude"": ""22.615196"", ""slow_count"": ""24"", ""fast_count"": ""0"", ""charge_count"": ""24"", ""TAZID"": ""529""}"
138,"深圳-1135","深圳市 · UrbanEV历史站点（详细地址未提供）",113.859428,22.612197,150,online,"2026-09-08 00:53:31",1135,"{""station_id"": ""1135"", ""longitude"": ""113.859428"", ""latitude"": ""22.612197"", ""slow_count"": ""11"", ""fast_count"": ""0"", ""charge_count"": ""11"", ""TAZID"": ""513""}"
139,"深圳-1136","深圳市 · UrbanEV历史站点（详细地址未提供）",113.859444,22.570953,150,online,"2026-09-08 00:53:31",1136,"{""station_id"": ""1136"", ""longitude"": ""113.859444"", ""latitude"": ""22.570953"", ""slow_count"": ""18"", ""fast_count"": ""0"", ""charge_count"": ""18"", ""TAZID"": ""526""}"
140,"深圳-1137","深圳市 · UrbanEV历史站点（详细地址未提供）",113.859834,22.576519,150,online,"2026-09-08 00:53:31",1137,"{""station_id"": ""1137"", ""longitude"": ""113.859834"", ""latitude"": ""22.576519"", ""slow_count"": ""12"", ""fast_count"": ""0"", ""charge_count"": ""12"", ""TAZID"": ""526""}"
141,"深圳-1138","深圳市 · UrbanEV历史站点（详细地址未提供）",113.860658,22.601418,150,online,"2026-09-08 00:53:31",1138,"{""station_id"": ""1138"", ""longitude"": ""113.860658"", ""latitude"": ""22.601418"", ""slow_count"": ""26"", ""fast_count"": ""0"", ""charge_count"": ""26"", ""TAZID"": ""519""}"
142,"深圳-1139","深圳市 · UrbanEV历史站点（详细地址未提供）",113.860693,22.575073,150,online,"2026-09-08 00:53:31",1139,"{""station_id"": ""1139"", ""longitude"": ""113.860693"", ""latitude"": ""22.575073"", ""slow_count"": ""6"", ""fast_count"": ""0"", ""charge_count"": ""6"", ""TAZID"": ""526""}"
143,"深圳-1140","深圳市 · UrbanEV历史站点（详细地址未提供）",113.861156,22.612196,150,online,"2026-09-08 00:53:31",1140,"{""station_id"": ""1140"", ""longitude"": ""113.861156"", ""latitude"": ""22.612196"", ""slow_count"": ""12"", ""fast_count"": ""0"", ""charge_count"": ""12"", ""TAZID"": ""513""}"
144,"深圳-1141","深圳市 · UrbanEV历史站点（详细地址未提供）",113.861193,22.615941,150,online,"2026-09-08 00:53:31",1141,"{""station_id"": ""1141"", ""longitude"": ""113.861193"", ""latitude"": ""22.615941"", ""slow_count"": ""12"", ""fast_count"": ""0"", ""charge_count"": ""12"", ""TAZID"": ""529""}"
145,"深圳-1142","深圳市 · UrbanEV历史站点（详细地址未提供）",113.861715,22.584554,150,online,"2026-09-08 00:53:31",1142,"{""station_id"": ""1142"", ""longitude"": ""113.861715"", ""latitude"": ""22.584554"", ""slow_count"": ""12"", ""fast_count"": ""0"", ""charge_count"": ""12"", ""TAZID"": ""519""}"
146,"深圳-1143","深圳市 · UrbanEV历史站点（详细地址未提供）",113.862252,22.615362,150,online,"2026-09-08 00:53:31",1143,"{""station_id"": ""1143"", ""longitude"": ""113.862252"", ""latitude"": ""22.615362"", ""slow_count"": ""12"", ""fast_count"": ""0"", ""charge_count"": ""12"", ""TAZID"": ""529""}"
147,"深圳-1144","深圳市 · UrbanEV历史站点（详细地址未提供）",113.86248,22.572367,150,online,"2026-09-08 00:53:31",1144,"{""station_id"": ""1144"", ""longitude"": ""113.86248"", ""latitude"": ""22.572367"", ""slow_count"": ""13"", ""fast_count"": ""0"", ""charge_count"": ""13"", ""TAZID"": ""526""}"
148,"深圳-1145","深圳市 · UrbanEV历史站点（详细地址未提供）",113.862667,22.583094,150,online,"2026-09-08 00:53:31",1145,"{""station_id"": ""1145"", ""longitude"": ""113.862667"", ""latitude"": ""22.583094"", ""slow_count"": ""0"", ""fast_count"": ""45"", ""charge_count"": ""45"", ""TAZID"": ""519""}"
149,"深圳-1146","深圳市 · UrbanEV历史站点（详细地址未提供）",113.862667,22.583094,150,online,"2026-09-08 00:53:31",1146,"{""station_id"": ""1146"", ""longitude"": ""113.862667"", ""latitude"": ""22.583094"", ""slow_count"": ""0"", ""fast_count"": ""8"", ""charge_count"": ""8"", ""TAZID"": ""519""}"
150,"深圳-1147","深圳市 · UrbanEV历史站点（详细地址未提供）",113.863014,22.62068,150,online,"2026-09-08 00:53:31",1147,"{""station_id"": ""1147"", ""longitude"": ""113.863014"", ""latitude"": ""22.62068"", ""slow_count"": ""12"", ""fast_count"": ""0"", ""charge_count"": ""12"", ""TAZID"": ""513""}"
151,"深圳-1148","深圳市 · UrbanEV历史站点（详细地址未提供）",113.863634,22.585192,150,online,"2026-09-08 00:53:31",1148,"{""station_id"": ""1148"", ""longitude"": ""113.863634"", ""latitude"": ""22.585192"", ""slow_count"": ""0"", ""fast_count"": ""15"", ""charge_count"": ""15"", ""TAZID"": ""519""}"
152,"深圳-1149","深圳市 · UrbanEV历史站点（详细地址未提供）",113.863746,22.583958,150,online,"2026-09-08 00:53:31",1149,"{""station_id"": ""1149"", ""longitude"": ""113.863746"", ""latitude"": ""22.583958"", ""slow_count"": ""23"", ""fast_count"": ""0"", ""charge_count"": ""23"", ""TAZID"": ""519""}"
153,"深圳-1150","深圳市 · UrbanEV历史站点（详细地址未提供）",113.863746,22.583958,150,online,"2026-09-08 00:53:31",1150,"{""station_id"": ""1150"", ""longitude"": ""113.863746"", ""latitude"": ""22.583958"", ""slow_count"": ""23"", ""fast_count"": ""0"", ""charge_count"": ""23"", ""TAZID"": ""519""}"
154,"深圳-1151","深圳市 · UrbanEV历史站点（详细地址未提供）",113.863889,22.750932,150,online,"2026-09-08 00:53:31",1151,"{""station_id"": ""1151"", ""longitude"": ""113.863889"", ""latitude"": ""22.750932"", ""slow_count"": ""12"", ""fast_count"": ""0"", ""charge_count"": ""12"", ""TAZID"": ""583""}"
155,"深圳-1152","深圳市 · UrbanEV历史站点（详细地址未提供）",113.864019,22.615153,150,online,"2026-09-08 00:53:31",1152,"{""station_id"": ""1152"", ""longitude"": ""113.864019"", ""latitude"": ""22.615153"", ""slow_count"": ""12"", ""fast_count"": ""0"", ""charge_count"": ""12"", ""TAZID"": ""513""}"
156,"深圳-1153","深圳市 · UrbanEV历史站点（详细地址未提供）",113.864087,22.613655,150,online,"2026-09-08 00:53:31",1153,"{""station_id"": ""1153"", ""longitude"": ""113.864087"", ""latitude"": ""22.613655"", ""slow_count"": ""12"", ""fast_count"": ""0"", ""charge_count"": ""12"", ""TAZID"": ""513""}"
157,"深圳-1154","深圳市 · UrbanEV历史站点（详细地址未提供）",113.864171,22.575448,150,online,"2026-09-08 00:53:31",1154,"{""station_id"": ""1154"", ""longitude"": ""113.864171"", ""latitude"": ""22.575448"", ""slow_count"": ""14"", ""fast_count"": ""0"", ""charge_count"": ""14"", ""TAZID"": ""526""}"
158,"深圳-1155","深圳市 · UrbanEV历史站点（详细地址未提供）",113.864174,22.625239,150,online,"2026-09-08 00:53:31",1155,"{""station_id"": ""1155"", ""longitude"": ""113.864174"", ""latitude"": ""22.625239"", ""slow_count"": ""64"", ""fast_count"": ""7"", ""charge_count"": ""71"", ""TAZID"": ""516""}"
159,"深圳-1156","深圳市 · UrbanEV历史站点（详细地址未提供）",113.864174,22.625239,150,online,"2026-09-08 00:53:31",1156,"{""station_id"": ""1156"", ""longitude"": ""113.864174"", ""latitude"": ""22.625239"", ""slow_count"": ""64"", ""fast_count"": ""7"", ""charge_count"": ""71"", ""TAZID"": ""516""}"
160,"深圳-1157","深圳市 · UrbanEV历史站点（详细地址未提供）",113.86469,22.781156,150,online,"2026-09-08 00:53:31",1157,"{""station_id"": ""1157"", ""longitude"": ""113.86469"", ""latitude"": ""22.781156"", ""slow_count"": ""0"", ""fast_count"": ""20"", ""charge_count"": ""20"", ""TAZID"": ""627""}"
161,"深圳-1158","深圳市 · UrbanEV历史站点（详细地址未提供）",113.86469,22.781156,150,online,"2026-09-08 00:53:31",1158,"{""station_id"": ""1158"", ""longitude"": ""113.86469"", ""latitude"": ""22.781156"", ""slow_count"": ""0"", ""fast_count"": ""20"", ""charge_count"": ""20"", ""TAZID"": ""627""}"
162,"深圳-1159","深圳市 · UrbanEV历史站点（详细地址未提供）",113.86469,22.781156,150,online,"2026-09-08 00:53:31",1159,"{""station_id"": ""1159"", ""longitude"": ""113.86469"", ""latitude"": ""22.781156"", ""slow_count"": ""0"", ""fast_count"": ""20"", ""charge_count"": ""20"", ""TAZID"": ""627""}"
163,"深圳-1160","深圳市 · UrbanEV历史站点（详细地址未提供）",113.864792,22.572926,150,online,"2026-09-08 00:53:31",1160,"{""station_id"": ""1160"", ""longitude"": ""113.864792"", ""latitude"": ""22.572926"", ""slow_count"": ""3"", ""fast_count"": ""0"", ""charge_count"": ""3"", ""TAZID"": ""526""}"
164,"深圳-1161","深圳市 · UrbanEV历史站点（详细地址未提供）",113.864927,22.613987,150,online,"2026-09-08 00:53:31",1161,"{""station_id"": ""1161"", ""longitude"": ""113.864927"", ""latitude"": ""22.613987"", ""slow_count"": ""6"", ""fast_count"": ""0"", ""charge_count"": ""6"", ""TAZID"": ""513""}"
165,"深圳-1162","深圳市 · UrbanEV历史站点（详细地址未提供）",113.865948,22.645428,150,online,"2026-09-08 00:53:31",1162,"{""station_id"": ""1162"", ""longitude"": ""113.865948"", ""latitude"": ""22.645428"", ""slow_count"": ""0"", ""fast_count"": ""36"", ""charge_count"": ""36"", ""TAZID"": ""1032""}"
166,"深圳-1163","深圳市 · UrbanEV历史站点（详细地址未提供）",113.866441,22.567589,150,online,"2026-09-08 00:53:31",1163,"{""station_id"": ""1163"", ""longitude"": ""113.866441"", ""latitude"": ""22.567589"", ""slow_count"": ""41"", ""fast_count"": ""0"", ""charge_count"": ""41"", ""TAZID"": ""526""}"
167,"深圳-1164","深圳市 · UrbanEV历史站点（详细地址未提供）",113.866689,22.618444,150,online,"2026-09-08 00:53:31",1164,"{""station_id"": ""1164"", ""longitude"": ""113.866689"", ""latitude"": ""22.618444"", ""slow_count"": ""30"", ""fast_count"": ""0"", ""charge_count"": ""30"", ""TAZID"": ""513""}"
168,"深圳-1165","深圳市 · UrbanEV历史站点（详细地址未提供）",113.866916,22.617125,150,online,"2026-09-08 00:53:31",1165,"{""station_id"": ""1165"", ""longitude"": ""113.866916"", ""latitude"": ""22.617125"", ""slow_count"": ""18"", ""fast_count"": ""0"", ""charge_count"": ""18"", ""TAZID"": ""513""}"
169,"深圳-1166","深圳市 · UrbanEV历史站点（详细地址未提供）",113.867031,22.565063,150,online,"2026-09-08 00:53:31",1166,"{""station_id"": ""1166"", ""longitude"": ""113.867031"", ""latitude"": ""22.565063"", ""slow_count"": ""12"", ""fast_count"": ""0"", ""charge_count"": ""12"", ""TAZID"": ""526""}"
170,"深圳-1167","深圳市 · UrbanEV历史站点（详细地址未提供）",113.867368,22.558873,150,online,"2026-09-08 00:53:31",1167,"{""station_id"": ""1167"", ""longitude"": ""113.867368"", ""latitude"": ""22.558873"", ""slow_count"": ""34"", ""fast_count"": ""0"", ""charge_count"": ""34"", ""TAZID"": ""502""}"
171,"深圳-1168","深圳市 · UrbanEV历史站点（详细地址未提供）",113.867697,22.614744,150,online,"2026-09-08 00:53:31",1168,"{""station_id"": ""1168"", ""longitude"": ""113.867697"", ""latitude"": ""22.614744"", ""slow_count"": ""6"", ""fast_count"": ""0"", ""charge_count"": ""6"", ""TAZID"": ""513""}"
172,"深圳-1169","深圳市 · UrbanEV历史站点（详细地址未提供）",113.867997,22.614925,150,online,"2026-09-08 00:53:31",1169,"{""station_id"": ""1169"", ""longitude"": ""113.867997"", ""latitude"": ""22.614925"", ""slow_count"": ""6"", ""fast_count"": ""0"", ""charge_count"": ""6"", ""TAZID"": ""513""}"
173,"深圳-1170","深圳市 · UrbanEV历史站点（详细地址未提供）",113.868041,22.618818,150,online,"2026-09-08 00:53:31",1170,"{""station_id"": ""1170"", ""longitude"": ""113.868041"", ""latitude"": ""22.618818"", ""slow_count"": ""36"", ""fast_count"": ""0"", ""charge_count"": ""36"", ""TAZID"": ""513""}"
174,"深圳-1171","深圳市 · UrbanEV历史站点（详细地址未提供）",113.868041,22.618818,150,online,"2026-09-08 00:53:31",1171,"{""station_id"": ""1171"", ""longitude"": ""113.868041"", ""latitude"": ""22.618818"", ""slow_count"": ""36"", ""fast_count"": ""0"", ""charge_count"": ""36"", ""TAZID"": ""513""}"
175,"深圳-1172","深圳市 · UrbanEV历史站点（详细地址未提供）",113.868511,22.585276,150,online,"2026-09-08 00:53:31",1172,"{""station_id"": ""1172"", ""longitude"": ""113.868511"", ""latitude"": ""22.585276"", ""slow_count"": ""6"", ""fast_count"": ""0"", ""charge_count"": ""6"", ""TAZID"": ""519""}"
176,"深圳-1173","深圳市 · UrbanEV历史站点（详细地址未提供）",113.868922,22.578733,150,online,"2026-09-08 00:53:31",1173,"{""station_id"": ""1173"", ""longitude"": ""113.868922"", ""latitude"": ""22.578733"", ""slow_count"": ""4"", ""fast_count"": ""0"", ""charge_count"": ""4"", ""TAZID"": ""528""}"
177,"深圳-1174","深圳市 · UrbanEV历史站点（详细地址未提供）",113.869585,22.575159,150,online,"2026-09-08 00:53:31",1174,"{""station_id"": ""1174"", ""longitude"": ""113.869585"", ""latitude"": ""22.575159"", ""slow_count"": ""3"", ""fast_count"": ""0"", ""charge_count"": ""3"", ""TAZID"": ""526""}"
178,"深圳-1175","深圳市 · UrbanEV历史站点（详细地址未提供）",113.869808,22.554753,150,online,"2026-09-08 00:53:31",1175,"{""station_id"": ""1175"", ""longitude"": ""113.869808"", ""latitude"": ""22.554753"", ""slow_count"": ""31"", ""fast_count"": ""0"", ""charge_count"": ""31"", ""TAZID"": ""502""}"
179,"深圳-1176","深圳市 · UrbanEV历史站点（详细地址未提供）",113.87032,22.818918,150,online,"2026-09-08 00:53:31",1176,"{""station_id"": ""1176"", ""longitude"": ""113.87032"", ""latitude"": ""22.818918"", ""slow_count"": ""20"", ""fast_count"": ""0"", ""charge_count"": ""20"", ""TAZID"": ""568""}"
180,"深圳-1177","深圳市 · UrbanEV历史站点（详细地址未提供）",113.871624,22.774995,150,online,"2026-09-08 00:53:31",1177,"{""station_id"": ""1177"", ""longitude"": ""113.871624"", ""latitude"": ""22.774995"", ""slow_count"": ""22"", ""fast_count"": ""0"", ""charge_count"": ""22"", ""TAZID"": ""631""}"
181,"深圳-1178","深圳市 · UrbanEV历史站点（详细地址未提供）",113.871956,22.565009,150,online,"2026-09-08 00:53:31",1178,"{""station_id"": ""1178"", ""longitude"": ""113.871956"", ""latitude"": ""22.565009"", ""slow_count"": ""12"", ""fast_count"": ""0"", ""charge_count"": ""12"", ""TAZID"": ""525""}"
182,"深圳-1179","深圳市 · UrbanEV历史站点（详细地址未提供）",113.872893,22.563818,150,online,"2026-09-08 00:53:31",1179,"{""station_id"": ""1179"", ""longitude"": ""113.872893"", ""latitude"": ""22.563818"", ""slow_count"": ""18"", ""fast_count"": ""0"", ""charge_count"": ""18"", ""TAZID"": ""525""}"
183,"深圳-1180","深圳市 · UrbanEV历史站点（详细地址未提供）",113.872897,22.582368,150,online,"2026-09-08 00:53:31",1180,"{""station_id"": ""1180"", ""longitude"": ""113.872897"", ""latitude"": ""22.582368"", ""slow_count"": ""10"", ""fast_count"": ""0"", ""charge_count"": ""10"", ""TAZID"": ""528""}"
184,"深圳-1181","深圳市 · UrbanEV历史站点（详细地址未提供）",113.87297,22.58233,150,online,"2026-09-08 00:53:31",1181,"{""station_id"": ""1181"", ""longitude"": ""113.87297"", ""latitude"": ""22.58233"", ""slow_count"": ""7"", ""fast_count"": ""0"", ""charge_count"": ""7"", ""TAZID"": ""528""}"
185,"深圳-1182","深圳市 · UrbanEV历史站点（详细地址未提供）",113.873174,22.554965,150,online,"2026-09-08 00:53:31",1182,"{""station_id"": ""1182"", ""longitude"": ""113.873174"", ""latitude"": ""22.554965"", ""slow_count"": ""6"", ""fast_count"": ""0"", ""charge_count"": ""6"", ""TAZID"": ""502""}"
186,"深圳-1183","深圳市 · UrbanEV历史站点（详细地址未提供）",113.874326,22.560145,150,online,"2026-09-08 00:53:31",1183,"{""station_id"": ""1183"", ""longitude"": ""113.874326"", ""latitude"": ""22.560145"", ""slow_count"": ""18"", ""fast_count"": ""0"", ""charge_count"": ""18"", ""TAZID"": ""525""}"
187,"深圳-1184","深圳市 · UrbanEV历史站点（详细地址未提供）",113.874488,22.555719,150,online,"2026-09-08 00:53:31",1184,"{""station_id"": ""1184"", ""longitude"": ""113.874488"", ""latitude"": ""22.555719"", ""slow_count"": ""6"", ""fast_count"": ""0"", ""charge_count"": ""6"", ""TAZID"": ""502""}"
188,"深圳-1185","深圳市 · UrbanEV历史站点（详细地址未提供）",113.874745,22.561911,150,online,"2026-09-08 00:53:31",1185,"{""station_id"": ""1185"", ""longitude"": ""113.874745"", ""latitude"": ""22.561911"", ""slow_count"": ""18"", ""fast_count"": ""0"", ""charge_count"": ""18"", ""TAZID"": ""525""}"
189,"深圳-1186","深圳市 · UrbanEV历史站点（详细地址未提供）",113.875053,22.766308,150,online,"2026-09-08 00:53:31",1186,"{""station_id"": ""1186"", ""longitude"": ""113.875053"", ""latitude"": ""22.766308"", ""slow_count"": ""12"", ""fast_count"": ""0"", ""charge_count"": ""12"", ""TAZID"": ""638""}"
190,"深圳-1187","深圳市 · UrbanEV历史站点（详细地址未提供）",113.875174,22.572823,150,online,"2026-09-08 00:53:31",1187,"{""station_id"": ""1187"", ""longitude"": ""113.875174"", ""latitude"": ""22.572823"", ""slow_count"": ""12"", ""fast_count"": ""0"", ""charge_count"": ""12"", ""TAZID"": ""528""}"
191,"深圳-1188","深圳市 · UrbanEV历史站点（详细地址未提供）",113.876044,22.667544,150,online,"2026-09-08 00:53:31",1188,"{""station_id"": ""1188"", ""longitude"": ""113.876044"", ""latitude"": ""22.667544"", ""slow_count"": ""0"", ""fast_count"": ""20"", ""charge_count"": ""20"", ""TAZID"": ""1032""}"
192,"深圳-1189","深圳市 · UrbanEV历史站点（详细地址未提供）",113.876102,22.55507,150,online,"2026-09-08 00:53:31",1189,"{""station_id"": ""1189"", ""longitude"": ""113.876102"", ""latitude"": ""22.55507"", ""slow_count"": ""39"", ""fast_count"": ""0"", ""charge_count"": ""39"", ""TAZID"": ""502""}"
193,"深圳-1190","深圳市 · UrbanEV历史站点（详细地址未提供）",113.876173,22.55723,150,online,"2026-09-08 00:53:31",1190,"{""station_id"": ""1190"", ""longitude"": ""113.876173"", ""latitude"": ""22.55723"", ""slow_count"": ""18"", ""fast_count"": ""0"", ""charge_count"": ""18"", ""TAZID"": ""502""}"
194,"深圳-1191","深圳市 · UrbanEV历史站点（详细地址未提供）",113.876198,22.769367,150,online,"2026-09-08 00:53:31",1191,"{""station_id"": ""1191"", ""longitude"": ""113.876198"", ""latitude"": ""22.769367"", ""slow_count"": ""6"", ""fast_count"": ""0"", ""charge_count"": ""6"", ""TAZID"": ""631""}"
195,"深圳-1192","深圳市 · UrbanEV历史站点（详细地址未提供）",113.876688,22.583731,150,online,"2026-09-08 00:53:31",1192,"{""station_id"": ""1192"", ""longitude"": ""113.876688"", ""latitude"": ""22.583731"", ""slow_count"": ""12"", ""fast_count"": ""0"", ""charge_count"": ""12"", ""TAZID"": ""512""}"
196,"深圳-1193","深圳市 · UrbanEV历史站点（详细地址未提供）",113.877582,22.560468,150,online,"2026-09-08 00:53:31",1193,"{""station_id"": ""1193"", ""longitude"": ""113.877582"", ""latitude"": ""22.560468"", ""slow_count"": ""12"", ""fast_count"": ""0"", ""charge_count"": ""12"", ""TAZID"": ""525""}"
197,"深圳-1194","深圳市 · UrbanEV历史站点（详细地址未提供）",113.877991,22.589083,150,online,"2026-09-08 00:53:31",1194,"{""station_id"": ""1194"", ""longitude"": ""113.877991"", ""latitude"": ""22.589083"", ""slow_count"": ""3"", ""fast_count"": ""0"", ""charge_count"": ""3"", ""TAZID"": ""512""}"
198,"深圳-1195","深圳市 · UrbanEV历史站点（详细地址未提供）",113.878191,22.553755,150,online,"2026-09-08 00:53:31",1195,"{""station_id"": ""1195"", ""longitude"": ""113.878191"", ""latitude"": ""22.553755"", ""slow_count"": ""36"", ""fast_count"": ""0"", ""charge_count"": ""36"", ""TAZID"": ""501""}"
199,"深圳-1196","深圳市 · UrbanEV历史站点（详细地址未提供）",113.878549,22.559228,150,online,"2026-09-08 00:53:31",1196,"{""station_id"": ""1196"", ""longitude"": ""113.878549"", ""latitude"": ""22.559228"", ""slow_count"": ""12"", ""fast_count"": ""0"", ""charge_count"": ""12"", ""TAZID"": ""525""}"
200,"深圳-1197","深圳市 · UrbanEV历史站点（详细地址未提供）",113.879062,22.587126,150,online,"2026-09-08 00:53:31",1197,"{""station_id"": ""1197"", ""longitude"": ""113.879062"", ""latitude"": ""22.587126"", ""slow_count"": ""12"", ""fast_count"": ""0"", ""charge_count"": ""12"", ""TAZID"": ""512""}"
201,"深圳-1198","深圳市 · UrbanEV历史站点（详细地址未提供）",113.880254,22.547034,150,online,"2026-09-08 00:53:31",1198,"{""station_id"": ""1198"", ""longitude"": ""113.880254"", ""latitude"": ""22.547034"", ""slow_count"": ""6"", ""fast_count"": ""0"", ""charge_count"": ""6"", ""TAZID"": ""501""}"
202,"深圳-1199","深圳市 · UrbanEV历史站点（详细地址未提供）",113.881923,22.563732,150,online,"2026-09-08 00:53:31",1199,"{""station_id"": ""1199"", ""longitude"": ""113.881923"", ""latitude"": ""22.563732"", ""slow_count"": ""6"", ""fast_count"": ""0"", ""charge_count"": ""6"", ""TAZID"": ""525""}"
203,"深圳-1200","深圳市 · UrbanEV历史站点（详细地址未提供）",113.88261,22.58015,150,online,"2026-09-08 00:53:31",1200,"{""station_id"": ""1200"", ""longitude"": ""113.88261"", ""latitude"": ""22.58015"", ""slow_count"": ""0"", ""fast_count"": ""40"", ""charge_count"": ""40"", ""TAZID"": ""512""}"
204,"深圳-1201","深圳市 · UrbanEV历史站点（详细地址未提供）",113.883162,22.766258,150,online,"2026-09-08 00:53:31",1201,"{""station_id"": ""1201"", ""longitude"": ""113.883162"", ""latitude"": ""22.766258"", ""slow_count"": ""12"", ""fast_count"": ""0"", ""charge_count"": ""12"", ""TAZID"": ""655""}"
205,"深圳-1202","深圳市 · UrbanEV历史站点（详细地址未提供）",113.883376,22.46557,150,online,"2026-09-08 00:53:31",1202,"{""station_id"": ""1202"", ""longitude"": ""113.883376"", ""latitude"": ""22.46557"", ""slow_count"": ""6"", ""fast_count"": ""0"", ""charge_count"": ""6"", ""TAZID"": ""311""}"
206,"深圳-1203","深圳市 · UrbanEV历史站点（详细地址未提供）",113.883397,22.583217,150,online,"2026-09-08 00:53:31",1203,"{""station_id"": ""1203"", ""longitude"": ""113.883397"", ""latitude"": ""22.583217"", ""slow_count"": ""3"", ""fast_count"": ""0"", ""charge_count"": ""3"", ""TAZID"": ""512""}"
207,"深圳-1204","深圳市 · UrbanEV历史站点（详细地址未提供）",113.883612,22.513823,150,online,"2026-09-08 00:53:31",1204,"{""station_id"": ""1204"", ""longitude"": ""113.883612"", ""latitude"": ""22.513823"", ""slow_count"": ""24"", ""fast_count"": ""0"", ""charge_count"": ""24"", ""TAZID"": ""1015""}"
208,"深圳-1205","深圳市 · UrbanEV历史站点（详细地址未提供）",113.884043,22.478603,150,online,"2026-09-08 00:53:31",1205,"{""station_id"": ""1205"", ""longitude"": ""113.884043"", ""latitude"": ""22.478603"", ""slow_count"": ""12"", ""fast_count"": ""0"", ""charge_count"": ""12"", ""TAZID"": ""311""}"
209,"深圳-1206","深圳市 · UrbanEV历史站点（详细地址未提供）",113.885401,22.592395,150,online,"2026-09-08 00:53:31",1206,"{""station_id"": ""1206"", ""longitude"": ""113.885401"", ""latitude"": ""22.592395"", ""slow_count"": ""2"", ""fast_count"": ""0"", ""charge_count"": ""2"", ""TAZID"": ""512""}"
210,"深圳-1207","深圳市 · UrbanEV历史站点（详细地址未提供）",113.8859,22.791784,150,online,"2026-09-08 00:53:31",1207,"{""station_id"": ""1207"", ""longitude"": ""113.8859"", ""latitude"": ""22.791784"", ""slow_count"": ""20"", ""fast_count"": ""0"", ""charge_count"": ""20"", ""TAZID"": ""632""}"
211,"深圳-1208","深圳市 · UrbanEV历史站点（详细地址未提供）",113.886103,22.509264,150,online,"2026-09-08 00:53:31",1208,"{""station_id"": ""1208"", ""longitude"": ""113.886103"", ""latitude"": ""22.509264"", ""slow_count"": ""36"", ""fast_count"": ""0"", ""charge_count"": ""36"", ""TAZID"": ""1015""}"
212,"深圳-1209","深圳市 · UrbanEV历史站点（详细地址未提供）",113.886352,22.567454,150,online,"2026-09-08 00:53:31",1209,"{""station_id"": ""1209"", ""longitude"": ""113.886352"", ""latitude"": ""22.567454"", ""slow_count"": ""2"", ""fast_count"": ""0"", ""charge_count"": ""2"", ""TAZID"": ""1097""}"
213,"深圳-1210","深圳市 · UrbanEV历史站点（详细地址未提供）",113.886492,22.5875,150,online,"2026-09-08 00:53:31",1210,"{""station_id"": ""1210"", ""longitude"": ""113.886492"", ""latitude"": ""22.5875"", ""slow_count"": ""32"", ""fast_count"": ""0"", ""charge_count"": ""32"", ""TAZID"": ""512""}"
214,"深圳-1211","深圳市 · UrbanEV历史站点（详细地址未提供）",113.886492,22.5875,150,online,"2026-09-08 00:53:31",1211,"{""station_id"": ""1211"", ""longitude"": ""113.886492"", ""latitude"": ""22.5875"", ""slow_count"": ""32"", ""fast_count"": ""0"", ""charge_count"": ""32"", ""TAZID"": ""512""}"
215,"深圳-1212","深圳市 · UrbanEV历史站点（详细地址未提供）",113.886514,22.508678,150,online,"2026-09-08 00:53:31",1212,"{""station_id"": ""1212"", ""longitude"": ""113.886514"", ""latitude"": ""22.508678"", ""slow_count"": ""24"", ""fast_count"": ""0"", ""charge_count"": ""24"", ""TAZID"": ""1015""}"
216,"深圳-1213","深圳市 · UrbanEV历史站点（详细地址未提供）",113.886698,22.510958,150,online,"2026-09-08 00:53:31",1213,"{""station_id"": ""1213"", ""longitude"": ""113.886698"", ""latitude"": ""22.510958"", ""slow_count"": ""12"", ""fast_count"": ""0"", ""charge_count"": ""12"", ""TAZID"": ""1015""}"
217,"深圳-1214","深圳市 · UrbanEV历史站点（详细地址未提供）",113.887207,22.768778,150,online,"2026-09-08 00:53:31",1214,"{""station_id"": ""1214"", ""longitude"": ""113.887207"", ""latitude"": ""22.768778"", ""slow_count"": ""0"", ""fast_count"": ""6"", ""charge_count"": ""6"", ""TAZID"": ""631""}"
218,"深圳-1215","深圳市 · UrbanEV历史站点（详细地址未提供）",113.887207,22.768778,150,online,"2026-09-08 00:53:31",1215,"{""station_id"": ""1215"", ""longitude"": ""113.887207"", ""latitude"": ""22.768778"", ""slow_count"": ""0"", ""fast_count"": ""6"", ""charge_count"": ""6"", ""TAZID"": ""631""}"
219,"深圳-1216","深圳市 · UrbanEV历史站点（详细地址未提供）",113.887339,22.588945,150,online,"2026-09-08 00:53:31",1216,"{""station_id"": ""1216"", ""longitude"": ""113.887339"", ""latitude"": ""22.588945"", ""slow_count"": ""12"", ""fast_count"": ""0"", ""charge_count"": ""12"", ""TAZID"": ""512""}"
220,"深圳-1217","深圳市 · UrbanEV历史站点（详细地址未提供）",113.88751,22.582992,150,online,"2026-09-08 00:53:31",1217,"{""station_id"": ""1217"", ""longitude"": ""113.88751"", ""latitude"": ""22.582992"", ""slow_count"": ""2"", ""fast_count"": ""0"", ""charge_count"": ""2"", ""TAZID"": ""512""}"
221,"深圳-1218","深圳市 · UrbanEV历史站点（详细地址未提供）",113.887706,22.509936,150,online,"2026-09-08 00:53:31",1218,"{""station_id"": ""1218"", ""longitude"": ""113.887706"", ""latitude"": ""22.509936"", ""slow_count"": ""24"", ""fast_count"": ""0"", ""charge_count"": ""24"", ""TAZID"": ""1015""}"
222,"深圳-1219","深圳市 · UrbanEV历史站点（详细地址未提供）",113.88807,22.765746,150,online,"2026-09-08 00:53:31",1219,"{""station_id"": ""1219"", ""longitude"": ""113.88807"", ""latitude"": ""22.765746"", ""slow_count"": ""12"", ""fast_count"": ""0"", ""charge_count"": ""12"", ""TAZID"": ""655""}"
223,"深圳-1220","深圳市 · UrbanEV历史站点（详细地址未提供）",113.888291,22.489926,150,online,"2026-09-08 00:53:31",1220,"{""station_id"": ""1220"", ""longitude"": ""113.888291"", ""latitude"": ""22.489926"", ""slow_count"": ""10"", ""fast_count"": ""0"", ""charge_count"": ""10"", ""TAZID"": ""310""}"
224,"深圳-1221","深圳市 · UrbanEV历史站点（详细地址未提供）",113.888291,22.50086,150,online,"2026-09-08 00:53:31",1221,"{""station_id"": ""1221"", ""longitude"": ""113.888291"", ""latitude"": ""22.50086"", ""slow_count"": ""30"", ""fast_count"": ""0"", ""charge_count"": ""30"", ""TAZID"": ""309""}"
225,"深圳-1222","深圳市 · UrbanEV历史站点（详细地址未提供）",113.888342,22.549722,150,online,"2026-09-08 00:53:31",1222,"{""station_id"": ""1222"", ""longitude"": ""113.888342"", ""latitude"": ""22.549722"", ""slow_count"": ""2"", ""fast_count"": ""0"", ""charge_count"": ""2"", ""TAZID"": ""501""}"
226,"深圳-1223","深圳市 · UrbanEV历史站点（详细地址未提供）",113.888424,22.583437,150,online,"2026-09-08 00:53:31",1223,"{""station_id"": ""1223"", ""longitude"": ""113.888424"", ""latitude"": ""22.583437"", ""slow_count"": ""4"", ""fast_count"": ""0"", ""charge_count"": ""4"", ""TAZID"": ""512""}"
227,"深圳-1224","深圳市 · UrbanEV历史站点（详细地址未提供）",113.888679,22.734406,150,online,"2026-09-08 00:53:31",1224,"{""station_id"": ""1224"", ""longitude"": ""113.888679"", ""latitude"": ""22.734406"", ""slow_count"": ""9"", ""fast_count"": ""0"", ""charge_count"": ""9"", ""TAZID"": ""637""}"
228,"深圳-1225","深圳市 · UrbanEV历史站点（详细地址未提供）",113.889006,22.582289,150,online,"2026-09-08 00:53:31",1225,"{""station_id"": ""1225"", ""longitude"": ""113.889006"", ""latitude"": ""22.582289"", ""slow_count"": ""12"", ""fast_count"": ""0"", ""charge_count"": ""12"", ""TAZID"": ""508""}"
229,"深圳-1226","深圳市 · UrbanEV历史站点（详细地址未提供）",113.889454,22.55822,150,online,"2026-09-08 00:53:31",1226,"{""station_id"": ""1226"", ""longitude"": ""113.889454"", ""latitude"": ""22.55822"", ""slow_count"": ""1"", ""fast_count"": ""0"", ""charge_count"": ""1"", ""TAZID"": ""501""}"
230,"深圳-1227","深圳市 · UrbanEV历史站点（详细地址未提供）",113.889517,22.557863,150,online,"2026-09-08 00:53:31",1227,"{""station_id"": ""1227"", ""longitude"": ""113.889517"", ""latitude"": ""22.557863"", ""slow_count"": ""2"", ""fast_count"": ""0"", ""charge_count"": ""2"", ""TAZID"": ""501""}"
231,"深圳-1228","深圳市 · UrbanEV历史站点（详细地址未提供）",113.889609,22.559026,150,online,"2026-09-08 00:53:31",1228,"{""station_id"": ""1228"", ""longitude"": ""113.889609"", ""latitude"": ""22.559026"", ""slow_count"": ""2"", ""fast_count"": ""0"", ""charge_count"": ""2"", ""TAZID"": ""1098""}"
232,"深圳-1229","深圳市 · UrbanEV历史站点（详细地址未提供）",113.889665,22.781237,150,online,"2026-09-08 00:53:31",1229,"{""station_id"": ""1229"", ""longitude"": ""113.889665"", ""latitude"": ""22.781237"", ""slow_count"": ""0"", ""fast_count"": ""6"", ""charge_count"": ""6"", ""TAZID"": ""630""}"
233,"深圳-1230","深圳市 · UrbanEV历史站点（详细地址未提供）",113.88969,22.586028,150,online,"2026-09-08 00:53:31",1230,"{""station_id"": ""1230"", ""longitude"": ""113.88969"", ""latitude"": ""22.586028"", ""slow_count"": ""3"", ""fast_count"": ""0"", ""charge_count"": ""3"", ""TAZID"": ""512""}"
234,"深圳-1231","深圳市 · UrbanEV历史站点（详细地址未提供）",113.89019,22.569999,150,online,"2026-09-08 00:53:31",1231,"{""station_id"": ""1231"", ""longitude"": ""113.89019"", ""latitude"": ""22.569999"", ""slow_count"": ""3"", ""fast_count"": ""0"", ""charge_count"": ""3"", ""TAZID"": ""508""}"
235,"深圳-1232","深圳市 · UrbanEV历史站点（详细地址未提供）",113.890581,22.591628,150,online,"2026-09-08 00:53:31",1232,"{""station_id"": ""1232"", ""longitude"": ""113.890581"", ""latitude"": ""22.591628"", ""slow_count"": ""1"", ""fast_count"": ""0"", ""charge_count"": ""1"", ""TAZID"": ""512""}"
236,"深圳-1233","深圳市 · UrbanEV历史站点（详细地址未提供）",113.890616,22.561747,150,online,"2026-09-08 00:53:31",1233,"{""station_id"": ""1233"", ""longitude"": ""113.890616"", ""latitude"": ""22.561747"", ""slow_count"": ""2"", ""fast_count"": ""0"", ""charge_count"": ""2"", ""TAZID"": ""1098""}"
237,"深圳-1234","深圳市 · UrbanEV历史站点（详细地址未提供）",113.890783,22.717825,150,online,"2026-09-08 00:53:31",1234,"{""station_id"": ""1234"", ""longitude"": ""113.890783"", ""latitude"": ""22.717825"", ""slow_count"": ""12"", ""fast_count"": ""0"", ""charge_count"": ""12"", ""TAZID"": ""643""}"
238,"深圳-1235","深圳市 · UrbanEV历史站点（详细地址未提供）",113.890871,22.581447,150,online,"2026-09-08 00:53:31",1235,"{""station_id"": ""1235"", ""longitude"": ""113.890871"", ""latitude"": ""22.581447"", ""slow_count"": ""12"", ""fast_count"": ""0"", ""charge_count"": ""12"", ""TAZID"": ""508""}"
239,"深圳-1236","深圳市 · UrbanEV历史站点（详细地址未提供）",113.890974,22.581663,150,online,"2026-09-08 00:53:31",1236,"{""station_id"": ""1236"", ""longitude"": ""113.890974"", ""latitude"": ""22.581663"", ""slow_count"": ""12"", ""fast_count"": ""0"", ""charge_count"": ""12"", ""TAZID"": ""508""}"
240,"深圳-1237","深圳市 · UrbanEV历史站点（详细地址未提供）",113.891257,22.747052,150,online,"2026-09-08 00:53:31",1237,"{""station_id"": ""1237"", ""longitude"": ""113.891257"", ""latitude"": ""22.747052"", ""slow_count"": ""10"", ""fast_count"": ""0"", ""charge_count"": ""10"", ""TAZID"": ""638""}"
241,"深圳-1238","深圳市 · UrbanEV历史站点（详细地址未提供）",113.891401,22.563311,150,online,"2026-09-08 00:53:31",1238,"{""station_id"": ""1238"", ""longitude"": ""113.891401"", ""latitude"": ""22.563311"", ""slow_count"": ""6"", ""fast_count"": ""0"", ""charge_count"": ""6"", ""TAZID"": ""1098""}"
242,"深圳-1239","深圳市 · UrbanEV历史站点（详细地址未提供）",113.891552,22.562918,150,online,"2026-09-08 00:53:31",1239,"{""station_id"": ""1239"", ""longitude"": ""113.891552"", ""latitude"": ""22.562918"", ""slow_count"": ""6"", ""fast_count"": ""0"", ""charge_count"": ""6"", ""TAZID"": ""1098""}"
243,"深圳-1240","深圳市 · UrbanEV历史站点（详细地址未提供）",113.891701,22.573339,150,online,"2026-09-08 00:53:31",1240,"{""station_id"": ""1240"", ""longitude"": ""113.891701"", ""latitude"": ""22.573339"", ""slow_count"": ""6"", ""fast_count"": ""0"", ""charge_count"": ""6"", ""TAZID"": ""508""}"
244,"深圳-1241","深圳市 · UrbanEV历史站点（详细地址未提供）",113.892007,22.498369,150,online,"2026-09-08 00:53:31",1241,"{""station_id"": ""1241"", ""longitude"": ""113.892007"", ""latitude"": ""22.498369"", ""slow_count"": ""16"", ""fast_count"": ""0"", ""charge_count"": ""16"", ""TAZID"": ""309""}"
245,"深圳-1242","深圳市 · UrbanEV历史站点（详细地址未提供）",113.892075,22.724006,150,online,"2026-09-08 00:53:31",1242,"{""station_id"": ""1242"", ""longitude"": ""113.892075"", ""latitude"": ""22.724006"", ""slow_count"": ""0"", ""fast_count"": ""10"", ""charge_count"": ""10"", ""TAZID"": ""637""}"
246,"深圳-1243","深圳市 · UrbanEV历史站点（详细地址未提供）",113.89208,22.487667,150,online,"2026-09-08 00:53:31",1243,"{""station_id"": ""1243"", ""longitude"": ""113.89208"", ""latitude"": ""22.487667"", ""slow_count"": ""12"", ""fast_count"": ""0"", ""charge_count"": ""12"", ""TAZID"": ""311""}"
247,"深圳-1244","深圳市 · UrbanEV历史站点（详细地址未提供）",113.89208,22.487667,150,online,"2026-09-08 00:53:31",1244,"{""station_id"": ""1244"", ""longitude"": ""113.89208"", ""latitude"": ""22.487667"", ""slow_count"": ""12"", ""fast_count"": ""0"", ""charge_count"": ""12"", ""TAZID"": ""311""}"
248,"深圳-1245","深圳市 · UrbanEV历史站点（详细地址未提供）",113.892121,22.576463,150,online,"2026-09-08 00:53:31",1245,"{""station_id"": ""1245"", ""longitude"": ""113.892121"", ""latitude"": ""22.576463"", ""slow_count"": ""6"", ""fast_count"": ""0"", ""charge_count"": ""6"", ""TAZID"": ""508""}"
249,"深圳-1246","深圳市 · UrbanEV历史站点（详细地址未提供）",113.892155,22.7236,150,online,"2026-09-08 00:53:31",1246,"{""station_id"": ""1246"", ""longitude"": ""113.892155"", ""latitude"": ""22.7236"", ""slow_count"": ""6"", ""fast_count"": ""0"", ""charge_count"": ""6"", ""TAZID"": ""637""}"
250,"深圳-1247","深圳市 · UrbanEV历史站点（详细地址未提供）",113.89237,22.48691,150,online,"2026-09-08 00:53:31",1247,"{""station_id"": ""1247"", ""longitude"": ""113.89237"", ""latitude"": ""22.48691"", ""slow_count"": ""12"", ""fast_count"": ""0"", ""charge_count"": ""12"", ""TAZID"": ""311""}"
251,"深圳-1248","深圳市 · UrbanEV历史站点（详细地址未提供）",113.892424,22.724037,150,online,"2026-09-08 00:53:31",1248,"{""station_id"": ""1248"", ""longitude"": ""113.892424"", ""latitude"": ""22.724037"", ""slow_count"": ""17"", ""fast_count"": ""10"", ""charge_count"": ""27"", ""TAZID"": ""637""}"
252,"深圳-1249","深圳市 · UrbanEV历史站点（详细地址未提供）",113.892526,22.730822,150,online,"2026-09-08 00:53:31",1249,"{""station_id"": ""1249"", ""longitude"": ""113.892526"", ""latitude"": ""22.730822"", ""slow_count"": ""10"", ""fast_count"": ""0"", ""charge_count"": ""10"", ""TAZID"": ""637""}"
253,"深圳-1250","深圳市 · UrbanEV历史站点（详细地址未提供）",113.892546,22.49712,150,online,"2026-09-08 00:53:31",1250,"{""station_id"": ""1250"", ""longitude"": ""113.892546"", ""latitude"": ""22.49712"", ""slow_count"": ""12"", ""fast_count"": ""0"", ""charge_count"": ""12"", ""TAZID"": ""309""}"
254,"深圳-1251","深圳市 · UrbanEV历史站点（详细地址未提供）",113.892555,22.730455,150,online,"2026-09-08 00:53:31",1251,"{""station_id"": ""1251"", ""longitude"": ""113.892555"", ""latitude"": ""22.730455"", ""slow_count"": ""0"", ""fast_count"": ""24"", ""charge_count"": ""24"", ""TAZID"": ""637""}"
255,"深圳-1252","深圳市 · UrbanEV历史站点（详细地址未提供）",113.892681,22.497826,150,online,"2026-09-08 00:53:31",1252,"{""station_id"": ""1252"", ""longitude"": ""113.892681"", ""latitude"": ""22.497826"", ""slow_count"": ""20"", ""fast_count"": ""0"", ""charge_count"": ""20"", ""TAZID"": ""309""}"
256,"深圳-1253","深圳市 · UrbanEV历史站点（详细地址未提供）",113.89343,22.484426,150,online,"2026-09-08 00:53:31",1253,"{""station_id"": ""1253"", ""longitude"": ""113.89343"", ""latitude"": ""22.484426"", ""slow_count"": ""22"", ""fast_count"": ""0"", ""charge_count"": ""22"", ""TAZID"": ""311""}"
257,"深圳-1254","深圳市 · UrbanEV历史站点（详细地址未提供）",113.893699,22.575293,150,online,"2026-09-08 00:53:31",1254,"{""station_id"": ""1254"", ""longitude"": ""113.893699"", ""latitude"": ""22.575293"", ""slow_count"": ""13"", ""fast_count"": ""0"", ""charge_count"": ""13"", ""TAZID"": ""508""}"
258,"深圳-1255","深圳市 · UrbanEV历史站点（详细地址未提供）",113.893792,22.557794,150,online,"2026-09-08 00:53:31",1255,"{""station_id"": ""1255"", ""longitude"": ""113.893792"", ""latitude"": ""22.557794"", ""slow_count"": ""6"", ""fast_count"": ""0"", ""charge_count"": ""6"", ""TAZID"": ""1098""}"
259,"深圳-1256","深圳市 · UrbanEV历史站点（详细地址未提供）",113.893869,22.723424,150,online,"2026-09-08 00:53:31",1256,"{""station_id"": ""1256"", ""longitude"": ""113.893869"", ""latitude"": ""22.723424"", ""slow_count"": ""6"", ""fast_count"": ""0"", ""charge_count"": ""6"", ""TAZID"": ""643""}"
260,"深圳-1257","深圳市 · UrbanEV历史站点（详细地址未提供）",113.893979,22.578202,150,online,"2026-09-08 00:53:31",1257,"{""station_id"": ""1257"", ""longitude"": ""113.893979"", ""latitude"": ""22.578202"", ""slow_count"": ""12"", ""fast_count"": ""0"", ""charge_count"": ""12"", ""TAZID"": ""508""}"
261,"深圳-1258","深圳市 · UrbanEV历史站点（详细地址未提供）",113.894683,22.589161,150,online,"2026-09-08 00:53:31",1258,"{""station_id"": ""1258"", ""longitude"": ""113.894683"", ""latitude"": ""22.589161"", ""slow_count"": ""9"", ""fast_count"": ""0"", ""charge_count"": ""9"", ""TAZID"": ""511""}"
262,"深圳-1259","深圳市 · UrbanEV历史站点（详细地址未提供）",113.895002,22.492468,150,online,"2026-09-08 00:53:31",1259,"{""station_id"": ""1259"", ""longitude"": ""113.895002"", ""latitude"": ""22.492468"", ""slow_count"": ""0"", ""fast_count"": ""8"", ""charge_count"": ""8"", ""TAZID"": ""309""}"
263,"深圳-1260","深圳市 · UrbanEV历史站点（详细地址未提供）",113.895179,22.498206,150,online,"2026-09-08 00:53:31",1260,"{""station_id"": ""1260"", ""longitude"": ""113.895179"", ""latitude"": ""22.498206"", ""slow_count"": ""2"", ""fast_count"": ""0"", ""charge_count"": ""2"", ""TAZID"": ""309""}"
264,"深圳-1261","深圳市 · UrbanEV历史站点（详细地址未提供）",113.895929,22.563381,150,online,"2026-09-08 00:53:31",1261,"{""station_id"": ""1261"", ""longitude"": ""113.895929"", ""latitude"": ""22.563381"", ""slow_count"": ""0"", ""fast_count"": ""12"", ""charge_count"": ""12"", ""TAZID"": ""1098""}"
265,"深圳-1262","深圳市 · UrbanEV历史站点（详细地址未提供）",113.896128,22.502636,150,online,"2026-09-08 00:53:31",1262,"{""station_id"": ""1262"", ""longitude"": ""113.896128"", ""latitude"": ""22.502636"", ""slow_count"": ""12"", ""fast_count"": ""0"", ""charge_count"": ""12"", ""TAZID"": ""309""}"
266,"深圳-1263","深圳市 · UrbanEV历史站点（详细地址未提供）",113.896238,22.563403,150,online,"2026-09-08 00:53:31",1263,"{""station_id"": ""1263"", ""longitude"": ""113.896238"", ""latitude"": ""22.563403"", ""slow_count"": ""0"", ""fast_count"": ""26"", ""charge_count"": ""26"", ""TAZID"": ""1098""}"
267,"深圳-1264","深圳市 · UrbanEV历史站点（详细地址未提供）",113.899427,22.564527,150,online,"2026-09-08 00:53:31",1264,"{""station_id"": ""1264"", ""longitude"": ""113.899427"", ""latitude"": ""22.564527"", ""slow_count"": ""6"", ""fast_count"": ""0"", ""charge_count"": ""6"", ""TAZID"": ""506""}"
268,"深圳-1265","深圳市 · UrbanEV历史站点（详细地址未提供）",113.899894,22.67147,150,online,"2026-09-08 00:53:31",1265,"{""station_id"": ""1265"", ""longitude"": ""113.899894"", ""latitude"": ""22.67147"", ""slow_count"": ""45"", ""fast_count"": ""0"", ""charge_count"": ""45"", ""TAZID"": ""645""}"
269,"深圳-1266","深圳市 · UrbanEV历史站点（详细地址未提供）",113.899904,22.717609,150,online,"2026-09-08 00:53:31",1266,"{""station_id"": ""1266"", ""longitude"": ""113.899904"", ""latitude"": ""22.717609"", ""slow_count"": ""12"", ""fast_count"": ""4"", ""charge_count"": ""16"", ""TAZID"": ""643""}"
270,"深圳-1267","深圳市 · UrbanEV历史站点（详细地址未提供）",113.899904,22.717609,150,online,"2026-09-08 00:53:31",1267,"{""station_id"": ""1267"", ""longitude"": ""113.899904"", ""latitude"": ""22.717609"", ""slow_count"": ""11"", ""fast_count"": ""4"", ""charge_count"": ""15"", ""TAZID"": ""643""}"
271,"深圳-1268","深圳市 · UrbanEV历史站点（详细地址未提供）",113.900938,22.550857,150,online,"2026-09-08 00:53:31",1268,"{""station_id"": ""1268"", ""longitude"": ""113.900938"", ""latitude"": ""22.550857"", ""slow_count"": ""4"", ""fast_count"": ""0"", ""charge_count"": ""4"", ""TAZID"": ""316""}"
272,"深圳-1269","深圳市 · UrbanEV历史站点（详细地址未提供）",113.901823,22.573362,150,online,"2026-09-08 00:53:31",1269,"{""station_id"": ""1269"", ""longitude"": ""113.901823"", ""latitude"": ""22.573362"", ""slow_count"": ""0"", ""fast_count"": ""66"", ""charge_count"": ""66"", ""TAZID"": ""506""}"
273,"深圳-1270","深圳市 · UrbanEV历史站点（详细地址未提供）",113.903102,22.766764,150,online,"2026-09-08 00:53:31",1270,"{""station_id"": ""1270"", ""longitude"": ""113.903102"", ""latitude"": ""22.766764"", ""slow_count"": ""20"", ""fast_count"": ""0"", ""charge_count"": ""20"", ""TAZID"": ""633""}"
274,"深圳-1271","深圳市 · UrbanEV历史站点（详细地址未提供）",113.903382,22.766855,150,online,"2026-09-08 00:53:31",1271,"{""station_id"": ""1271"", ""longitude"": ""113.903382"", ""latitude"": ""22.766855"", ""slow_count"": ""30"", ""fast_count"": ""0"", ""charge_count"": ""30"", ""TAZID"": ""633""}"
275,"深圳-1272","深圳市 · UrbanEV历史站点（详细地址未提供）",113.903528,22.786988,150,online,"2026-09-08 00:53:31",1272,"{""station_id"": ""1272"", ""longitude"": ""113.903528"", ""latitude"": ""22.786988"", ""slow_count"": ""6"", ""fast_count"": ""0"", ""charge_count"": ""6"", ""TAZID"": ""632""}"
276,"深圳-1273","深圳市 · UrbanEV历史站点（详细地址未提供）",113.904298,22.569964,150,online,"2026-09-08 00:53:31",1273,"{""station_id"": ""1273"", ""longitude"": ""113.904298"", ""latitude"": ""22.569964"", ""slow_count"": ""15"", ""fast_count"": ""0"", ""charge_count"": ""15"", ""TAZID"": ""506""}"
277,"深圳-1274","深圳市 · UrbanEV历史站点（详细地址未提供）",113.904372,22.768992,150,online,"2026-09-08 00:53:31",1274,"{""station_id"": ""1274"", ""longitude"": ""113.904372"", ""latitude"": ""22.768992"", ""slow_count"": ""0"", ""fast_count"": ""32"", ""charge_count"": ""32"", ""TAZID"": ""633""}"
278,"深圳-1275","深圳市 · UrbanEV历史站点（详细地址未提供）",113.904602,22.573709,150,online,"2026-09-08 00:53:31",1275,"{""station_id"": ""1275"", ""longitude"": ""113.904602"", ""latitude"": ""22.573709"", ""slow_count"": ""6"", ""fast_count"": ""0"", ""charge_count"": ""6"", ""TAZID"": ""506""}"
279,"深圳-1276","深圳市 · UrbanEV历史站点（详细地址未提供）",113.904779,22.510387,150,online,"2026-09-08 00:53:31",1276,"{""station_id"": ""1276"", ""longitude"": ""113.904779"", ""latitude"": ""22.510387"", ""slow_count"": ""24"", ""fast_count"": ""0"", ""charge_count"": ""24"", ""TAZID"": ""1067""}"
280,"深圳-1277","深圳市 · UrbanEV历史站点（详细地址未提供）",113.905269,22.786451,150,online,"2026-09-08 00:53:31",1277,"{""station_id"": ""1277"", ""longitude"": ""113.905269"", ""latitude"": ""22.786451"", ""slow_count"": ""4"", ""fast_count"": ""0"", ""charge_count"": ""4"", ""TAZID"": ""632""}"
281,"深圳-1278","深圳市 · UrbanEV历史站点（详细地址未提供）",113.905534,22.569345,150,online,"2026-09-08 00:53:31",1278,"{""station_id"": ""1278"", ""longitude"": ""113.905534"", ""latitude"": ""22.569345"", ""slow_count"": ""8"", ""fast_count"": ""0"", ""charge_count"": ""8"", ""TAZID"": ""506""}"
282,"深圳-1279","深圳市 · UrbanEV历史站点（详细地址未提供）",113.906083,22.573103,150,online,"2026-09-08 00:53:31",1279,"{""station_id"": ""1279"", ""longitude"": ""113.906083"", ""latitude"": ""22.573103"", ""slow_count"": ""11"", ""fast_count"": ""0"", ""charge_count"": ""11"", ""TAZID"": ""506""}"
283,"深圳-1280","深圳市 · UrbanEV历史站点（详细地址未提供）",113.908087,22.57373,150,online,"2026-09-08 00:53:31",1280,"{""station_id"": ""1280"", ""longitude"": ""113.908087"", ""latitude"": ""22.57373"", ""slow_count"": ""97"", ""fast_count"": ""0"", ""charge_count"": ""97"", ""TAZID"": ""506""}"
284,"深圳-1281","深圳市 · UrbanEV历史站点（详细地址未提供）",113.908757,22.555893,150,online,"2026-09-08 00:53:31",1281,"{""station_id"": ""1281"", ""longitude"": ""113.908757"", ""latitude"": ""22.555893"", ""slow_count"": ""6"", ""fast_count"": ""0"", ""charge_count"": ""6"", ""TAZID"": ""320""}"
285,"深圳-1282","深圳市 · UrbanEV历史站点（详细地址未提供）",113.908961,22.718273,150,online,"2026-09-08 00:53:31",1282,"{""station_id"": ""1282"", ""longitude"": ""113.908961"", ""latitude"": ""22.718273"", ""slow_count"": ""12"", ""fast_count"": ""0"", ""charge_count"": ""12"", ""TAZID"": ""640""}"
286,"深圳-1283","深圳市 · UrbanEV历史站点（详细地址未提供）",113.909934,22.513671,150,online,"2026-09-08 00:53:31",1283,"{""station_id"": ""1283"", ""longitude"": ""113.909934"", ""latitude"": ""22.513671"", ""slow_count"": ""4"", ""fast_count"": ""0"", ""charge_count"": ""4"", ""TAZID"": ""1067""}"
287,"深圳-1284","深圳市 · UrbanEV历史站点（详细地址未提供）",113.910139,22.514319,150,online,"2026-09-08 00:53:31",1284,"{""station_id"": ""1284"", ""longitude"": ""113.910139"", ""latitude"": ""22.514319"", ""slow_count"": ""12"", ""fast_count"": ""0"", ""charge_count"": ""12"", ""TAZID"": ""1067""}"
288,"深圳-1285","深圳市 · UrbanEV历史站点（详细地址未提供）",113.910772,22.776858,150,online,"2026-09-08 00:53:31",1285,"{""station_id"": ""1285"", ""longitude"": ""113.910772"", ""latitude"": ""22.776858"", ""slow_count"": ""4"", ""fast_count"": ""0"", ""charge_count"": ""4"", ""TAZID"": ""629""}"
289,"深圳-1286","深圳市 · UrbanEV历史站点（详细地址未提供）",113.911116,22.594547,150,online,"2026-09-08 00:53:31",1286,"{""station_id"": ""1286"", ""longitude"": ""113.911116"", ""latitude"": ""22.594547"", ""slow_count"": ""6"", ""fast_count"": ""0"", ""charge_count"": ""6"", ""TAZID"": ""511""}"
290,"深圳-1287","深圳市 · UrbanEV历史站点（详细地址未提供）",113.911335,22.531456,150,online,"2026-09-08 00:53:31",1287,"{""station_id"": ""1287"", ""longitude"": ""113.911335"", ""latitude"": ""22.531456"", ""slow_count"": ""12"", ""fast_count"": ""0"", ""charge_count"": ""12"", ""TAZID"": ""1095""}"
291,"深圳-1288","深圳市 · UrbanEV历史站点（详细地址未提供）",113.911597,22.532642,150,online,"2026-09-08 00:53:31",1288,"{""station_id"": ""1288"", ""longitude"": ""113.911597"", ""latitude"": ""22.532642"", ""slow_count"": ""3"", ""fast_count"": ""0"", ""charge_count"": ""3"", ""TAZID"": ""1095""}"
292,"深圳-1289","深圳市 · UrbanEV历史站点（详细地址未提供）",113.911978,22.51569,150,online,"2026-09-08 00:53:31",1289,"{""station_id"": ""1289"", ""longitude"": ""113.911978"", ""latitude"": ""22.51569"", ""slow_count"": ""6"", ""fast_count"": ""0"", ""charge_count"": ""6"", ""TAZID"": ""1068""}"
293,"深圳-1290","深圳市 · UrbanEV历史站点（详细地址未提供）",113.91205,22.530845,150,online,"2026-09-08 00:53:31",1290,"{""station_id"": ""1290"", ""longitude"": ""113.91205"", ""latitude"": ""22.530845"", ""slow_count"": ""3"", ""fast_count"": ""0"", ""charge_count"": ""3"", ""TAZID"": ""1095""}"
294,"深圳-1291","深圳市 · UrbanEV历史站点（详细地址未提供）",113.912084,22.516591,150,online,"2026-09-08 00:53:31",1291,"{""station_id"": ""1291"", ""longitude"": ""113.912084"", ""latitude"": ""22.516591"", ""slow_count"": ""12"", ""fast_count"": ""0"", ""charge_count"": ""12"", ""TAZID"": ""1066""}"
295,"深圳-1292","深圳市 · UrbanEV历史站点（详细地址未提供）",113.912133,22.559756,150,online,"2026-09-08 00:53:31",1292,"{""station_id"": ""1292"", ""longitude"": ""113.912133"", ""latitude"": ""22.559756"", ""slow_count"": ""3"", ""fast_count"": ""0"", ""charge_count"": ""3"", ""TAZID"": ""320""}"
296,"深圳-1293","深圳市 · UrbanEV历史站点（详细地址未提供）",113.912189,22.529525,150,online,"2026-09-08 00:53:31",1293,"{""station_id"": ""1293"", ""longitude"": ""113.912189"", ""latitude"": ""22.529525"", ""slow_count"": ""3"", ""fast_count"": ""0"", ""charge_count"": ""3"", ""TAZID"": ""1095""}"
297,"深圳-1294","深圳市 · UrbanEV历史站点（详细地址未提供）",113.912663,22.512402,150,online,"2026-09-08 00:53:31",1294,"{""station_id"": ""1294"", ""longitude"": ""113.912663"", ""latitude"": ""22.512402"", ""slow_count"": ""9"", ""fast_count"": ""0"", ""charge_count"": ""9"", ""TAZID"": ""1067""}"
298,"深圳-1295","深圳市 · UrbanEV历史站点（详细地址未提供）",113.912693,22.530817,150,online,"2026-09-08 00:53:31",1295,"{""station_id"": ""1295"", ""longitude"": ""113.912693"", ""latitude"": ""22.530817"", ""slow_count"": ""8"", ""fast_count"": ""0"", ""charge_count"": ""8"", ""TAZID"": ""1095""}"
299,"深圳-1296","深圳市 · UrbanEV历史站点（详细地址未提供）",113.913198,22.492013,150,online,"2026-09-08 00:53:31",1296,"{""station_id"": ""1296"", ""longitude"": ""113.913198"", ""latitude"": ""22.492013"", ""slow_count"": ""12"", ""fast_count"": ""0"", ""charge_count"": ""12"", ""TAZID"": ""1082""}"
300,"深圳-1297","深圳市 · UrbanEV历史站点（详细地址未提供）",113.913198,22.492013,150,online,"2026-09-08 00:53:31",1297,"{""station_id"": ""1297"", ""longitude"": ""113.913198"", ""latitude"": ""22.492013"", ""slow_count"": ""12"", ""fast_count"": ""0"", ""charge_count"": ""12"", ""TAZID"": ""1082""}"
301,"深圳-1298","深圳市 · UrbanEV历史站点（详细地址未提供）",113.913398,22.525096,150,online,"2026-09-08 00:53:31",1298,"{""station_id"": ""1298"", ""longitude"": ""113.913398"", ""latitude"": ""22.525096"", ""slow_count"": ""3"", ""fast_count"": ""0"", ""charge_count"": ""3"", ""TAZID"": ""1066""}"
302,"深圳-1299","深圳市 · UrbanEV历史站点（详细地址未提供）",113.9135,22.518234,150,online,"2026-09-08 00:53:31",1299,"{""station_id"": ""1299"", ""longitude"": ""113.9135"", ""latitude"": ""22.518234"", ""slow_count"": ""7"", ""fast_count"": ""0"", ""charge_count"": ""7"", ""TAZID"": ""1066""}"
303,"深圳-1300","深圳市 · UrbanEV历史站点（详细地址未提供）",113.913595,22.572866,150,online,"2026-09-08 00:53:31",1300,"{""station_id"": ""1300"", ""longitude"": ""113.913595"", ""latitude"": ""22.572866"", ""slow_count"": ""2"", ""fast_count"": ""7"", ""charge_count"": ""9"", ""TAZID"": ""506""}"
304,"深圳-1301","深圳市 · UrbanEV历史站点（详细地址未提供）",113.913753,22.572331,150,online,"2026-09-08 00:53:31",1301,"{""station_id"": ""1301"", ""longitude"": ""113.913753"", ""latitude"": ""22.572331"", ""slow_count"": ""10"", ""fast_count"": ""0"", ""charge_count"": ""10"", ""TAZID"": ""506""}"
305,"深圳-1302","深圳市 · UrbanEV历史站点（详细地址未提供）",113.913782,22.523645,150,online,"2026-09-08 00:53:31",1302,"{""station_id"": ""1302"", ""longitude"": ""113.913782"", ""latitude"": ""22.523645"", ""slow_count"": ""9"", ""fast_count"": ""0"", ""charge_count"": ""9"", ""TAZID"": ""1066""}"
306,"深圳-1303","深圳市 · UrbanEV历史站点（详细地址未提供）",113.91395,22.584374,150,online,"2026-09-08 00:53:31",1303,"{""station_id"": ""1303"", ""longitude"": ""113.91395"", ""latitude"": ""22.584374"", ""slow_count"": ""0"", ""fast_count"": ""30"", ""charge_count"": ""30"", ""TAZID"": ""509""}"
307,"深圳-1304","深圳市 · UrbanEV历史站点（详细地址未提供）",113.914255,22.490043,150,online,"2026-09-08 00:53:31",1304,"{""station_id"": ""1304"", ""longitude"": ""113.914255"", ""latitude"": ""22.490043"", ""slow_count"": ""16"", ""fast_count"": ""0"", ""charge_count"": ""16"", ""TAZID"": ""1081""}"
308,"深圳-1305","深圳市 · UrbanEV历史站点（详细地址未提供）",113.914417,22.528957,150,online,"2026-09-08 00:53:31",1305,"{""station_id"": ""1305"", ""longitude"": ""113.914417"", ""latitude"": ""22.528957"", ""slow_count"": ""10"", ""fast_count"": ""0"", ""charge_count"": ""10"", ""TAZID"": ""1096""}"
309,"深圳-1306","深圳市 · UrbanEV历史站点（详细地址未提供）",113.914551,22.479532,150,online,"2026-09-08 00:53:31",1306,"{""station_id"": ""1306"", ""longitude"": ""113.914551"", ""latitude"": ""22.479532"", ""slow_count"": ""15"", ""fast_count"": ""0"", ""charge_count"": ""15"", ""TAZID"": ""1081""}"
310,"深圳-1307","深圳市 · UrbanEV历史站点（详细地址未提供）",113.914678,22.513683,150,online,"2026-09-08 00:53:31",1307,"{""station_id"": ""1307"", ""longitude"": ""113.914678"", ""latitude"": ""22.513683"", ""slow_count"": ""64"", ""fast_count"": ""0"", ""charge_count"": ""64"", ""TAZID"": ""1068""}"
311,"深圳-1308","深圳市 · UrbanEV历史站点（详细地址未提供）",113.914747,22.511467,150,online,"2026-09-08 00:53:31",1308,"{""station_id"": ""1308"", ""longitude"": ""113.914747"", ""latitude"": ""22.511467"", ""slow_count"": ""24"", ""fast_count"": ""0"", ""charge_count"": ""24"", ""TAZID"": ""1068""}"
312,"深圳-1309","深圳市 · UrbanEV历史站点（详细地址未提供）",113.914835,22.529224,150,online,"2026-09-08 00:53:31",1309,"{""station_id"": ""1309"", ""longitude"": ""113.914835"", ""latitude"": ""22.529224"", ""slow_count"": ""12"", ""fast_count"": ""0"", ""charge_count"": ""12"", ""TAZID"": ""1096""}"
313,"深圳-1310","深圳市 · UrbanEV历史站点（详细地址未提供）",113.914917,22.512397,150,online,"2026-09-08 00:53:31",1310,"{""station_id"": ""1310"", ""longitude"": ""113.914917"", ""latitude"": ""22.512397"", ""slow_count"": ""6"", ""fast_count"": ""0"", ""charge_count"": ""6"", ""TAZID"": ""1068""}"
314,"深圳-1311","深圳市 · UrbanEV历史站点（详细地址未提供）",113.915048,22.515114,150,online,"2026-09-08 00:53:31",1311,"{""station_id"": ""1311"", ""longitude"": ""113.915048"", ""latitude"": ""22.515114"", ""slow_count"": ""9"", ""fast_count"": ""0"", ""charge_count"": ""9"", ""TAZID"": ""1068""}"
315,"深圳-1312","深圳市 · UrbanEV历史站点（详细地址未提供）",113.915138,22.478934,150,online,"2026-09-08 00:53:31",1312,"{""station_id"": ""1312"", ""longitude"": ""113.915138"", ""latitude"": ""22.478934"", ""slow_count"": ""10"", ""fast_count"": ""0"", ""charge_count"": ""10"", ""TAZID"": ""1081""}"
316,"深圳-1313","深圳市 · UrbanEV历史站点（详细地址未提供）",113.915138,22.478934,150,online,"2026-09-08 00:53:31",1313,"{""station_id"": ""1313"", ""longitude"": ""113.915138"", ""latitude"": ""22.478934"", ""slow_count"": ""10"", ""fast_count"": ""0"", ""charge_count"": ""10"", ""TAZID"": ""1081""}"
317,"深圳-1314","深圳市 · UrbanEV历史站点（详细地址未提供）",113.915283,22.570783,150,online,"2026-09-08 00:53:31",1314,"{""station_id"": ""1314"", ""longitude"": ""113.915283"", ""latitude"": ""22.570783"", ""slow_count"": ""10"", ""fast_count"": ""0"", ""charge_count"": ""10"", ""TAZID"": ""320""}"
318,"深圳-1315","深圳市 · UrbanEV历史站点（详细地址未提供）",113.915393,22.524048,150,online,"2026-09-08 00:53:31",1315,"{""station_id"": ""1315"", ""longitude"": ""113.915393"", ""latitude"": ""22.524048"", ""slow_count"": ""1"", ""fast_count"": ""0"", ""charge_count"": ""1"", ""TAZID"": ""1066""}"
319,"深圳-1316","深圳市 · UrbanEV历史站点（详细地址未提供）",113.915536,22.511462,150,online,"2026-09-08 00:53:31",1316,"{""station_id"": ""1316"", ""longitude"": ""113.915536"", ""latitude"": ""22.511462"", ""slow_count"": ""12"", ""fast_count"": ""0"", ""charge_count"": ""12"", ""TAZID"": ""1068""}"
320,"深圳-1317","深圳市 · UrbanEV历史站点（详细地址未提供）",113.915755,22.52505,150,online,"2026-09-08 00:53:31",1317,"{""station_id"": ""1317"", ""longitude"": ""113.915755"", ""latitude"": ""22.52505"", ""slow_count"": ""4"", ""fast_count"": ""0"", ""charge_count"": ""4"", ""TAZID"": ""1066""}"
321,"深圳-1318","深圳市 · UrbanEV历史站点（详细地址未提供）",113.915928,22.480345,150,online,"2026-09-08 00:53:31",1318,"{""station_id"": ""1318"", ""longitude"": ""113.915928"", ""latitude"": ""22.480345"", ""slow_count"": ""6"", ""fast_count"": ""0"", ""charge_count"": ""6"", ""TAZID"": ""1081""}"
322,"深圳-1319","深圳市 · UrbanEV历史站点（详细地址未提供）",113.916115,22.501733,150,online,"2026-09-08 00:53:31",1319,"{""station_id"": ""1319"", ""longitude"": ""113.916115"", ""latitude"": ""22.501733"", ""slow_count"": ""24"", ""fast_count"": ""0"", ""charge_count"": ""24"", ""TAZID"": ""309""}"
323,"深圳-1320","深圳市 · UrbanEV历史站点（详细地址未提供）",113.916163,22.553335,150,online,"2026-09-08 00:53:31",1320,"{""station_id"": ""1320"", ""longitude"": ""113.916163"", ""latitude"": ""22.553335"", ""slow_count"": ""16"", ""fast_count"": ""0"", ""charge_count"": ""16"", ""TAZID"": ""1075""}"
324,"深圳-1321","深圳市 · UrbanEV历史站点（详细地址未提供）",113.916485,22.497377,150,online,"2026-09-08 00:53:31",1321,"{""station_id"": ""1321"", ""longitude"": ""113.916485"", ""latitude"": ""22.497377"", ""slow_count"": ""9"", ""fast_count"": ""0"", ""charge_count"": ""9"", ""TAZID"": ""1082""}"
325,"深圳-1322","深圳市 · UrbanEV历史站点（详细地址未提供）",113.917103,22.526818,150,online,"2026-09-08 00:53:31",1322,"{""station_id"": ""1322"", ""longitude"": ""113.917103"", ""latitude"": ""22.526818"", ""slow_count"": ""2"", ""fast_count"": ""0"", ""charge_count"": ""2"", ""TAZID"": ""1066""}"
326,"深圳-1323","深圳市 · UrbanEV历史站点（详细地址未提供）",113.917463,22.573683,150,online,"2026-09-08 00:53:31",1323,"{""station_id"": ""1323"", ""longitude"": ""113.917463"", ""latitude"": ""22.573683"", ""slow_count"": ""6"", ""fast_count"": ""0"", ""charge_count"": ""6"", ""TAZID"": ""320""}"
327,"深圳-1324","深圳市 · UrbanEV历史站点（详细地址未提供）",113.917544,22.532962,150,online,"2026-09-08 00:53:31",1324,"{""station_id"": ""1324"", ""longitude"": ""113.917544"", ""latitude"": ""22.532962"", ""slow_count"": ""15"", ""fast_count"": ""0"", ""charge_count"": ""15"", ""TAZID"": ""1096""}"
328,"深圳-1325","深圳市 · UrbanEV历史站点（详细地址未提供）",113.917778,22.506186,150,online,"2026-09-08 00:53:31",1325,"{""station_id"": ""1325"", ""longitude"": ""113.917778"", ""latitude"": ""22.506186"", ""slow_count"": ""12"", ""fast_count"": ""0"", ""charge_count"": ""12"", ""TAZID"": ""309""}"
329,"深圳-1326","深圳市 · UrbanEV历史站点（详细地址未提供）",113.917899,22.536825,150,online,"2026-09-08 00:53:31",1326,"{""station_id"": ""1326"", ""longitude"": ""113.917899"", ""latitude"": ""22.536825"", ""slow_count"": ""6"", ""fast_count"": ""0"", ""charge_count"": ""6"", ""TAZID"": ""1074""}"
330,"深圳-1327","深圳市 · UrbanEV历史站点（详细地址未提供）",113.91798,22.531951,150,online,"2026-09-08 00:53:31",1327,"{""station_id"": ""1327"", ""longitude"": ""113.91798"", ""latitude"": ""22.531951"", ""slow_count"": ""12"", ""fast_count"": ""0"", ""charge_count"": ""12"", ""TAZID"": ""1096""}"
331,"深圳-1328","深圳市 · UrbanEV历史站点（详细地址未提供）",113.918138,22.526382,150,online,"2026-09-08 00:53:31",1328,"{""station_id"": ""1328"", ""longitude"": ""113.918138"", ""latitude"": ""22.526382"", ""slow_count"": ""2"", ""fast_count"": ""0"", ""charge_count"": ""2"", ""TAZID"": ""1066""}"
332,"深圳-1329","深圳市 · UrbanEV历史站点（详细地址未提供）",113.918524,22.517326,150,online,"2026-09-08 00:53:31",1329,"{""station_id"": ""1329"", ""longitude"": ""113.918524"", ""latitude"": ""22.517326"", ""slow_count"": ""6"", ""fast_count"": ""0"", ""charge_count"": ""6"", ""TAZID"": ""1068""}"
333,"深圳-1330","深圳市 · UrbanEV历史站点（详细地址未提供）",113.918816,22.757591,150,online,"2026-09-08 00:53:31",1330,"{""station_id"": ""1330"", ""longitude"": ""113.918816"", ""latitude"": ""22.757591"", ""slow_count"": ""0"", ""fast_count"": ""53"", ""charge_count"": ""53"", ""TAZID"": ""633""}"
334,"深圳-1331","深圳市 · UrbanEV历史站点（详细地址未提供）",113.919052,22.552793,150,online,"2026-09-08 00:53:31",1331,"{""station_id"": ""1331"", ""longitude"": ""113.919052"", ""latitude"": ""22.552793"", ""slow_count"": ""6"", ""fast_count"": ""0"", ""charge_count"": ""6"", ""TAZID"": ""1076""}"
335,"深圳-1332","深圳市 · UrbanEV历史站点（详细地址未提供）",113.919175,22.538244,150,online,"2026-09-08 00:53:31",1332,"{""station_id"": ""1332"", ""longitude"": ""113.919175"", ""latitude"": ""22.538244"", ""slow_count"": ""2"", ""fast_count"": ""0"", ""charge_count"": ""2"", ""TAZID"": ""1074""}"
336,"深圳-1333","深圳市 · UrbanEV历史站点（详细地址未提供）",113.919356,22.540094,150,online,"2026-09-08 00:53:31",1333,"{""station_id"": ""1333"", ""longitude"": ""113.919356"", ""latitude"": ""22.540094"", ""slow_count"": ""24"", ""fast_count"": ""0"", ""charge_count"": ""24"", ""TAZID"": ""1074""}"
337,"深圳-1334","深圳市 · UrbanEV历史站点（详细地址未提供）",113.919439,22.526032,150,online,"2026-09-08 00:53:31",1334,"{""station_id"": ""1334"", ""longitude"": ""113.919439"", ""latitude"": ""22.526032"", ""slow_count"": ""4"", ""fast_count"": ""0"", ""charge_count"": ""4"", ""TAZID"": ""1068""}"
338,"深圳-1335","深圳市 · UrbanEV历史站点（详细地址未提供）",113.919662,22.522678,150,online,"2026-09-08 00:53:31",1335,"{""station_id"": ""1335"", ""longitude"": ""113.919662"", ""latitude"": ""22.522678"", ""slow_count"": ""3"", ""fast_count"": ""0"", ""charge_count"": ""3"", ""TAZID"": ""1068""}"
339,"深圳-1336","深圳市 · UrbanEV历史站点（详细地址未提供）",113.919848,22.514157,150,online,"2026-09-08 00:53:31",1336,"{""station_id"": ""1336"", ""longitude"": ""113.919848"", ""latitude"": ""22.514157"", ""slow_count"": ""4"", ""fast_count"": ""0"", ""charge_count"": ""4"", ""TAZID"": ""1068""}"
340,"深圳-1337","深圳市 · UrbanEV历史站点（详细地址未提供）",113.92004,22.486376,150,online,"2026-09-08 00:53:31",1337,"{""station_id"": ""1337"", ""longitude"": ""113.92004"", ""latitude"": ""22.486376"", ""slow_count"": ""8"", ""fast_count"": ""0"", ""charge_count"": ""8"", ""TAZID"": ""1083""}"
341,"深圳-1338","深圳市 · UrbanEV历史站点（详细地址未提供）",113.92004,22.486376,150,online,"2026-09-08 00:53:31",1338,"{""station_id"": ""1338"", ""longitude"": ""113.92004"", ""latitude"": ""22.486376"", ""slow_count"": ""8"", ""fast_count"": ""0"", ""charge_count"": ""8"", ""TAZID"": ""1083""}"
342,"深圳-1339","深圳市 · UrbanEV历史站点（详细地址未提供）",113.92015,22.505631,150,online,"2026-09-08 00:53:31",1339,"{""station_id"": ""1339"", ""longitude"": ""113.92015"", ""latitude"": ""22.505631"", ""slow_count"": ""24"", ""fast_count"": ""0"", ""charge_count"": ""24"", ""TAZID"": ""1092""}"
343,"深圳-1340","深圳市 · UrbanEV历史站点（详细地址未提供）",113.920228,22.535621,150,online,"2026-09-08 00:53:31",1340,"{""station_id"": ""1340"", ""longitude"": ""113.920228"", ""latitude"": ""22.535621"", ""slow_count"": ""39"", ""fast_count"": ""0"", ""charge_count"": ""39"", ""TAZID"": ""1074""}"
344,"深圳-1341","深圳市 · UrbanEV历史站点（详细地址未提供）",113.920625,22.554441,150,online,"2026-09-08 00:53:31",1341,"{""station_id"": ""1341"", ""longitude"": ""113.920625"", ""latitude"": ""22.554441"", ""slow_count"": ""46"", ""fast_count"": ""0"", ""charge_count"": ""46"", ""TAZID"": ""1076""}"
345,"深圳-1342","深圳市 · UrbanEV历史站点（详细地址未提供）",113.920728,22.554594,150,online,"2026-09-08 00:53:31",1342,"{""station_id"": ""1342"", ""longitude"": ""113.920728"", ""latitude"": ""22.554594"", ""slow_count"": ""36"", ""fast_count"": ""0"", ""charge_count"": ""36"", ""TAZID"": ""1076""}"
346,"深圳-1343","深圳市 · UrbanEV历史站点（详细地址未提供）",113.920728,22.554594,150,online,"2026-09-08 00:53:31",1343,"{""station_id"": ""1343"", ""longitude"": ""113.920728"", ""latitude"": ""22.554594"", ""slow_count"": ""36"", ""fast_count"": ""0"", ""charge_count"": ""36"", ""TAZID"": ""1076""}"
347,"深圳-1344","深圳市 · UrbanEV历史站点（详细地址未提供）",113.920759,22.512573,150,online,"2026-09-08 00:53:31",1344,"{""station_id"": ""1344"", ""longitude"": ""113.920759"", ""latitude"": ""22.512573"", ""slow_count"": ""12"", ""fast_count"": ""0"", ""charge_count"": ""12"", ""TAZID"": ""1068""}"
348,"深圳-1345","深圳市 · UrbanEV历史站点（详细地址未提供）",113.920825,22.493997,150,online,"2026-09-08 00:53:31",1345,"{""station_id"": ""1345"", ""longitude"": ""113.920825"", ""latitude"": ""22.493997"", ""slow_count"": ""6"", ""fast_count"": ""0"", ""charge_count"": ""6"", ""TAZID"": ""1093""}"
349,"深圳-1346","深圳市 · UrbanEV历史站点（详细地址未提供）",113.920836,22.524964,150,online,"2026-09-08 00:53:31",1346,"{""station_id"": ""1346"", ""longitude"": ""113.920836"", ""latitude"": ""22.524964"", ""slow_count"": ""6"", ""fast_count"": ""0"", ""charge_count"": ""6"", ""TAZID"": ""1068""}"
350,"深圳-1347","深圳市 · UrbanEV历史站点（详细地址未提供）",113.920863,22.513684,150,online,"2026-09-08 00:53:31",1347,"{""station_id"": ""1347"", ""longitude"": ""113.920863"", ""latitude"": ""22.513684"", ""slow_count"": ""4"", ""fast_count"": ""0"", ""charge_count"": ""4"", ""TAZID"": ""1068""}"
351,"深圳-1348","深圳市 · UrbanEV历史站点（详细地址未提供）",113.92127,22.67241,150,online,"2026-09-08 00:53:31",1348,"{""station_id"": ""1348"", ""longitude"": ""113.92127"", ""latitude"": ""22.67241"", ""slow_count"": ""0"", ""fast_count"": ""9"", ""charge_count"": ""9"", ""TAZID"": ""649""}"
352,"深圳-1349","深圳市 · UrbanEV历史站点（详细地址未提供）",113.921492,22.516192,150,online,"2026-09-08 00:53:31",1349,"{""station_id"": ""1349"", ""longitude"": ""113.921492"", ""latitude"": ""22.516192"", ""slow_count"": ""43"", ""fast_count"": ""4"", ""charge_count"": ""47"", ""TAZID"": ""1068""}"
353,"深圳-1350","深圳市 · UrbanEV历史站点（详细地址未提供）",113.921492,22.516192,150,online,"2026-09-08 00:53:31",1350,"{""station_id"": ""1350"", ""longitude"": ""113.921492"", ""latitude"": ""22.516192"", ""slow_count"": ""40"", ""fast_count"": ""4"", ""charge_count"": ""44"", ""TAZID"": ""1068""}"
354,"深圳-1351","深圳市 · UrbanEV历史站点（详细地址未提供）",113.921713,22.527513,150,online,"2026-09-08 00:53:31",1351,"{""station_id"": ""1351"", ""longitude"": ""113.921713"", ""latitude"": ""22.527513"", ""slow_count"": ""1"", ""fast_count"": ""0"", ""charge_count"": ""1"", ""TAZID"": ""1096""}"
355,"深圳-1352","深圳市 · UrbanEV历史站点（详细地址未提供）",113.921721,22.528602,150,online,"2026-09-08 00:53:31",1352,"{""station_id"": ""1352"", ""longitude"": ""113.921721"", ""latitude"": ""22.528602"", ""slow_count"": ""1"", ""fast_count"": ""0"", ""charge_count"": ""1"", ""TAZID"": ""1096""}"
356,"深圳-1353","深圳市 · UrbanEV历史站点（详细地址未提供）",113.922034,22.531533,150,online,"2026-09-08 00:53:31",1353,"{""station_id"": ""1353"", ""longitude"": ""113.922034"", ""latitude"": ""22.531533"", ""slow_count"": ""12"", ""fast_count"": ""0"", ""charge_count"": ""12"", ""TAZID"": ""1096""}"
357,"深圳-1354","深圳市 · UrbanEV历史站点（详细地址未提供）",113.922767,22.663999,150,online,"2026-09-08 00:53:31",1354,"{""station_id"": ""1354"", ""longitude"": ""113.922767"", ""latitude"": ""22.663999"", ""slow_count"": ""2"", ""fast_count"": ""0"", ""charge_count"": ""2"", ""TAZID"": ""649""}"
358,"深圳-1355","深圳市 · UrbanEV历史站点（详细地址未提供）",113.92279,22.519846,150,online,"2026-09-08 00:53:31",1355,"{""station_id"": ""1355"", ""longitude"": ""113.92279"", ""latitude"": ""22.519846"", ""slow_count"": ""2"", ""fast_count"": ""0"", ""charge_count"": ""2"", ""TAZID"": ""1068""}"
359,"深圳-1356","深圳市 · UrbanEV历史站点（详细地址未提供）",113.922847,22.533784,150,online,"2026-09-08 00:53:31",1356,"{""station_id"": ""1356"", ""longitude"": ""113.922847"", ""latitude"": ""22.533784"", ""slow_count"": ""3"", ""fast_count"": ""0"", ""charge_count"": ""3"", ""TAZID"": ""1096""}"
360,"深圳-1357","深圳市 · UrbanEV历史站点（详细地址未提供）",113.922874,22.537369,150,online,"2026-09-08 00:53:31",1357,"{""station_id"": ""1357"", ""longitude"": ""113.922874"", ""latitude"": ""22.537369"", ""slow_count"": ""14"", ""fast_count"": ""0"", ""charge_count"": ""14"", ""TAZID"": ""1074""}"
361,"深圳-1358","深圳市 · UrbanEV历史站点（详细地址未提供）",113.922874,22.537369,150,online,"2026-09-08 00:53:31",1358,"{""station_id"": ""1358"", ""longitude"": ""113.922874"", ""latitude"": ""22.537369"", ""slow_count"": ""14"", ""fast_count"": ""0"", ""charge_count"": ""14"", ""TAZID"": ""1074""}"
362,"深圳-1359","深圳市 · UrbanEV历史站点（详细地址未提供）",113.923038,22.518393,150,online,"2026-09-08 00:53:31",1359,"{""station_id"": ""1359"", ""longitude"": ""113.923038"", ""latitude"": ""22.518393"", ""slow_count"": ""4"", ""fast_count"": ""0"", ""charge_count"": ""4"", ""TAZID"": ""1085""}"
363,"深圳-1360","深圳市 · UrbanEV历史站点（详细地址未提供）",113.923273,22.765474,150,online,"2026-09-08 00:53:31",1360,"{""station_id"": ""1360"", ""longitude"": ""113.923273"", ""latitude"": ""22.765474"", ""slow_count"": ""18"", ""fast_count"": ""0"", ""charge_count"": ""18"", ""TAZID"": ""659""}"
364,"深圳-1361","深圳市 · UrbanEV历史站点（详细地址未提供）",113.923676,22.509203,150,online,"2026-09-08 00:53:31",1361,"{""station_id"": ""1361"", ""longitude"": ""113.923676"", ""latitude"": ""22.509203"", ""slow_count"": ""10"", ""fast_count"": ""0"", ""charge_count"": ""10"", ""TAZID"": ""1088""}"
365,"深圳-1362","深圳市 · UrbanEV历史站点（详细地址未提供）",113.92368,22.693836,150,online,"2026-09-08 00:53:31",1362,"{""station_id"": ""1362"", ""longitude"": ""113.92368"", ""latitude"": ""22.693836"", ""slow_count"": ""20"", ""fast_count"": ""0"", ""charge_count"": ""20"", ""TAZID"": ""647""}"
366,"深圳-1363","深圳市 · UrbanEV历史站点（详细地址未提供）",113.923788,22.576558,150,online,"2026-09-08 00:53:31",1363,"{""station_id"": ""1363"", ""longitude"": ""113.923788"", ""latitude"": ""22.576558"", ""slow_count"": ""3"", ""fast_count"": ""0"", ""charge_count"": ""3"", ""TAZID"": ""958""}"
367,"深圳-1364","深圳市 · UrbanEV历史站点（详细地址未提供）",113.923885,22.527438,150,online,"2026-09-08 00:53:31",1364,"{""station_id"": ""1364"", ""longitude"": ""113.923885"", ""latitude"": ""22.527438"", ""slow_count"": ""4"", ""fast_count"": ""0"", ""charge_count"": ""4"", ""TAZID"": ""1096""}"
368,"深圳-1365","深圳市 · UrbanEV历史站点（详细地址未提供）",113.923943,22.515938,150,online,"2026-09-08 00:53:31",1365,"{""station_id"": ""1365"", ""longitude"": ""113.923943"", ""latitude"": ""22.515938"", ""slow_count"": ""2"", ""fast_count"": ""0"", ""charge_count"": ""2"", ""TAZID"": ""1088""}"
369,"深圳-1366","深圳市 · UrbanEV历史站点（详细地址未提供）",113.923972,22.549065,150,online,"2026-09-08 00:53:31",1366,"{""station_id"": ""1366"", ""longitude"": ""113.923972"", ""latitude"": ""22.549065"", ""slow_count"": ""12"", ""fast_count"": ""0"", ""charge_count"": ""12"", ""TAZID"": ""1076""}"
370,"深圳-1367","深圳市 · UrbanEV历史站点（详细地址未提供）",113.924005,22.573024,150,online,"2026-09-08 00:53:31",1367,"{""station_id"": ""1367"", ""longitude"": ""113.924005"", ""latitude"": ""22.573024"", ""slow_count"": ""12"", ""fast_count"": ""0"", ""charge_count"": ""12"", ""TAZID"": ""958""}"
371,"深圳-1368","深圳市 · UrbanEV历史站点（详细地址未提供）",113.924005,22.573024,150,online,"2026-09-08 00:53:31",1368,"{""station_id"": ""1368"", ""longitude"": ""113.924005"", ""latitude"": ""22.573024"", ""slow_count"": ""12"", ""fast_count"": ""0"", ""charge_count"": ""12"", ""TAZID"": ""958""}"
372,"深圳-1369","深圳市 · UrbanEV历史站点（详细地址未提供）",113.924017,22.522602,150,online,"2026-09-08 00:53:31",1369,"{""station_id"": ""1369"", ""longitude"": ""113.924017"", ""latitude"": ""22.522602"", ""slow_count"": ""12"", ""fast_count"": ""0"", ""charge_count"": ""12"", ""TAZID"": ""1085""}"
373,"深圳-1370","深圳市 · UrbanEV历史站点（详细地址未提供）",113.924036,22.51264,150,online,"2026-09-08 00:53:31",1370,"{""station_id"": ""1370"", ""longitude"": ""113.924036"", ""latitude"": ""22.51264"", ""slow_count"": ""19"", ""fast_count"": ""0"", ""charge_count"": ""19"", ""TAZID"": ""1088""}"
374,"深圳-1371","深圳市 · UrbanEV历史站点（详细地址未提供）",113.924111,22.523311,150,online,"2026-09-08 00:53:31",1371,"{""station_id"": ""1371"", ""longitude"": ""113.924111"", ""latitude"": ""22.523311"", ""slow_count"": ""18"", ""fast_count"": ""0"", ""charge_count"": ""18"", ""TAZID"": ""1068""}"
375,"深圳-1372","深圳市 · UrbanEV历史站点（详细地址未提供）",113.924145,22.511704,150,online,"2026-09-08 00:53:31",1372,"{""station_id"": ""1372"", ""longitude"": ""113.924145"", ""latitude"": ""22.511704"", ""slow_count"": ""32"", ""fast_count"": ""0"", ""charge_count"": ""32"", ""TAZID"": ""1088""}"
376,"深圳-1373","深圳市 · UrbanEV历史站点（详细地址未提供）",113.924843,22.524123,150,online,"2026-09-08 00:53:31",1373,"{""station_id"": ""1373"", ""longitude"": ""113.924843"", ""latitude"": ""22.524123"", ""slow_count"": ""12"", ""fast_count"": ""0"", ""charge_count"": ""12"", ""TAZID"": ""1085""}"
377,"深圳-1374","深圳市 · UrbanEV历史站点（详细地址未提供）",113.925063,22.536271,150,online,"2026-09-08 00:53:31",1374,"{""station_id"": ""1374"", ""longitude"": ""113.925063"", ""latitude"": ""22.536271"", ""slow_count"": ""6"", ""fast_count"": ""0"", ""charge_count"": ""6"", ""TAZID"": ""1074""}"
378,"深圳-1375","深圳市 · UrbanEV历史站点（详细地址未提供）",113.925073,22.577021,150,online,"2026-09-08 00:53:31",1375,"{""station_id"": ""1375"", ""longitude"": ""113.925073"", ""latitude"": ""22.577021"", ""slow_count"": ""12"", ""fast_count"": ""0"", ""charge_count"": ""12"", ""TAZID"": ""958""}"
379,"深圳-1376","深圳市 · UrbanEV历史站点（详细地址未提供）",113.92523,22.724682,150,online,"2026-09-08 00:53:31",1376,"{""station_id"": ""1376"", ""longitude"": ""113.92523"", ""latitude"": ""22.724682"", ""slow_count"": ""0"", ""fast_count"": ""12"", ""charge_count"": ""12"", ""TAZID"": ""641""}"
380,"深圳-1377","深圳市 · UrbanEV历史站点（详细地址未提供）",113.925335,22.546315,150,online,"2026-09-08 00:53:31",1377,"{""station_id"": ""1377"", ""longitude"": ""113.925335"", ""latitude"": ""22.546315"", ""slow_count"": ""12"", ""fast_count"": ""0"", ""charge_count"": ""12"", ""TAZID"": ""1076""}"
381,"深圳-1378","深圳市 · UrbanEV历史站点（详细地址未提供）",113.925543,22.514911,150,online,"2026-09-08 00:53:31",1378,"{""station_id"": ""1378"", ""longitude"": ""113.925543"", ""latitude"": ""22.514911"", ""slow_count"": ""62"", ""fast_count"": ""8"", ""charge_count"": ""70"", ""TAZID"": ""1088""}"
382,"深圳-1379","深圳市 · UrbanEV历史站点（详细地址未提供）",113.925543,22.514911,150,online,"2026-09-08 00:53:31",1379,"{""station_id"": ""1379"", ""longitude"": ""113.925543"", ""latitude"": ""22.514911"", ""slow_count"": ""61"", ""fast_count"": ""8"", ""charge_count"": ""69"", ""TAZID"": ""1088""}"
383,"深圳-1380","深圳市 · UrbanEV历史站点（详细地址未提供）",113.925598,22.511655,150,online,"2026-09-08 00:53:31",1380,"{""station_id"": ""1380"", ""longitude"": ""113.925598"", ""latitude"": ""22.511655"", ""slow_count"": ""41"", ""fast_count"": ""0"", ""charge_count"": ""41"", ""TAZID"": ""1088""}"
384,"深圳-1381","深圳市 · UrbanEV历史站点（详细地址未提供）",113.925598,22.511655,150,online,"2026-09-08 00:53:31",1381,"{""station_id"": ""1381"", ""longitude"": ""113.925598"", ""latitude"": ""22.511655"", ""slow_count"": ""41"", ""fast_count"": ""0"", ""charge_count"": ""41"", ""TAZID"": ""1088""}"
385,"深圳-1382","深圳市 · UrbanEV历史站点（详细地址未提供）",113.925693,22.536136,150,online,"2026-09-08 00:53:31",1382,"{""station_id"": ""1382"", ""longitude"": ""113.925693"", ""latitude"": ""22.536136"", ""slow_count"": ""1"", ""fast_count"": ""0"", ""charge_count"": ""1"", ""TAZID"": ""1074""}"
386,"深圳-1383","深圳市 · UrbanEV历史站点（详细地址未提供）",113.92571,22.524621,150,online,"2026-09-08 00:53:31",1383,"{""station_id"": ""1383"", ""longitude"": ""113.92571"", ""latitude"": ""22.524621"", ""slow_count"": ""16"", ""fast_count"": ""0"", ""charge_count"": ""16"", ""TAZID"": ""1085""}"
387,"深圳-1384","深圳市 · UrbanEV历史站点（详细地址未提供）",113.925772,22.541289,150,online,"2026-09-08 00:53:31",1384,"{""station_id"": ""1384"", ""longitude"": ""113.925772"", ""latitude"": ""22.541289"", ""slow_count"": ""9"", ""fast_count"": ""0"", ""charge_count"": ""9"", ""TAZID"": ""1074""}"
388,"深圳-1385","深圳市 · UrbanEV历史站点（详细地址未提供）",113.925772,22.541289,150,online,"2026-09-08 00:53:31",1385,"{""station_id"": ""1385"", ""longitude"": ""113.925772"", ""latitude"": ""22.541289"", ""slow_count"": ""9"", ""fast_count"": ""0"", ""charge_count"": ""9"", ""TAZID"": ""1074""}"
389,"深圳-1386","深圳市 · UrbanEV历史站点（详细地址未提供）",113.926594,22.529337,150,online,"2026-09-08 00:53:31",1386,"{""station_id"": ""1386"", ""longitude"": ""113.926594"", ""latitude"": ""22.529337"", ""slow_count"": ""1"", ""fast_count"": ""0"", ""charge_count"": ""1"", ""TAZID"": ""326""}"
390,"深圳-1387","深圳市 · UrbanEV历史站点（详细地址未提供）",113.926702,22.510845,150,online,"2026-09-08 00:53:31",1387,"{""station_id"": ""1387"", ""longitude"": ""113.926702"", ""latitude"": ""22.510845"", ""slow_count"": ""6"", ""fast_count"": ""0"", ""charge_count"": ""6"", ""TAZID"": ""1088""}"
391,"深圳-1388","深圳市 · UrbanEV历史站点（详细地址未提供）",113.927038,22.545685,150,online,"2026-09-08 00:53:31",1388,"{""station_id"": ""1388"", ""longitude"": ""113.927038"", ""latitude"": ""22.545685"", ""slow_count"": ""6"", ""fast_count"": ""0"", ""charge_count"": ""6"", ""TAZID"": ""1076""}"
392,"深圳-1389","深圳市 · UrbanEV历史站点（详细地址未提供）",113.927137,22.520885,150,online,"2026-09-08 00:53:31",1389,"{""station_id"": ""1389"", ""longitude"": ""113.927137"", ""latitude"": ""22.520885"", ""slow_count"": ""15"", ""fast_count"": ""0"", ""charge_count"": ""15"", ""TAZID"": ""1085""}"
393,"深圳-1390","深圳市 · UrbanEV历史站点（详细地址未提供）",113.9273,22.52641,150,online,"2026-09-08 00:53:31",1390,"{""station_id"": ""1390"", ""longitude"": ""113.9273"", ""latitude"": ""22.52641"", ""slow_count"": ""10"", ""fast_count"": ""0"", ""charge_count"": ""10"", ""TAZID"": ""326""}"
394,"深圳-1391","深圳市 · UrbanEV历史站点（详细地址未提供）",113.927618,22.526743,150,online,"2026-09-08 00:53:31",1391,"{""station_id"": ""1391"", ""longitude"": ""113.927618"", ""latitude"": ""22.526743"", ""slow_count"": ""6"", ""fast_count"": ""0"", ""charge_count"": ""6"", ""TAZID"": ""326""}"
395,"深圳-1392","深圳市 · UrbanEV历史站点（详细地址未提供）",113.927741,22.542353,150,online,"2026-09-08 00:53:31",1392,"{""station_id"": ""1392"", ""longitude"": ""113.927741"", ""latitude"": ""22.542353"", ""slow_count"": ""12"", ""fast_count"": ""0"", ""charge_count"": ""12"", ""TAZID"": ""326""}"
396,"深圳-1393","深圳市 · UrbanEV历史站点（详细地址未提供）",113.927825,22.582072,150,online,"2026-09-08 00:53:31",1393,"{""station_id"": ""1393"", ""longitude"": ""113.927825"", ""latitude"": ""22.582072"", ""slow_count"": ""14"", ""fast_count"": ""0"", ""charge_count"": ""14"", ""TAZID"": ""958""}"
397,"深圳-1394","深圳市 · UrbanEV历史站点（详细地址未提供）",113.927825,22.582072,150,online,"2026-09-08 00:53:31",1394,"{""station_id"": ""1394"", ""longitude"": ""113.927825"", ""latitude"": ""22.582072"", ""slow_count"": ""14"", ""fast_count"": ""0"", ""charge_count"": ""14"", ""TAZID"": ""958""}"
398,"深圳-1395","深圳市 · UrbanEV历史站点（详细地址未提供）",113.928113,22.515384,150,online,"2026-09-08 00:53:31",1395,"{""station_id"": ""1395"", ""longitude"": ""113.928113"", ""latitude"": ""22.515384"", ""slow_count"": ""7"", ""fast_count"": ""0"", ""charge_count"": ""7"", ""TAZID"": ""1087""}"
399,"深圳-1396","深圳市 · UrbanEV历史站点（详细地址未提供）",113.928222,22.513089,150,online,"2026-09-08 00:53:31",1396,"{""station_id"": ""1396"", ""longitude"": ""113.928222"", ""latitude"": ""22.513089"", ""slow_count"": ""3"", ""fast_count"": ""0"", ""charge_count"": ""3"", ""TAZID"": ""1087""}"
400,"深圳-1397","深圳市 · UrbanEV历史站点（详细地址未提供）",113.92833,22.544127,150,online,"2026-09-08 00:53:31",1397,"{""station_id"": ""1397"", ""longitude"": ""113.92833"", ""latitude"": ""22.544127"", ""slow_count"": ""5"", ""fast_count"": ""0"", ""charge_count"": ""5"", ""TAZID"": ""324""}"
401,"深圳-1398","深圳市 · UrbanEV历史站点（详细地址未提供）",113.928477,22.51441,150,online,"2026-09-08 00:53:31",1398,"{""station_id"": ""1398"", ""longitude"": ""113.928477"", ""latitude"": ""22.51441"", ""slow_count"": ""6"", ""fast_count"": ""0"", ""charge_count"": ""6"", ""TAZID"": ""1087""}"
402,"深圳-1399","深圳市 · UrbanEV历史站点（详细地址未提供）",113.928609,22.517165,150,online,"2026-09-08 00:53:31",1399,"{""station_id"": ""1399"", ""longitude"": ""113.928609"", ""latitude"": ""22.517165"", ""slow_count"": ""12"", ""fast_count"": ""0"", ""charge_count"": ""12"", ""TAZID"": ""1087""}"
403,"深圳-1400","深圳市 · UrbanEV历史站点（详细地址未提供）",113.928799,22.551563,150,online,"2026-09-08 00:53:31",1400,"{""station_id"": ""1400"", ""longitude"": ""113.928799"", ""latitude"": ""22.551563"", ""slow_count"": ""6"", ""fast_count"": ""0"", ""charge_count"": ""6"", ""TAZID"": ""1076""}"
404,"深圳-1401","深圳市 · UrbanEV历史站点（详细地址未提供）",113.92893,22.505508,150,online,"2026-09-08 00:53:31",1401,"{""station_id"": ""1401"", ""longitude"": ""113.92893"", ""latitude"": ""22.505508"", ""slow_count"": ""34"", ""fast_count"": ""0"", ""charge_count"": ""34"", ""TAZID"": ""1090""}"
405,"深圳-1402","深圳市 · UrbanEV历史站点（详细地址未提供）",113.929134,22.549984,150,online,"2026-09-08 00:53:31",1402,"{""station_id"": ""1402"", ""longitude"": ""113.929134"", ""latitude"": ""22.549984"", ""slow_count"": ""3"", ""fast_count"": ""0"", ""charge_count"": ""3"", ""TAZID"": ""324""}"
406,"深圳-1403","深圳市 · UrbanEV历史站点（详细地址未提供）",113.929314,22.663549,150,online,"2026-09-08 00:53:31",1403,"{""station_id"": ""1403"", ""longitude"": ""113.929314"", ""latitude"": ""22.663549"", ""slow_count"": ""0"", ""fast_count"": ""6"", ""charge_count"": ""6"", ""TAZID"": ""628""}"
407,"深圳-1404","深圳市 · UrbanEV历史站点（详细地址未提供）",113.929314,22.663549,150,online,"2026-09-08 00:53:31",1404,"{""station_id"": ""1404"", ""longitude"": ""113.929314"", ""latitude"": ""22.663549"", ""slow_count"": ""0"", ""fast_count"": ""6"", ""charge_count"": ""6"", ""TAZID"": ""628""}"
408,"深圳-1405","深圳市 · UrbanEV历史站点（详细地址未提供）",113.929574,22.520275,150,online,"2026-09-08 00:53:31",1405,"{""station_id"": ""1405"", ""longitude"": ""113.929574"", ""latitude"": ""22.520275"", ""slow_count"": ""15"", ""fast_count"": ""0"", ""charge_count"": ""15"", ""TAZID"": ""1086""}"
409,"深圳-1406","深圳市 · UrbanEV历史站点（详细地址未提供）",113.929574,22.520275,150,online,"2026-09-08 00:53:31",1406,"{""station_id"": ""1406"", ""longitude"": ""113.929574"", ""latitude"": ""22.520275"", ""slow_count"": ""15"", ""fast_count"": ""0"", ""charge_count"": ""15"", ""TAZID"": ""1086""}"
410,"深圳-1407","深圳市 · UrbanEV历史站点（详细地址未提供）",113.93005,22.519667,150,online,"2026-09-08 00:53:31",1407,"{""station_id"": ""1407"", ""longitude"": ""113.93005"", ""latitude"": ""22.519667"", ""slow_count"": ""3"", ""fast_count"": ""0"", ""charge_count"": ""3"", ""TAZID"": ""1086""}"
411,"深圳-1408","深圳市 · UrbanEV历史站点（详细地址未提供）",113.930055,22.718044,150,online,"2026-09-08 00:53:31",1408,"{""station_id"": ""1408"", ""longitude"": ""113.930055"", ""latitude"": ""22.718044"", ""slow_count"": ""0"", ""fast_count"": ""10"", ""charge_count"": ""10"", ""TAZID"": ""641""}"
412,"深圳-1409","深圳市 · UrbanEV历史站点（详细地址未提供）",113.930231,22.512993,150,online,"2026-09-08 00:53:31",1409,"{""station_id"": ""1409"", ""longitude"": ""113.930231"", ""latitude"": ""22.512993"", ""slow_count"": ""12"", ""fast_count"": ""0"", ""charge_count"": ""12"", ""TAZID"": ""1087""}"
413,"深圳-1410","深圳市 · UrbanEV历史站点（详细地址未提供）",113.930444,22.526115,150,online,"2026-09-08 00:53:31",1410,"{""station_id"": ""1410"", ""longitude"": ""113.930444"", ""latitude"": ""22.526115"", ""slow_count"": ""6"", ""fast_count"": ""0"", ""charge_count"": ""6"", ""TAZID"": ""1071""}"
414,"深圳-1411","深圳市 · UrbanEV历史站点（详细地址未提供）",113.930472,22.54242,150,online,"2026-09-08 00:53:31",1411,"{""station_id"": ""1411"", ""longitude"": ""113.930472"", ""latitude"": ""22.54242"", ""slow_count"": ""6"", ""fast_count"": ""0"", ""charge_count"": ""6"", ""TAZID"": ""326""}"
415,"深圳-1412","深圳市 · UrbanEV历史站点（详细地址未提供）",113.930998,22.512933,150,online,"2026-09-08 00:53:31",1412,"{""station_id"": ""1412"", ""longitude"": ""113.930998"", ""latitude"": ""22.512933"", ""slow_count"": ""12"", ""fast_count"": ""0"", ""charge_count"": ""12"", ""TAZID"": ""1087""}"
416,"深圳-1413","深圳市 · UrbanEV历史站点（详细地址未提供）",113.930999,22.549061,150,online,"2026-09-08 00:53:31",1413,"{""station_id"": ""1413"", ""longitude"": ""113.930999"", ""latitude"": ""22.549061"", ""slow_count"": ""6"", ""fast_count"": ""0"", ""charge_count"": ""6"", ""TAZID"": ""324""}"
417,"深圳-1414","深圳市 · UrbanEV历史站点（详细地址未提供）",113.931223,22.493366,150,online,"2026-09-08 00:53:31",1414,"{""station_id"": ""1414"", ""longitude"": ""113.931223"", ""latitude"": ""22.493366"", ""slow_count"": ""6"", ""fast_count"": ""0"", ""charge_count"": ""6"", ""TAZID"": ""1094""}"
418,"深圳-1415","深圳市 · UrbanEV历史站点（详细地址未提供）",113.931272,22.516818,150,online,"2026-09-08 00:53:31",1415,"{""station_id"": ""1415"", ""longitude"": ""113.931272"", ""latitude"": ""22.516818"", ""slow_count"": ""12"", ""fast_count"": ""0"", ""charge_count"": ""12"", ""TAZID"": ""1087""}"
419,"深圳-1416","深圳市 · UrbanEV历史站点（详细地址未提供）",113.931405,22.494167,150,online,"2026-09-08 00:53:31",1416,"{""station_id"": ""1416"", ""longitude"": ""113.931405"", ""latitude"": ""22.494167"", ""slow_count"": ""12"", ""fast_count"": ""0"", ""charge_count"": ""12"", ""TAZID"": ""1094""}"
420,"深圳-1417","深圳市 · UrbanEV历史站点（详细地址未提供）",113.931863,22.512717,150,online,"2026-09-08 00:53:31",1417,"{""station_id"": ""1417"", ""longitude"": ""113.931863"", ""latitude"": ""22.512717"", ""slow_count"": ""6"", ""fast_count"": ""0"", ""charge_count"": ""6"", ""TAZID"": ""1087""}"
421,"深圳-1418","深圳市 · UrbanEV历史站点（详细地址未提供）",113.932639,22.549004,150,online,"2026-09-08 00:53:31",1418,"{""station_id"": ""1418"", ""longitude"": ""113.932639"", ""latitude"": ""22.549004"", ""slow_count"": ""5"", ""fast_count"": ""0"", ""charge_count"": ""5"", ""TAZID"": ""324""}"
422,"深圳-1419","深圳市 · UrbanEV历史站点（详细地址未提供）",113.932763,22.479237,150,online,"2026-09-08 00:53:31",1419,"{""station_id"": ""1419"", ""longitude"": ""113.932763"", ""latitude"": ""22.479237"", ""slow_count"": ""36"", ""fast_count"": ""0"", ""charge_count"": ""36"", ""TAZID"": ""1083""}"
423,"深圳-1420","深圳市 · UrbanEV历史站点（详细地址未提供）",113.932805,22.542201,150,online,"2026-09-08 00:53:31",1420,"{""station_id"": ""1420"", ""longitude"": ""113.932805"", ""latitude"": ""22.542201"", ""slow_count"": ""41"", ""fast_count"": ""0"", ""charge_count"": ""41"", ""TAZID"": ""326""}"
424,"深圳-1421","深圳市 · UrbanEV历史站点（详细地址未提供）",113.9337,22.543519,150,online,"2026-09-08 00:53:31",1421,"{""station_id"": ""1421"", ""longitude"": ""113.9337"", ""latitude"": ""22.543519"", ""slow_count"": ""17"", ""fast_count"": ""0"", ""charge_count"": ""17"", ""TAZID"": ""324""}"
425,"深圳-1422","深圳市 · UrbanEV历史站点（详细地址未提供）",113.9337,22.543519,150,online,"2026-09-08 00:53:31",1422,"{""station_id"": ""1422"", ""longitude"": ""113.9337"", ""latitude"": ""22.543519"", ""slow_count"": ""17"", ""fast_count"": ""0"", ""charge_count"": ""17"", ""TAZID"": ""324""}"
426,"深圳-1423","深圳市 · UrbanEV历史站点（详细地址未提供）",113.933986,22.56042,150,online,"2026-09-08 00:53:31",1423,"{""station_id"": ""1423"", ""longitude"": ""113.933986"", ""latitude"": ""22.56042"", ""slow_count"": ""12"", ""fast_count"": ""0"", ""charge_count"": ""12"", ""TAZID"": ""321""}"
427,"深圳-1424","深圳市 · UrbanEV历史站点（详细地址未提供）",113.934828,22.560364,150,online,"2026-09-08 00:53:31",1424,"{""station_id"": ""1424"", ""longitude"": ""113.934828"", ""latitude"": ""22.560364"", ""slow_count"": ""3"", ""fast_count"": ""0"", ""charge_count"": ""3"", ""TAZID"": ""321""}"
428,"深圳-1425","深圳市 · UrbanEV历史站点（详细地址未提供）",113.935049,22.545405,150,online,"2026-09-08 00:53:31",1425,"{""station_id"": ""1425"", ""longitude"": ""113.935049"", ""latitude"": ""22.545405"", ""slow_count"": ""10"", ""fast_count"": ""0"", ""charge_count"": ""10"", ""TAZID"": ""324""}"
429,"深圳-1426","深圳市 · UrbanEV历史站点（详细地址未提供）",113.935285,22.545938,150,online,"2026-09-08 00:53:31",1426,"{""station_id"": ""1426"", ""longitude"": ""113.935285"", ""latitude"": ""22.545938"", ""slow_count"": ""23"", ""fast_count"": ""0"", ""charge_count"": ""23"", ""TAZID"": ""324""}"
430,"深圳-1427","深圳市 · UrbanEV历史站点（详细地址未提供）",113.935285,22.545938,150,online,"2026-09-08 00:53:31",1427,"{""station_id"": ""1427"", ""longitude"": ""113.935285"", ""latitude"": ""22.545938"", ""slow_count"": ""22"", ""fast_count"": ""0"", ""charge_count"": ""22"", ""TAZID"": ""324""}"
431,"深圳-1428","深圳市 · UrbanEV历史站点（详细地址未提供）",113.935363,22.557731,150,online,"2026-09-08 00:53:31",1428,"{""station_id"": ""1428"", ""longitude"": ""113.935363"", ""latitude"": ""22.557731"", ""slow_count"": ""17"", ""fast_count"": ""0"", ""charge_count"": ""17"", ""TAZID"": ""321""}"
432,"深圳-1429","深圳市 · UrbanEV历史站点（详细地址未提供）",113.935913,22.519999,150,online,"2026-09-08 00:53:31",1429,"{""station_id"": ""1429"", ""longitude"": ""113.935913"", ""latitude"": ""22.519999"", ""slow_count"": ""6"", ""fast_count"": ""0"", ""charge_count"": ""6"", ""TAZID"": ""347""}"
433,"深圳-1430","深圳市 · UrbanEV历史站点（详细地址未提供）",113.935979,22.544466,150,online,"2026-09-08 00:53:31",1430,"{""station_id"": ""1430"", ""longitude"": ""113.935979"", ""latitude"": ""22.544466"", ""slow_count"": ""76"", ""fast_count"": ""0"", ""charge_count"": ""76"", ""TAZID"": ""324""}"
434,"深圳-1431","深圳市 · UrbanEV历史站点（详细地址未提供）",113.93615,22.495288,150,online,"2026-09-08 00:53:31",1431,"{""station_id"": ""1431"", ""longitude"": ""113.93615"", ""latitude"": ""22.495288"", ""slow_count"": ""6"", ""fast_count"": ""0"", ""charge_count"": ""6"", ""TAZID"": ""307""}"
435,"深圳-1432","深圳市 · UrbanEV历史站点（详细地址未提供）",113.936238,22.631763,150,online,"2026-09-08 00:53:31",1432,"{""station_id"": ""1432"", ""longitude"": ""113.936238"", ""latitude"": ""22.631763"", ""slow_count"": ""11"", ""fast_count"": ""8"", ""charge_count"": ""19"", ""TAZID"": ""346""}"
436,"深圳-1433","深圳市 · UrbanEV历史站点（详细地址未提供）",113.936246,22.494419,150,online,"2026-09-08 00:53:31",1433,"{""station_id"": ""1433"", ""longitude"": ""113.936246"", ""latitude"": ""22.494419"", ""slow_count"": ""4"", ""fast_count"": ""0"", ""charge_count"": ""4"", ""TAZID"": ""307""}"
437,"深圳-1434","深圳市 · UrbanEV历史站点（详细地址未提供）",113.936386,22.606571,150,online,"2026-09-08 00:53:31",1434,"{""station_id"": ""1434"", ""longitude"": ""113.936386"", ""latitude"": ""22.606571"", ""slow_count"": ""0"", ""fast_count"": ""32"", ""charge_count"": ""32"", ""TAZID"": ""346""}"
438,"深圳-1435","深圳市 · UrbanEV历史站点（详细地址未提供）",113.936433,22.543427,150,online,"2026-09-08 00:53:31",1435,"{""station_id"": ""1435"", ""longitude"": ""113.936433"", ""latitude"": ""22.543427"", ""slow_count"": ""4"", ""fast_count"": ""0"", ""charge_count"": ""4"", ""TAZID"": ""324""}"
439,"深圳-1436","深圳市 · UrbanEV历史站点（详细地址未提供）",113.936525,22.627451,150,online,"2026-09-08 00:53:31",1436,"{""station_id"": ""1436"", ""longitude"": ""113.936525"", ""latitude"": ""22.627451"", ""slow_count"": ""11"", ""fast_count"": ""8"", ""charge_count"": ""19"", ""TAZID"": ""346""}"
440,"深圳-1437","深圳市 · UrbanEV历史站点（详细地址未提供）",113.937247,22.630207,150,online,"2026-09-08 00:53:31",1437,"{""station_id"": ""1437"", ""longitude"": ""113.937247"", ""latitude"": ""22.630207"", ""slow_count"": ""22"", ""fast_count"": ""2"", ""charge_count"": ""24"", ""TAZID"": ""346""}"
441,"深圳-1438","深圳市 · UrbanEV历史站点（详细地址未提供）",113.937247,22.630207,150,online,"2026-09-08 00:53:31",1438,"{""station_id"": ""1438"", ""longitude"": ""113.937247"", ""latitude"": ""22.630207"", ""slow_count"": ""22"", ""fast_count"": ""2"", ""charge_count"": ""24"", ""TAZID"": ""346""}"
442,"深圳-1439","深圳市 · UrbanEV历史站点（详细地址未提供）",113.93734,22.520385,150,online,"2026-09-08 00:53:31",1439,"{""station_id"": ""1439"", ""longitude"": ""113.93734"", ""latitude"": ""22.520385"", ""slow_count"": ""6"", ""fast_count"": ""0"", ""charge_count"": ""6"", ""TAZID"": ""347""}"
443,"深圳-1440","深圳市 · UrbanEV历史站点（详细地址未提供）",113.937401,22.520969,150,online,"2026-09-08 00:53:31",1440,"{""station_id"": ""1440"", ""longitude"": ""113.937401"", ""latitude"": ""22.520969"", ""slow_count"": ""12"", ""fast_count"": ""0"", ""charge_count"": ""12"", ""TAZID"": ""347""}"
444,"深圳-1441","深圳市 · UrbanEV历史站点（详细地址未提供）",113.93798,22.751792,150,online,"2026-09-08 00:53:31",1441,"{""station_id"": ""1441"", ""longitude"": ""113.93798"", ""latitude"": ""22.751792"", ""slow_count"": ""20"", ""fast_count"": ""0"", ""charge_count"": ""20"", ""TAZID"": ""656""}"
445,"深圳-1442","深圳市 · UrbanEV历史站点（详细地址未提供）",113.938007,22.558819,150,online,"2026-09-08 00:53:31",1442,"{""station_id"": ""1442"", ""longitude"": ""113.938007"", ""latitude"": ""22.558819"", ""slow_count"": ""12"", ""fast_count"": ""0"", ""charge_count"": ""12"", ""TAZID"": ""321""}"
446,"深圳-1443","深圳市 · UrbanEV历史站点（详细地址未提供）",113.938292,22.752069,150,online,"2026-09-08 00:53:31",1443,"{""station_id"": ""1443"", ""longitude"": ""113.938292"", ""latitude"": ""22.752069"", ""slow_count"": ""30"", ""fast_count"": ""0"", ""charge_count"": ""30"", ""TAZID"": ""656""}"
447,"深圳-1444","深圳市 · UrbanEV历史站点（详细地址未提供）",113.938413,22.626858,150,online,"2026-09-08 00:53:31",1444,"{""station_id"": ""1444"", ""longitude"": ""113.938413"", ""latitude"": ""22.626858"", ""slow_count"": ""5"", ""fast_count"": ""0"", ""charge_count"": ""5"", ""TAZID"": ""346""}"
448,"深圳-1445","深圳市 · UrbanEV历史站点（详细地址未提供）",113.938953,22.506216,150,online,"2026-09-08 00:53:31",1445,"{""station_id"": ""1445"", ""longitude"": ""113.938953"", ""latitude"": ""22.506216"", ""slow_count"": ""18"", ""fast_count"": ""0"", ""charge_count"": ""18"", ""TAZID"": ""307""}"
449,"深圳-1446","深圳市 · UrbanEV历史站点（详细地址未提供）",113.938953,22.506216,150,online,"2026-09-08 00:53:31",1446,"{""station_id"": ""1446"", ""longitude"": ""113.938953"", ""latitude"": ""22.506216"", ""slow_count"": ""18"", ""fast_count"": ""0"", ""charge_count"": ""18"", ""TAZID"": ""307""}"
450,"深圳-1447","深圳市 · UrbanEV历史站点（详细地址未提供）",113.93911,22.499241,150,online,"2026-09-08 00:53:31",1447,"{""station_id"": ""1447"", ""longitude"": ""113.93911"", ""latitude"": ""22.499241"", ""slow_count"": ""12"", ""fast_count"": ""0"", ""charge_count"": ""12"", ""TAZID"": ""307""}"
451,"深圳-1448","深圳市 · UrbanEV历史站点（详细地址未提供）",113.939111,22.501351,150,online,"2026-09-08 00:53:31",1448,"{""station_id"": ""1448"", ""longitude"": ""113.939111"", ""latitude"": ""22.501351"", ""slow_count"": ""12"", ""fast_count"": ""0"", ""charge_count"": ""12"", ""TAZID"": ""307""}"
452,"深圳-1449","深圳市 · UrbanEV历史站点（详细地址未提供）",113.939339,22.502577,150,online,"2026-09-08 00:53:31",1449,"{""station_id"": ""1449"", ""longitude"": ""113.939339"", ""latitude"": ""22.502577"", ""slow_count"": ""12"", ""fast_count"": ""0"", ""charge_count"": ""12"", ""TAZID"": ""307""}"
453,"深圳-1450","深圳市 · UrbanEV历史站点（详细地址未提供）",113.939946,22.540639,150,online,"2026-09-08 00:53:31",1450,"{""station_id"": ""1450"", ""longitude"": ""113.939946"", ""latitude"": ""22.540639"", ""slow_count"": ""30"", ""fast_count"": ""0"", ""charge_count"": ""30"", ""TAZID"": ""326""}"
454,"深圳-1451","深圳市 · UrbanEV历史站点（详细地址未提供）",113.94009,22.553153,150,online,"2026-09-08 00:53:31",1451,"{""station_id"": ""1451"", ""longitude"": ""113.94009"", ""latitude"": ""22.553153"", ""slow_count"": ""10"", ""fast_count"": ""0"", ""charge_count"": ""10"", ""TAZID"": ""324""}"
455,"深圳-1452","深圳市 · UrbanEV历史站点（详细地址未提供）",113.940103,22.503192,150,online,"2026-09-08 00:53:31",1452,"{""station_id"": ""1452"", ""longitude"": ""113.940103"", ""latitude"": ""22.503192"", ""slow_count"": ""14"", ""fast_count"": ""0"", ""charge_count"": ""14"", ""TAZID"": ""307""}"
456,"深圳-1453","深圳市 · UrbanEV历史站点（详细地址未提供）",113.940834,22.533622,150,online,"2026-09-08 00:53:31",1453,"{""station_id"": ""1453"", ""longitude"": ""113.940834"", ""latitude"": ""22.533622"", ""slow_count"": ""66"", ""fast_count"": ""0"", ""charge_count"": ""66"", ""TAZID"": ""1071""}"
457,"深圳-1454","深圳市 · UrbanEV历史站点（详细地址未提供）",113.941112,22.526563,150,online,"2026-09-08 00:53:31",1454,"{""station_id"": ""1454"", ""longitude"": ""113.941112"", ""latitude"": ""22.526563"", ""slow_count"": ""16"", ""fast_count"": ""0"", ""charge_count"": ""16"", ""TAZID"": ""1072""}"
458,"深圳-1455","深圳市 · UrbanEV历史站点（详细地址未提供）",113.941112,22.526563,150,online,"2026-09-08 00:53:31",1455,"{""station_id"": ""1455"", ""longitude"": ""113.941112"", ""latitude"": ""22.526563"", ""slow_count"": ""37"", ""fast_count"": ""0"", ""charge_count"": ""37"", ""TAZID"": ""1072""}"
459,"深圳-1456","深圳市 · UrbanEV历史站点（详细地址未提供）",113.941143,22.526476,150,online,"2026-09-08 00:53:31",1456,"{""station_id"": ""1456"", ""longitude"": ""113.941143"", ""latitude"": ""22.526476"", ""slow_count"": ""6"", ""fast_count"": ""0"", ""charge_count"": ""6"", ""TAZID"": ""1072""}"
460,"深圳-1457","深圳市 · UrbanEV历史站点（详细地址未提供）",113.941143,22.526476,150,online,"2026-09-08 00:53:31",1457,"{""station_id"": ""1457"", ""longitude"": ""113.941143"", ""latitude"": ""22.526476"", ""slow_count"": ""4"", ""fast_count"": ""0"", ""charge_count"": ""4"", ""TAZID"": ""1072""}"
461,"深圳-1458","深圳市 · UrbanEV历史站点（详细地址未提供）",113.941234,22.500391,150,online,"2026-09-08 00:53:31",1458,"{""station_id"": ""1458"", ""longitude"": ""113.941234"", ""latitude"": ""22.500391"", ""slow_count"": ""12"", ""fast_count"": ""0"", ""charge_count"": ""12"", ""TAZID"": ""307""}"
462,"深圳-1459","深圳市 · UrbanEV历史站点（详细地址未提供）",113.941249,22.497786,150,online,"2026-09-08 00:53:31",1459,"{""station_id"": ""1459"", ""longitude"": ""113.941249"", ""latitude"": ""22.497786"", ""slow_count"": ""6"", ""fast_count"": ""0"", ""charge_count"": ""6"", ""TAZID"": ""307""}"
463,"深圳-1460","深圳市 · UrbanEV历史站点（详细地址未提供）",113.941449,22.500517,150,online,"2026-09-08 00:53:31",1460,"{""station_id"": ""1460"", ""longitude"": ""113.941449"", ""latitude"": ""22.500517"", ""slow_count"": ""3"", ""fast_count"": ""0"", ""charge_count"": ""3"", ""TAZID"": ""307""}"
464,"深圳-1461","深圳市 · UrbanEV历史站点（详细地址未提供）",113.941527,22.499616,150,online,"2026-09-08 00:53:31",1461,"{""station_id"": ""1461"", ""longitude"": ""113.941527"", ""latitude"": ""22.499616"", ""slow_count"": ""6"", ""fast_count"": ""0"", ""charge_count"": ""6"", ""TAZID"": ""307""}"
465,"深圳-1462","深圳市 · UrbanEV历史站点（详细地址未提供）",113.941577,22.519504,150,online,"2026-09-08 00:53:31",1462,"{""station_id"": ""1462"", ""longitude"": ""113.941577"", ""latitude"": ""22.519504"", ""slow_count"": ""1"", ""fast_count"": ""0"", ""charge_count"": ""1"", ""TAZID"": ""347""}"
466,"深圳-1463","深圳市 · UrbanEV历史站点（详细地址未提供）",113.941856,22.561369,150,online,"2026-09-08 00:53:31",1463,"{""station_id"": ""1463"", ""longitude"": ""113.941856"", ""latitude"": ""22.561369"", ""slow_count"": ""20"", ""fast_count"": ""22"", ""charge_count"": ""42"", ""TAZID"": ""322""}"
467,"深圳-1464","深圳市 · UrbanEV历史站点（详细地址未提供）",113.941996,22.491271,150,online,"2026-09-08 00:53:31",1464,"{""station_id"": ""1464"", ""longitude"": ""113.941996"", ""latitude"": ""22.491271"", ""slow_count"": ""16"", ""fast_count"": ""0"", ""charge_count"": ""16"", ""TAZID"": ""307""}"
468,"深圳-1465","深圳市 · UrbanEV历史站点（详细地址未提供）",113.942028,22.494838,150,online,"2026-09-08 00:53:31",1465,"{""station_id"": ""1465"", ""longitude"": ""113.942028"", ""latitude"": ""22.494838"", ""slow_count"": ""6"", ""fast_count"": ""0"", ""charge_count"": ""6"", ""TAZID"": ""307""}"
469,"深圳-1466","深圳市 · UrbanEV历史站点（详细地址未提供）",113.942558,22.56701,150,online,"2026-09-08 00:53:31",1466,"{""station_id"": ""1466"", ""longitude"": ""113.942558"", ""latitude"": ""22.56701"", ""slow_count"": ""8"", ""fast_count"": ""0"", ""charge_count"": ""8"", ""TAZID"": ""336""}"
470,"深圳-1467","深圳市 · UrbanEV历史站点（详细地址未提供）",113.942789,22.53293,150,online,"2026-09-08 00:53:31",1467,"{""station_id"": ""1467"", ""longitude"": ""113.942789"", ""latitude"": ""22.53293"", ""slow_count"": ""13"", ""fast_count"": ""0"", ""charge_count"": ""13"", ""TAZID"": ""1072""}"
471,"深圳-1468","深圳市 · UrbanEV历史站点（详细地址未提供）",113.943023,22.492329,150,online,"2026-09-08 00:53:31",1468,"{""station_id"": ""1468"", ""longitude"": ""113.943023"", ""latitude"": ""22.492329"", ""slow_count"": ""12"", ""fast_count"": ""0"", ""charge_count"": ""12"", ""TAZID"": ""307""}"
472,"深圳-1469","深圳市 · UrbanEV历史站点（详细地址未提供）",113.943556,22.5029,150,online,"2026-09-08 00:53:31",1469,"{""station_id"": ""1469"", ""longitude"": ""113.943556"", ""latitude"": ""22.5029"", ""slow_count"": ""30"", ""fast_count"": ""0"", ""charge_count"": ""30"", ""TAZID"": ""307""}"
473,"深圳-1470","深圳市 · UrbanEV历史站点（详细地址未提供）",113.943587,22.51877,150,online,"2026-09-08 00:53:31",1470,"{""station_id"": ""1470"", ""longitude"": ""113.943587"", ""latitude"": ""22.51877"", ""slow_count"": ""5"", ""fast_count"": ""0"", ""charge_count"": ""5"", ""TAZID"": ""347""}"
474,"深圳-1471","深圳市 · UrbanEV历史站点（详细地址未提供）",113.944227,22.526603,150,online,"2026-09-08 00:53:31",1471,"{""station_id"": ""1471"", ""longitude"": ""113.944227"", ""latitude"": ""22.526603"", ""slow_count"": ""12"", ""fast_count"": ""0"", ""charge_count"": ""12"", ""TAZID"": ""1072""}"
475,"深圳-1472","深圳市 · UrbanEV历史站点（详细地址未提供）",113.944887,22.541484,150,online,"2026-09-08 00:53:31",1472,"{""station_id"": ""1472"", ""longitude"": ""113.944887"", ""latitude"": ""22.541484"", ""slow_count"": ""6"", ""fast_count"": ""0"", ""charge_count"": ""6"", ""TAZID"": ""325""}"
476,"深圳-1473","深圳市 · UrbanEV历史站点（详细地址未提供）",113.945267,22.586323,150,online,"2026-09-08 00:53:31",1473,"{""station_id"": ""1473"", ""longitude"": ""113.945267"", ""latitude"": ""22.586323"", ""slow_count"": ""12"", ""fast_count"": ""0"", ""charge_count"": ""12"", ""TAZID"": ""339""}"
477,"深圳-1474","深圳市 · UrbanEV历史站点（详细地址未提供）",113.946449,22.534182,150,online,"2026-09-08 00:53:31",1474,"{""station_id"": ""1474"", ""longitude"": ""113.946449"", ""latitude"": ""22.534182"", ""slow_count"": ""10"", ""fast_count"": ""0"", ""charge_count"": ""10"", ""TAZID"": ""1072""}"
478,"深圳-1475","深圳市 · UrbanEV历史站点（详细地址未提供）",113.946877,22.581589,150,online,"2026-09-08 00:53:31",1475,"{""station_id"": ""1475"", ""longitude"": ""113.946877"", ""latitude"": ""22.581589"", ""slow_count"": ""4"", ""fast_count"": ""0"", ""charge_count"": ""4"", ""TAZID"": ""958""}"
479,"深圳-1476","深圳市 · UrbanEV历史站点（详细地址未提供）",113.946999,22.530724,150,online,"2026-09-08 00:53:31",1476,"{""station_id"": ""1476"", ""longitude"": ""113.946999"", ""latitude"": ""22.530724"", ""slow_count"": ""10"", ""fast_count"": ""0"", ""charge_count"": ""10"", ""TAZID"": ""1072""}"
480,"深圳-1477","深圳市 · UrbanEV历史站点（详细地址未提供）",113.947256,22.546191,150,online,"2026-09-08 00:53:31",1477,"{""station_id"": ""1477"", ""longitude"": ""113.947256"", ""latitude"": ""22.546191"", ""slow_count"": ""41"", ""fast_count"": ""0"", ""charge_count"": ""41"", ""TAZID"": ""323""}"
481,"深圳-1478","深圳市 · UrbanEV历史站点（详细地址未提供）",113.947256,22.546191,150,online,"2026-09-08 00:53:31",1478,"{""station_id"": ""1478"", ""longitude"": ""113.947256"", ""latitude"": ""22.546191"", ""slow_count"": ""39"", ""fast_count"": ""0"", ""charge_count"": ""39"", ""TAZID"": ""323""}"
482,"深圳-1479","深圳市 · UrbanEV历史站点（详细地址未提供）",113.947264,22.581847,150,online,"2026-09-08 00:53:31",1479,"{""station_id"": ""1479"", ""longitude"": ""113.947264"", ""latitude"": ""22.581847"", ""slow_count"": ""4"", ""fast_count"": ""0"", ""charge_count"": ""4"", ""TAZID"": ""958""}"
483,"深圳-1480","深圳市 · UrbanEV历史站点（详细地址未提供）",113.949093,22.541131,150,online,"2026-09-08 00:53:31",1480,"{""station_id"": ""1480"", ""longitude"": ""113.949093"", ""latitude"": ""22.541131"", ""slow_count"": ""18"", ""fast_count"": ""0"", ""charge_count"": ""18"", ""TAZID"": ""325""}"
484,"深圳-1481","深圳市 · UrbanEV历史站点（详细地址未提供）",113.950002,22.768149,150,online,"2026-09-08 00:53:31",1481,"{""station_id"": ""1481"", ""longitude"": ""113.950002"", ""latitude"": ""22.768149"", ""slow_count"": ""12"", ""fast_count"": ""0"", ""charge_count"": ""12"", ""TAZID"": ""1060""}"
485,"深圳-1482","深圳市 · UrbanEV历史站点（详细地址未提供）",113.950235,22.520467,150,online,"2026-09-08 00:53:31",1482,"{""station_id"": ""1482"", ""longitude"": ""113.950235"", ""latitude"": ""22.520467"", ""slow_count"": ""99"", ""fast_count"": ""0"", ""charge_count"": ""99"", ""TAZID"": ""348""}"
486,"深圳-1483","深圳市 · UrbanEV历史站点（详细地址未提供）",113.950512,22.540999,150,online,"2026-09-08 00:53:31",1483,"{""station_id"": ""1483"", ""longitude"": ""113.950512"", ""latitude"": ""22.540999"", ""slow_count"": ""6"", ""fast_count"": ""0"", ""charge_count"": ""6"", ""TAZID"": ""325""}"
487,"深圳-1484","深圳市 · UrbanEV历史站点（详细地址未提供）",113.950976,22.52246,150,online,"2026-09-08 00:53:31",1484,"{""station_id"": ""1484"", ""longitude"": ""113.950976"", ""latitude"": ""22.52246"", ""slow_count"": ""33"", ""fast_count"": ""0"", ""charge_count"": ""33"", ""TAZID"": ""348""}"
488,"深圳-1485","深圳市 · UrbanEV历史站点（详细地址未提供）",113.951133,22.557102,150,online,"2026-09-08 00:53:31",1485,"{""station_id"": ""1485"", ""longitude"": ""113.951133"", ""latitude"": ""22.557102"", ""slow_count"": ""33"", ""fast_count"": ""0"", ""charge_count"": ""33"", ""TAZID"": ""322""}"
489,"深圳-1486","深圳市 · UrbanEV历史站点（详细地址未提供）",113.95116,22.539155,150,online,"2026-09-08 00:53:31",1486,"{""station_id"": ""1486"", ""longitude"": ""113.95116"", ""latitude"": ""22.539155"", ""slow_count"": ""17"", ""fast_count"": ""0"", ""charge_count"": ""17"", ""TAZID"": ""325""}"
490,"深圳-1487","深圳市 · UrbanEV历史站点（详细地址未提供）",113.95116,22.539155,150,online,"2026-09-08 00:53:31",1487,"{""station_id"": ""1487"", ""longitude"": ""113.95116"", ""latitude"": ""22.539155"", ""slow_count"": ""15"", ""fast_count"": ""0"", ""charge_count"": ""15"", ""TAZID"": ""325""}"
491,"深圳-1488","深圳市 · UrbanEV历史站点（详细地址未提供）",113.951557,22.526955,150,online,"2026-09-08 00:53:31",1488,"{""station_id"": ""1488"", ""longitude"": ""113.951557"", ""latitude"": ""22.526955"", ""slow_count"": ""7"", ""fast_count"": ""0"", ""charge_count"": ""7"", ""TAZID"": ""332""}"
492,"深圳-1489","深圳市 · UrbanEV历史站点（详细地址未提供）",113.951781,22.767148,150,online,"2026-09-08 00:53:31",1489,"{""station_id"": ""1489"", ""longitude"": ""113.951781"", ""latitude"": ""22.767148"", ""slow_count"": ""0"", ""fast_count"": ""72"", ""charge_count"": ""72"", ""TAZID"": ""1060""}"
493,"深圳-1490","深圳市 · UrbanEV历史站点（详细地址未提供）",113.952006,22.559674,150,online,"2026-09-08 00:53:31",1490,"{""station_id"": ""1490"", ""longitude"": ""113.952006"", ""latitude"": ""22.559674"", ""slow_count"": ""12"", ""fast_count"": ""0"", ""charge_count"": ""12"", ""TAZID"": ""322""}"
494,"深圳-1491","深圳市 · UrbanEV历史站点（详细地址未提供）",113.952036,22.526183,150,online,"2026-09-08 00:53:31",1491,"{""station_id"": ""1491"", ""longitude"": ""113.952036"", ""latitude"": ""22.526183"", ""slow_count"": ""6"", ""fast_count"": ""0"", ""charge_count"": ""6"", ""TAZID"": ""332""}"
495,"深圳-1492","深圳市 · UrbanEV历史站点（详细地址未提供）",113.952245,22.534831,150,online,"2026-09-08 00:53:31",1492,"{""station_id"": ""1492"", ""longitude"": ""113.952245"", ""latitude"": ""22.534831"", ""slow_count"": ""17"", ""fast_count"": ""0"", ""charge_count"": ""17"", ""TAZID"": ""332""}"
496,"深圳-1493","深圳市 · UrbanEV历史站点（详细地址未提供）",113.95232,22.540945,150,online,"2026-09-08 00:53:31",1493,"{""station_id"": ""1493"", ""longitude"": ""113.95232"", ""latitude"": ""22.540945"", ""slow_count"": ""2"", ""fast_count"": ""0"", ""charge_count"": ""2"", ""TAZID"": ""325""}"
497,"深圳-1494","深圳市 · UrbanEV历史站点（详细地址未提供）",113.952747,22.569027,150,online,"2026-09-08 00:53:31",1494,"{""station_id"": ""1494"", ""longitude"": ""113.952747"", ""latitude"": ""22.569027"", ""slow_count"": ""2"", ""fast_count"": ""0"", ""charge_count"": ""2"", ""TAZID"": ""333""}"
498,"深圳-1495","深圳市 · UrbanEV历史站点（详细地址未提供）",113.953011,22.55776,150,online,"2026-09-08 00:53:31",1495,"{""station_id"": ""1495"", ""longitude"": ""113.953011"", ""latitude"": ""22.55776"", ""slow_count"": ""12"", ""fast_count"": ""0"", ""charge_count"": ""12"", ""TAZID"": ""322""}"
499,"深圳-1496","深圳市 · UrbanEV历史站点（详细地址未提供）",113.953061,22.536144,150,online,"2026-09-08 00:53:31",1496,"{""station_id"": ""1496"", ""longitude"": ""113.953061"", ""latitude"": ""22.536144"", ""slow_count"": ""14"", ""fast_count"": ""0"", ""charge_count"": ""14"", ""TAZID"": ""332""}"
500,"深圳-1497","深圳市 · UrbanEV历史站点（详细地址未提供）",113.953061,22.536144,150,online,"2026-09-08 00:53:31",1497,"{""station_id"": ""1497"", ""longitude"": ""113.953061"", ""latitude"": ""22.536144"", ""slow_count"": ""13"", ""fast_count"": ""0"", ""charge_count"": ""13"", ""TAZID"": ""332""}"
501,"深圳-1498","深圳市 · UrbanEV历史站点（详细地址未提供）",113.953506,22.581056,150,online,"2026-09-08 00:53:31",1498,"{""station_id"": ""1498"", ""longitude"": ""113.953506"", ""latitude"": ""22.581056"", ""slow_count"": ""15"", ""fast_count"": ""0"", ""charge_count"": ""15"", ""TAZID"": ""335""}"
502,"深圳-1499","深圳市 · UrbanEV历史站点（详细地址未提供）",113.953506,22.581056,150,online,"2026-09-08 00:53:31",1499,"{""station_id"": ""1499"", ""longitude"": ""113.953506"", ""latitude"": ""22.581056"", ""slow_count"": ""15"", ""fast_count"": ""0"", ""charge_count"": ""15"", ""TAZID"": ""335""}"
503,"深圳-1500","深圳市 · UrbanEV历史站点（详细地址未提供）",113.953522,22.53707,150,online,"2026-09-08 00:53:31",1500,"{""station_id"": ""1500"", ""longitude"": ""113.953522"", ""latitude"": ""22.53707"", ""slow_count"": ""66"", ""fast_count"": ""0"", ""charge_count"": ""66"", ""TAZID"": ""332""}"
504,"深圳-1501","深圳市 · UrbanEV历史站点（详细地址未提供）",113.953522,22.53707,150,online,"2026-09-08 00:53:31",1501,"{""station_id"": ""1501"", ""longitude"": ""113.953522"", ""latitude"": ""22.53707"", ""slow_count"": ""64"", ""fast_count"": ""0"", ""charge_count"": ""64"", ""TAZID"": ""332""}"
505,"深圳-1502","深圳市 · UrbanEV历史站点（详细地址未提供）",113.954281,22.525936,150,online,"2026-09-08 00:53:31",1502,"{""station_id"": ""1502"", ""longitude"": ""113.954281"", ""latitude"": ""22.525936"", ""slow_count"": ""6"", ""fast_count"": ""0"", ""charge_count"": ""6"", ""TAZID"": ""332""}"
506,"深圳-1503","深圳市 · UrbanEV历史站点（详细地址未提供）",113.955276,22.55933,150,online,"2026-09-08 00:53:31",1503,"{""station_id"": ""1503"", ""longitude"": ""113.955276"", ""latitude"": ""22.55933"", ""slow_count"": ""15"", ""fast_count"": ""0"", ""charge_count"": ""15"", ""TAZID"": ""332""}"
507,"深圳-1504","深圳市 · UrbanEV历史站点（详细地址未提供）",113.955284,22.578516,150,online,"2026-09-08 00:53:31",1504,"{""station_id"": ""1504"", ""longitude"": ""113.955284"", ""latitude"": ""22.578516"", ""slow_count"": ""6"", ""fast_count"": ""0"", ""charge_count"": ""6"", ""TAZID"": ""335""}"
508,"深圳-1505","深圳市 · UrbanEV历史站点（详细地址未提供）",113.955618,22.550144,150,online,"2026-09-08 00:53:31",1505,"{""station_id"": ""1505"", ""longitude"": ""113.955618"", ""latitude"": ""22.550144"", ""slow_count"": ""6"", ""fast_count"": ""0"", ""charge_count"": ""6"", ""TAZID"": ""332""}"
509,"深圳-1506","深圳市 · UrbanEV历史站点（详细地址未提供）",113.955843,22.550011,150,online,"2026-09-08 00:53:31",1506,"{""station_id"": ""1506"", ""longitude"": ""113.955843"", ""latitude"": ""22.550011"", ""slow_count"": ""9"", ""fast_count"": ""0"", ""charge_count"": ""9"", ""TAZID"": ""332""}"
510,"深圳-1507","深圳市 · UrbanEV历史站点（详细地址未提供）",113.956389,22.558018,150,online,"2026-09-08 00:53:31",1507,"{""station_id"": ""1507"", ""longitude"": ""113.956389"", ""latitude"": ""22.558018"", ""slow_count"": ""10"", ""fast_count"": ""0"", ""charge_count"": ""10"", ""TAZID"": ""332""}"
511,"深圳-1508","深圳市 · UrbanEV历史站点（详细地址未提供）",113.956657,22.546952,150,online,"2026-09-08 00:53:31",1508,"{""station_id"": ""1508"", ""longitude"": ""113.956657"", ""latitude"": ""22.546952"", ""slow_count"": ""6"", ""fast_count"": ""0"", ""charge_count"": ""6"", ""TAZID"": ""332""}"
512,"深圳-1509","深圳市 · UrbanEV历史站点（详细地址未提供）",113.956762,22.55946,150,online,"2026-09-08 00:53:31",1509,"{""station_id"": ""1509"", ""longitude"": ""113.956762"", ""latitude"": ""22.55946"", ""slow_count"": ""21"", ""fast_count"": ""0"", ""charge_count"": ""21"", ""TAZID"": ""332""}"
513,"深圳-1510","深圳市 · UrbanEV历史站点（详细地址未提供）",113.95699,22.569623,150,online,"2026-09-08 00:53:31",1510,"{""station_id"": ""1510"", ""longitude"": ""113.95699"", ""latitude"": ""22.569623"", ""slow_count"": ""6"", ""fast_count"": ""0"", ""charge_count"": ""6"", ""TAZID"": ""333""}"
514,"深圳-1511","深圳市 · UrbanEV历史站点（详细地址未提供）",113.957255,22.539254,150,online,"2026-09-08 00:53:31",1511,"{""station_id"": ""1511"", ""longitude"": ""113.957255"", ""latitude"": ""22.539254"", ""slow_count"": ""30"", ""fast_count"": ""0"", ""charge_count"": ""30"", ""TAZID"": ""332""}"
515,"深圳-1512","深圳市 · UrbanEV历史站点（详细地址未提供）",113.957941,22.580323,150,online,"2026-09-08 00:53:31",1512,"{""station_id"": ""1512"", ""longitude"": ""113.957941"", ""latitude"": ""22.580323"", ""slow_count"": ""22"", ""fast_count"": ""0"", ""charge_count"": ""22"", ""TAZID"": ""335""}"
516,"深圳-1513","深圳市 · UrbanEV历史站点（详细地址未提供）",113.958062,22.572305,150,online,"2026-09-08 00:53:31",1513,"{""station_id"": ""1513"", ""longitude"": ""113.958062"", ""latitude"": ""22.572305"", ""slow_count"": ""2"", ""fast_count"": ""0"", ""charge_count"": ""2"", ""TAZID"": ""335""}"
517,"深圳-1514","深圳市 · UrbanEV历史站点（详细地址未提供）",113.959641,22.569406,150,online,"2026-09-08 00:53:31",1514,"{""station_id"": ""1514"", ""longitude"": ""113.959641"", ""latitude"": ""22.569406"", ""slow_count"": ""6"", ""fast_count"": ""0"", ""charge_count"": ""6"", ""TAZID"": ""333""}"
518,"深圳-1515","深圳市 · UrbanEV历史站点（详细地址未提供）",113.959656,22.572429,150,online,"2026-09-08 00:53:31",1515,"{""station_id"": ""1515"", ""longitude"": ""113.959656"", ""latitude"": ""22.572429"", ""slow_count"": ""5"", ""fast_count"": ""0"", ""charge_count"": ""5"", ""TAZID"": ""335""}"
519,"深圳-1516","深圳市 · UrbanEV历史站点（详细地址未提供）",113.960152,22.58203,150,online,"2026-09-08 00:53:31",1516,"{""station_id"": ""1516"", ""longitude"": ""113.960152"", ""latitude"": ""22.58203"", ""slow_count"": ""3"", ""fast_count"": ""0"", ""charge_count"": ""3"", ""TAZID"": ""335""}"
520,"深圳-1517","深圳市 · UrbanEV历史站点（详细地址未提供）",113.96036,22.573471,150,online,"2026-09-08 00:53:31",1517,"{""station_id"": ""1517"", ""longitude"": ""113.96036"", ""latitude"": ""22.573471"", ""slow_count"": ""18"", ""fast_count"": ""0"", ""charge_count"": ""18"", ""TAZID"": ""335""}"
521,"深圳-1518","深圳市 · UrbanEV历史站点（详细地址未提供）",113.960901,22.569655,150,online,"2026-09-08 00:53:31",1518,"{""station_id"": ""1518"", ""longitude"": ""113.960901"", ""latitude"": ""22.569655"", ""slow_count"": ""2"", ""fast_count"": ""0"", ""charge_count"": ""2"", ""TAZID"": ""333""}"
522,"深圳-1519","深圳市 · UrbanEV历史站点（详细地址未提供）",113.964945,22.528218,150,online,"2026-09-08 00:53:31",1519,"{""station_id"": ""1519"", ""longitude"": ""113.964945"", ""latitude"": ""22.528218"", ""slow_count"": ""18"", ""fast_count"": ""0"", ""charge_count"": ""18"", ""TAZID"": ""331""}"
523,"深圳-1520","深圳市 · UrbanEV历史站点（详细地址未提供）",113.965021,22.569794,150,online,"2026-09-08 00:53:31",1520,"{""station_id"": ""1520"", ""longitude"": ""113.965021"", ""latitude"": ""22.569794"", ""slow_count"": ""10"", ""fast_count"": ""0"", ""charge_count"": ""10"", ""TAZID"": ""335""}"
524,"深圳-1521","深圳市 · UrbanEV历史站点（详细地址未提供）",113.965366,22.526399,150,online,"2026-09-08 00:53:31",1521,"{""station_id"": ""1521"", ""longitude"": ""113.965366"", ""latitude"": ""22.526399"", ""slow_count"": ""18"", ""fast_count"": ""0"", ""charge_count"": ""18"", ""TAZID"": ""331""}"
525,"深圳-1522","深圳市 · UrbanEV历史站点（详细地址未提供）",113.965995,22.587332,150,online,"2026-09-08 00:53:31",1522,"{""station_id"": ""1522"", ""longitude"": ""113.965995"", ""latitude"": ""22.587332"", ""slow_count"": ""23"", ""fast_count"": ""0"", ""charge_count"": ""23"", ""TAZID"": ""340""}"
526,"深圳-1523","深圳市 · UrbanEV历史站点（详细地址未提供）",113.966607,22.538899,150,online,"2026-09-08 00:53:31",1523,"{""station_id"": ""1523"", ""longitude"": ""113.966607"", ""latitude"": ""22.538899"", ""slow_count"": ""3"", ""fast_count"": ""0"", ""charge_count"": ""3"", ""TAZID"": ""330""}"
527,"深圳-1524","深圳市 · UrbanEV历史站点（详细地址未提供）",113.966607,22.538899,150,online,"2026-09-08 00:53:31",1524,"{""station_id"": ""1524"", ""longitude"": ""113.966607"", ""latitude"": ""22.538899"", ""slow_count"": ""3"", ""fast_count"": ""0"", ""charge_count"": ""3"", ""TAZID"": ""330""}"
528,"深圳-1525","深圳市 · UrbanEV历史站点（详细地址未提供）",113.96682,22.541494,150,online,"2026-09-08 00:53:31",1525,"{""station_id"": ""1525"", ""longitude"": ""113.96682"", ""latitude"": ""22.541494"", ""slow_count"": ""12"", ""fast_count"": ""0"", ""charge_count"": ""12"", ""TAZID"": ""328""}"
529,"深圳-1526","深圳市 · UrbanEV历史站点（详细地址未提供）",113.967071,22.549004,150,online,"2026-09-08 00:53:31",1526,"{""station_id"": ""1526"", ""longitude"": ""113.967071"", ""latitude"": ""22.549004"", ""slow_count"": ""18"", ""fast_count"": ""0"", ""charge_count"": ""18"", ""TAZID"": ""328""}"
530,"深圳-1527","深圳市 · UrbanEV历史站点（详细地址未提供）",113.967915,22.550914,150,online,"2026-09-08 00:53:31",1527,"{""station_id"": ""1527"", ""longitude"": ""113.967915"", ""latitude"": ""22.550914"", ""slow_count"": ""3"", ""fast_count"": ""0"", ""charge_count"": ""3"", ""TAZID"": ""328""}"
531,"深圳-1528","深圳市 · UrbanEV历史站点（详细地址未提供）",113.968027,22.541207,150,online,"2026-09-08 00:53:31",1528,"{""station_id"": ""1528"", ""longitude"": ""113.968027"", ""latitude"": ""22.541207"", ""slow_count"": ""6"", ""fast_count"": ""0"", ""charge_count"": ""6"", ""TAZID"": ""328""}"
532,"深圳-1529","深圳市 · UrbanEV历史站点（详细地址未提供）",113.968312,22.565812,150,online,"2026-09-08 00:53:31",1529,"{""station_id"": ""1529"", ""longitude"": ""113.968312"", ""latitude"": ""22.565812"", ""slow_count"": ""0"", ""fast_count"": ""57"", ""charge_count"": ""57"", ""TAZID"": ""333""}"
533,"深圳-1530","深圳市 · UrbanEV历史站点（详细地址未提供）",113.97071,22.695126,150,online,"2026-09-08 00:53:31",1530,"{""station_id"": ""1530"", ""longitude"": ""113.97071"", ""latitude"": ""22.695126"", ""slow_count"": ""9"", ""fast_count"": ""0"", ""charge_count"": ""9"", ""TAZID"": ""651""}"
534,"深圳-1531","深圳市 · UrbanEV历史站点（详细地址未提供）",113.971319,22.581017,150,online,"2026-09-08 00:53:31",1531,"{""station_id"": ""1531"", ""longitude"": ""113.971319"", ""latitude"": ""22.581017"", ""slow_count"": ""10"", ""fast_count"": ""0"", ""charge_count"": ""10"", ""TAZID"": ""335""}"
535,"深圳-1532","深圳市 · UrbanEV历史站点（详细地址未提供）",113.971962,22.554189,150,online,"2026-09-08 00:53:31",1532,"{""station_id"": ""1532"", ""longitude"": ""113.971962"", ""latitude"": ""22.554189"", ""slow_count"": ""18"", ""fast_count"": ""0"", ""charge_count"": ""18"", ""TAZID"": ""328""}"
536,"深圳-1533","深圳市 · UrbanEV历史站点（详细地址未提供）",113.972534,22.55878,150,online,"2026-09-08 00:53:31",1533,"{""station_id"": ""1533"", ""longitude"": ""113.972534"", ""latitude"": ""22.55878"", ""slow_count"": ""20"", ""fast_count"": ""0"", ""charge_count"": ""20"", ""TAZID"": ""328""}"
537,"深圳-1534","深圳市 · UrbanEV历史站点（详细地址未提供）",113.972743,22.54934,150,online,"2026-09-08 00:53:31",1534,"{""station_id"": ""1534"", ""longitude"": ""113.972743"", ""latitude"": ""22.54934"", ""slow_count"": ""18"", ""fast_count"": ""0"", ""charge_count"": ""18"", ""TAZID"": ""329""}"
538,"深圳-1535","深圳市 · UrbanEV历史站点（详细地址未提供）",113.973854,22.553471,150,online,"2026-09-08 00:53:31",1535,"{""station_id"": ""1535"", ""longitude"": ""113.973854"", ""latitude"": ""22.553471"", ""slow_count"": ""18"", ""fast_count"": ""0"", ""charge_count"": ""18"", ""TAZID"": ""328""}"
539,"深圳-1536","深圳市 · UrbanEV历史站点（详细地址未提供）",113.973949,22.550947,150,online,"2026-09-08 00:53:31",1536,"{""station_id"": ""1536"", ""longitude"": ""113.973949"", ""latitude"": ""22.550947"", ""slow_count"": ""49"", ""fast_count"": ""0"", ""charge_count"": ""49"", ""TAZID"": ""329""}"
540,"深圳-1537","深圳市 · UrbanEV历史站点（详细地址未提供）",113.975109,22.558266,150,online,"2026-09-08 00:53:31",1537,"{""station_id"": ""1537"", ""longitude"": ""113.975109"", ""latitude"": ""22.558266"", ""slow_count"": ""6"", ""fast_count"": ""0"", ""charge_count"": ""6"", ""TAZID"": ""333""}"
541,"深圳-1538","深圳市 · UrbanEV历史站点（详细地址未提供）",113.975541,22.549257,150,online,"2026-09-08 00:53:31",1538,"{""station_id"": ""1538"", ""longitude"": ""113.975541"", ""latitude"": ""22.549257"", ""slow_count"": ""5"", ""fast_count"": ""0"", ""charge_count"": ""5"", ""TAZID"": ""329""}"
542,"深圳-1539","深圳市 · UrbanEV历史站点（详细地址未提供）",113.975574,22.547402,150,online,"2026-09-08 00:53:31",1539,"{""station_id"": ""1539"", ""longitude"": ""113.975574"", ""latitude"": ""22.547402"", ""slow_count"": ""19"", ""fast_count"": ""0"", ""charge_count"": ""19"", ""TAZID"": ""329""}"
543,"深圳-1540","深圳市 · UrbanEV历史站点（详细地址未提供）",113.976176,22.548838,150,online,"2026-09-08 00:53:31",1540,"{""station_id"": ""1540"", ""longitude"": ""113.976176"", ""latitude"": ""22.548838"", ""slow_count"": ""19"", ""fast_count"": ""0"", ""charge_count"": ""19"", ""TAZID"": ""329""}"
544,"深圳-1541","深圳市 · UrbanEV历史站点（详细地址未提供）",113.976669,22.538405,150,online,"2026-09-08 00:53:31",1541,"{""station_id"": ""1541"", ""longitude"": ""113.976669"", ""latitude"": ""22.538405"", ""slow_count"": ""6"", ""fast_count"": ""0"", ""charge_count"": ""6"", ""TAZID"": ""329""}"
545,"深圳-1542","深圳市 · UrbanEV历史站点（详细地址未提供）",113.977615,22.545333,150,online,"2026-09-08 00:53:31",1542,"{""station_id"": ""1542"", ""longitude"": ""113.977615"", ""latitude"": ""22.545333"", ""slow_count"": ""18"", ""fast_count"": ""0"", ""charge_count"": ""18"", ""TAZID"": ""329""}"
546,"深圳-1543","深圳市 · UrbanEV历史站点（详细地址未提供）",113.977979,22.537978,150,online,"2026-09-08 00:53:31",1543,"{""station_id"": ""1543"", ""longitude"": ""113.977979"", ""latitude"": ""22.537978"", ""slow_count"": ""6"", ""fast_count"": ""0"", ""charge_count"": ""6"", ""TAZID"": ""329""}"
547,"深圳-1544","深圳市 · UrbanEV历史站点（详细地址未提供）",113.978029,22.539426,150,online,"2026-09-08 00:53:31",1544,"{""station_id"": ""1544"", ""longitude"": ""113.978029"", ""latitude"": ""22.539426"", ""slow_count"": ""6"", ""fast_count"": ""0"", ""charge_count"": ""6"", ""TAZID"": ""329""}"
548,"深圳-1545","深圳市 · UrbanEV历史站点（详细地址未提供）",113.978043,22.534152,150,online,"2026-09-08 00:53:31",1545,"{""station_id"": ""1545"", ""longitude"": ""113.978043"", ""latitude"": ""22.534152"", ""slow_count"": ""4"", ""fast_count"": ""0"", ""charge_count"": ""4"", ""TAZID"": ""330""}"
549,"深圳-1546","深圳市 · UrbanEV历史站点（详细地址未提供）",113.978132,22.546132,150,online,"2026-09-08 00:53:31",1546,"{""station_id"": ""1546"", ""longitude"": ""113.978132"", ""latitude"": ""22.546132"", ""slow_count"": ""15"", ""fast_count"": ""0"", ""charge_count"": ""15"", ""TAZID"": ""329""}"
550,"深圳-1547","深圳市 · UrbanEV历史站点（详细地址未提供）",113.978263,22.546126,150,online,"2026-09-08 00:53:31",1547,"{""station_id"": ""1547"", ""longitude"": ""113.978263"", ""latitude"": ""22.546126"", ""slow_count"": ""15"", ""fast_count"": ""0"", ""charge_count"": ""15"", ""TAZID"": ""329""}"
551,"深圳-1548","深圳市 · UrbanEV历史站点（详细地址未提供）",113.98015,22.546864,150,online,"2026-09-08 00:53:31",1548,"{""station_id"": ""1548"", ""longitude"": ""113.98015"", ""latitude"": ""22.546864"", ""slow_count"": ""3"", ""fast_count"": ""0"", ""charge_count"": ""3"", ""TAZID"": ""329""}"
552,"深圳-1549","深圳市 · UrbanEV历史站点（详细地址未提供）",113.98015,22.546864,150,online,"2026-09-08 00:53:31",1549,"{""station_id"": ""1549"", ""longitude"": ""113.98015"", ""latitude"": ""22.546864"", ""slow_count"": ""3"", ""fast_count"": ""0"", ""charge_count"": ""3"", ""TAZID"": ""329""}"
553,"深圳-1550","深圳市 · UrbanEV历史站点（详细地址未提供）",113.980305,22.548155,150,online,"2026-09-08 00:53:31",1550,"{""station_id"": ""1550"", ""longitude"": ""113.980305"", ""latitude"": ""22.548155"", ""slow_count"": ""15"", ""fast_count"": ""0"", ""charge_count"": ""15"", ""TAZID"": ""329""}"
554,"深圳-1551","深圳市 · UrbanEV历史站点（详细地址未提供）",113.980717,22.561908,150,online,"2026-09-08 00:53:31",1551,"{""station_id"": ""1551"", ""longitude"": ""113.980717"", ""latitude"": ""22.561908"", ""slow_count"": ""6"", ""fast_count"": ""0"", ""charge_count"": ""6"", ""TAZID"": ""335""}"
555,"深圳-1552","深圳市 · UrbanEV历史站点（详细地址未提供）",113.980837,22.561607,150,online,"2026-09-08 00:53:31",1552,"{""station_id"": ""1552"", ""longitude"": ""113.980837"", ""latitude"": ""22.561607"", ""slow_count"": ""5"", ""fast_count"": ""0"", ""charge_count"": ""5"", ""TAZID"": ""335""}"
556,"深圳-1553","深圳市 · UrbanEV历史站点（详细地址未提供）",113.981006,22.5361,150,online,"2026-09-08 00:53:31",1553,"{""station_id"": ""1553"", ""longitude"": ""113.981006"", ""latitude"": ""22.5361"", ""slow_count"": ""12"", ""fast_count"": ""0"", ""charge_count"": ""12"", ""TAZID"": ""330""}"
557,"深圳-1554","深圳市 · UrbanEV历史站点（详细地址未提供）",113.98208,22.562316,150,online,"2026-09-08 00:53:31",1554,"{""station_id"": ""1554"", ""longitude"": ""113.98208"", ""latitude"": ""22.562316"", ""slow_count"": ""4"", ""fast_count"": ""0"", ""charge_count"": ""4"", ""TAZID"": ""335""}"
558,"深圳-1555","深圳市 · UrbanEV历史站点（详细地址未提供）",113.983395,22.53531,150,online,"2026-09-08 00:53:31",1555,"{""station_id"": ""1555"", ""longitude"": ""113.983395"", ""latitude"": ""22.53531"", ""slow_count"": ""12"", ""fast_count"": ""0"", ""charge_count"": ""12"", ""TAZID"": ""330""}"
559,"深圳-1556","深圳市 · UrbanEV历史站点（详细地址未提供）",113.984651,22.560924,150,online,"2026-09-08 00:53:31",1556,"{""station_id"": ""1556"", ""longitude"": ""113.984651"", ""latitude"": ""22.560924"", ""slow_count"": ""12"", ""fast_count"": ""0"", ""charge_count"": ""12"", ""TAZID"": ""335""}"
560,"深圳-1557","深圳市 · UrbanEV历史站点（详细地址未提供）",113.984652,22.538141,150,online,"2026-09-08 00:53:31",1557,"{""station_id"": ""1557"", ""longitude"": ""113.984652"", ""latitude"": ""22.538141"", ""slow_count"": ""18"", ""fast_count"": ""0"", ""charge_count"": ""18"", ""TAZID"": ""329""}"
561,"深圳-1558","深圳市 · UrbanEV历史站点（详细地址未提供）",113.985759,22.556572,150,online,"2026-09-08 00:53:31",1558,"{""station_id"": ""1558"", ""longitude"": ""113.985759"", ""latitude"": ""22.556572"", ""slow_count"": ""6"", ""fast_count"": ""0"", ""charge_count"": ""6"", ""TAZID"": ""334""}"
562,"深圳-1559","深圳市 · UrbanEV历史站点（详细地址未提供）",113.986739,22.732779,150,online,"2026-09-08 00:53:31",1559,"{""station_id"": ""1559"", ""longitude"": ""113.986739"", ""latitude"": ""22.732779"", ""slow_count"": ""30"", ""fast_count"": ""0"", ""charge_count"": ""30"", ""TAZID"": ""644""}"
563,"深圳-1560","深圳市 · UrbanEV历史站点（详细地址未提供）",113.987595,22.535182,150,online,"2026-09-08 00:53:31",1560,"{""station_id"": ""1560"", ""longitude"": ""113.987595"", ""latitude"": ""22.535182"", ""slow_count"": ""2"", ""fast_count"": ""0"", ""charge_count"": ""2"", ""TAZID"": ""330""}"
564,"深圳-1561","深圳市 · UrbanEV历史站点（详细地址未提供）",113.98761,22.547235,150,online,"2026-09-08 00:53:31",1561,"{""station_id"": ""1561"", ""longitude"": ""113.98761"", ""latitude"": ""22.547235"", ""slow_count"": ""12"", ""fast_count"": ""0"", ""charge_count"": ""12"", ""TAZID"": ""329""}"
565,"深圳-1562","深圳市 · UrbanEV历史站点（详细地址未提供）",113.98878,22.55117,150,online,"2026-09-08 00:53:31",1562,"{""station_id"": ""1562"", ""longitude"": ""113.98878"", ""latitude"": ""22.55117"", ""slow_count"": ""20"", ""fast_count"": ""0"", ""charge_count"": ""20"", ""TAZID"": ""334""}"
566,"深圳-1563","深圳市 · UrbanEV历史站点（详细地址未提供）",113.988951,22.542459,150,online,"2026-09-08 00:53:31",1563,"{""station_id"": ""1563"", ""longitude"": ""113.988951"", ""latitude"": ""22.542459"", ""slow_count"": ""24"", ""fast_count"": ""0"", ""charge_count"": ""24"", ""TAZID"": ""329""}"
567,"深圳-1564","深圳市 · UrbanEV历史站点（详细地址未提供）",113.990345,22.541958,150,online,"2026-09-08 00:53:31",1564,"{""station_id"": ""1564"", ""longitude"": ""113.990345"", ""latitude"": ""22.541958"", ""slow_count"": ""6"", ""fast_count"": ""0"", ""charge_count"": ""6"", ""TAZID"": ""329""}"
568,"深圳-1565","深圳市 · UrbanEV历史站点（详细地址未提供）",113.990661,22.67163,150,online,"2026-09-08 00:53:31",1565,"{""station_id"": ""1565"", ""longitude"": ""113.990661"", ""latitude"": ""22.67163"", ""slow_count"": ""6"", ""fast_count"": ""0"", ""charge_count"": ""6"", ""TAZID"": ""719""}"
569,"深圳-1566","深圳市 · UrbanEV历史站点（详细地址未提供）",113.991005,22.588745,150,online,"2026-09-08 00:53:31",1566,"{""station_id"": ""1566"", ""longitude"": ""113.991005"", ""latitude"": ""22.588745"", ""slow_count"": ""63"", ""fast_count"": ""0"", ""charge_count"": ""63"", ""TAZID"": ""335""}"
570,"深圳-1567","深圳市 · UrbanEV历史站点（详细地址未提供）",113.991027,22.736262,150,online,"2026-09-08 00:53:31",1567,"{""station_id"": ""1567"", ""longitude"": ""113.991027"", ""latitude"": ""22.736262"", ""slow_count"": ""12"", ""fast_count"": ""0"", ""charge_count"": ""12"", ""TAZID"": ""644""}"
571,"深圳-1568","深圳市 · UrbanEV历史站点（详细地址未提供）",113.991039,22.737962,150,online,"2026-09-08 00:53:31",1568,"{""station_id"": ""1568"", ""longitude"": ""113.991039"", ""latitude"": ""22.737962"", ""slow_count"": ""12"", ""fast_count"": ""0"", ""charge_count"": ""12"", ""TAZID"": ""1060""}"
572,"深圳-1569","深圳市 · UrbanEV历史站点（详细地址未提供）",113.991112,22.738856,150,online,"2026-09-08 00:53:31",1569,"{""station_id"": ""1569"", ""longitude"": ""113.991112"", ""latitude"": ""22.738856"", ""slow_count"": ""2"", ""fast_count"": ""0"", ""charge_count"": ""2"", ""TAZID"": ""1060""}"
573,"深圳-1570","深圳市 · UrbanEV历史站点（详细地址未提供）",113.991289,22.589744,150,online,"2026-09-08 00:53:31",1570,"{""station_id"": ""1570"", ""longitude"": ""113.991289"", ""latitude"": ""22.589744"", ""slow_count"": ""12"", ""fast_count"": ""0"", ""charge_count"": ""12"", ""TAZID"": ""335""}"
574,"深圳-1571","深圳市 · UrbanEV历史站点（详细地址未提供）",113.991613,22.591408,150,online,"2026-09-08 00:53:31",1571,"{""station_id"": ""1571"", ""longitude"": ""113.991613"", ""latitude"": ""22.591408"", ""slow_count"": ""1"", ""fast_count"": ""0"", ""charge_count"": ""1"", ""TAZID"": ""335""}"
575,"深圳-1572","深圳市 · UrbanEV历史站点（详细地址未提供）",113.991728,22.54122,150,online,"2026-09-08 00:53:31",1572,"{""station_id"": ""1572"", ""longitude"": ""113.991728"", ""latitude"": ""22.54122"", ""slow_count"": ""18"", ""fast_count"": ""0"", ""charge_count"": ""18"", ""TAZID"": ""1112""}"
576,"深圳-1573","深圳市 · UrbanEV历史站点（详细地址未提供）",113.991746,22.732842,150,online,"2026-09-08 00:53:31",1573,"{""station_id"": ""1573"", ""longitude"": ""113.991746"", ""latitude"": ""22.732842"", ""slow_count"": ""6"", ""fast_count"": ""0"", ""charge_count"": ""6"", ""TAZID"": ""644""}"
577,"深圳-1574","深圳市 · UrbanEV历史站点（详细地址未提供）",113.991765,22.590705,150,online,"2026-09-08 00:53:31",1574,"{""station_id"": ""1574"", ""longitude"": ""113.991765"", ""latitude"": ""22.590705"", ""slow_count"": ""2"", ""fast_count"": ""0"", ""charge_count"": ""2"", ""TAZID"": ""335""}"
578,"深圳-1575","深圳市 · UrbanEV历史站点（详细地址未提供）",113.991978,22.738526,150,online,"2026-09-08 00:53:31",1575,"{""station_id"": ""1575"", ""longitude"": ""113.991978"", ""latitude"": ""22.738526"", ""slow_count"": ""2"", ""fast_count"": ""0"", ""charge_count"": ""2"", ""TAZID"": ""1060""}"
579,"深圳-1576","深圳市 · UrbanEV历史站点（详细地址未提供）",113.992075,22.589366,150,online,"2026-09-08 00:53:31",1576,"{""station_id"": ""1576"", ""longitude"": ""113.992075"", ""latitude"": ""22.589366"", ""slow_count"": ""12"", ""fast_count"": ""0"", ""charge_count"": ""12"", ""TAZID"": ""335""}"
580,"深圳-1577","深圳市 · UrbanEV历史站点（详细地址未提供）",113.992113,22.739608,150,online,"2026-09-08 00:53:31",1577,"{""station_id"": ""1577"", ""longitude"": ""113.992113"", ""latitude"": ""22.739608"", ""slow_count"": ""12"", ""fast_count"": ""0"", ""charge_count"": ""12"", ""TAZID"": ""1060""}"
581,"深圳-1578","深圳市 · UrbanEV历史站点（详细地址未提供）",113.992511,22.536226,150,online,"2026-09-08 00:53:31",1578,"{""station_id"": ""1578"", ""longitude"": ""113.992511"", ""latitude"": ""22.536226"", ""slow_count"": ""15"", ""fast_count"": ""0"", ""charge_count"": ""15"", ""TAZID"": ""1111""}"
582,"深圳-1579","深圳市 · UrbanEV历史站点（详细地址未提供）",113.993017,22.588465,150,online,"2026-09-08 00:53:31",1579,"{""station_id"": ""1579"", ""longitude"": ""113.993017"", ""latitude"": ""22.588465"", ""slow_count"": ""22"", ""fast_count"": ""4"", ""charge_count"": ""26"", ""TAZID"": ""335""}"
583,"深圳-1580","深圳市 · UrbanEV历史站点（详细地址未提供）",113.993017,22.588465,150,online,"2026-09-08 00:53:31",1580,"{""station_id"": ""1580"", ""longitude"": ""113.993017"", ""latitude"": ""22.588465"", ""slow_count"": ""28"", ""fast_count"": ""4"", ""charge_count"": ""32"", ""TAZID"": ""335""}"
584,"深圳-1581","深圳市 · UrbanEV历史站点（详细地址未提供）",113.993783,22.69064,150,online,"2026-09-08 00:53:31",1581,"{""station_id"": ""1581"", ""longitude"": ""113.993783"", ""latitude"": ""22.69064"", ""slow_count"": ""18"", ""fast_count"": ""0"", ""charge_count"": ""18"", ""TAZID"": ""726""}"
585,"深圳-1582","深圳市 · UrbanEV历史站点（详细地址未提供）",113.994306,22.59737,150,online,"2026-09-08 00:53:31",1582,"{""station_id"": ""1582"", ""longitude"": ""113.994306"", ""latitude"": ""22.59737"", ""slow_count"": ""28"", ""fast_count"": ""0"", ""charge_count"": ""28"", ""TAZID"": ""343""}"
586,"深圳-1583","深圳市 · UrbanEV历史站点（详细地址未提供）",113.99479,22.537004,150,online,"2026-09-08 00:53:31",1583,"{""station_id"": ""1583"", ""longitude"": ""113.99479"", ""latitude"": ""22.537004"", ""slow_count"": ""11"", ""fast_count"": ""0"", ""charge_count"": ""11"", ""TAZID"": ""1111""}"
587,"深圳-1584","深圳市 · UrbanEV历史站点（详细地址未提供）",113.994911,22.735241,150,online,"2026-09-08 00:53:31",1584,"{""station_id"": ""1584"", ""longitude"": ""113.994911"", ""latitude"": ""22.735241"", ""slow_count"": ""12"", ""fast_count"": ""0"", ""charge_count"": ""12"", ""TAZID"": ""687""}"
588,"深圳-1585","深圳市 · UrbanEV历史站点（详细地址未提供）",113.995476,22.535296,150,online,"2026-09-08 00:53:31",1585,"{""station_id"": ""1585"", ""longitude"": ""113.995476"", ""latitude"": ""22.535296"", ""slow_count"": ""6"", ""fast_count"": ""0"", ""charge_count"": ""6"", ""TAZID"": ""1111""}"
589,"深圳-1586","深圳市 · UrbanEV历史站点（详细地址未提供）",113.995997,22.531611,150,online,"2026-09-08 00:53:31",1586,"{""station_id"": ""1586"", ""longitude"": ""113.995997"", ""latitude"": ""22.531611"", ""slow_count"": ""6"", ""fast_count"": ""0"", ""charge_count"": ""6"", ""TAZID"": ""225""}"
590,"深圳-1587","深圳市 · UrbanEV历史站点（详细地址未提供）",113.996567,22.536059,150,online,"2026-09-08 00:53:31",1587,"{""station_id"": ""1587"", ""longitude"": ""113.996567"", ""latitude"": ""22.536059"", ""slow_count"": ""6"", ""fast_count"": ""0"", ""charge_count"": ""6"", ""TAZID"": ""1111""}"
591,"深圳-1588","深圳市 · UrbanEV历史站点（详细地址未提供）",113.998139,22.53656,150,online,"2026-09-08 00:53:31",1588,"{""station_id"": ""1588"", ""longitude"": ""113.998139"", ""latitude"": ""22.53656"", ""slow_count"": ""3"", ""fast_count"": ""0"", ""charge_count"": ""3"", ""TAZID"": ""1111""}"
592,"深圳-1589","深圳市 · UrbanEV历史站点（详细地址未提供）",113.998477,22.698506,150,online,"2026-09-08 00:53:31",1589,"{""station_id"": ""1589"", ""longitude"": ""113.998477"", ""latitude"": ""22.698506"", ""slow_count"": ""0"", ""fast_count"": ""6"", ""charge_count"": ""6"", ""TAZID"": ""715""}"
593,"深圳-1590","深圳市 · UrbanEV历史站点（详细地址未提供）",113.998477,22.698506,150,online,"2026-09-08 00:53:31",1590,"{""station_id"": ""1590"", ""longitude"": ""113.998477"", ""latitude"": ""22.698506"", ""slow_count"": ""0"", ""fast_count"": ""6"", ""charge_count"": ""6"", ""TAZID"": ""715""}"
594,"深圳-1591","深圳市 · UrbanEV历史站点（详细地址未提供）",113.998884,22.736049,150,online,"2026-09-08 00:53:31",1591,"{""station_id"": ""1591"", ""longitude"": ""113.998884"", ""latitude"": ""22.736049"", ""slow_count"": ""12"", ""fast_count"": ""0"", ""charge_count"": ""12"", ""TAZID"": ""687""}"
595,"深圳-1592","深圳市 · UrbanEV历史站点（详细地址未提供）",113.999267,22.696603,150,online,"2026-09-08 00:53:31",1592,"{""station_id"": ""1592"", ""longitude"": ""113.999267"", ""latitude"": ""22.696603"", ""slow_count"": ""10"", ""fast_count"": ""0"", ""charge_count"": ""10"", ""TAZID"": ""715""}"
596,"深圳-1593","深圳市 · UrbanEV历史站点（详细地址未提供）",113.999412,22.664085,150,online,"2026-09-08 00:53:31",1593,"{""station_id"": ""1593"", ""longitude"": ""113.999412"", ""latitude"": ""22.664085"", ""slow_count"": ""3"", ""fast_count"": ""0"", ""charge_count"": ""3"", ""TAZID"": ""718""}"
597,"深圳-1594","深圳市 · UrbanEV历史站点（详细地址未提供）",114.000504,22.59265,150,online,"2026-09-08 00:53:31",1594,"{""station_id"": ""1594"", ""longitude"": ""114.000504"", ""latitude"": ""22.59265"", ""slow_count"": ""41"", ""fast_count"": ""0"", ""charge_count"": ""41"", ""TAZID"": ""335""}"
598,"深圳-1595","深圳市 · UrbanEV历史站点（详细地址未提供）",114.000504,22.59265,150,online,"2026-09-08 00:53:31",1595,"{""station_id"": ""1595"", ""longitude"": ""114.000504"", ""latitude"": ""22.59265"", ""slow_count"": ""41"", ""fast_count"": ""0"", ""charge_count"": ""41"", ""TAZID"": ""335""}"
599,"深圳-1596","深圳市 · UrbanEV历史站点（详细地址未提供）",114.00096,22.537428,150,online,"2026-09-08 00:53:31",1596,"{""station_id"": ""1596"", ""longitude"": ""114.00096"", ""latitude"": ""22.537428"", ""slow_count"": ""12"", ""fast_count"": ""0"", ""charge_count"": ""12"", ""TAZID"": ""1111""}"
600,"深圳-1597","深圳市 · UrbanEV历史站点（详细地址未提供）",114.001244,22.537417,150,online,"2026-09-08 00:53:31",1597,"{""station_id"": ""1597"", ""longitude"": ""114.001244"", ""latitude"": ""22.537417"", ""slow_count"": ""6"", ""fast_count"": ""0"", ""charge_count"": ""6"", ""TAZID"": ""1111""}"
601,"深圳-1598","深圳市 · UrbanEV历史站点（详细地址未提供）",114.003079,22.670815,150,online,"2026-09-08 00:53:31",1598,"{""station_id"": ""1598"", ""longitude"": ""114.003079"", ""latitude"": ""22.670815"", ""slow_count"": ""12"", ""fast_count"": ""0"", ""charge_count"": ""12"", ""TAZID"": ""718""}"
602,"深圳-1599","深圳市 · UrbanEV历史站点（详细地址未提供）",114.004064,22.635491,150,online,"2026-09-08 00:53:31",1599,"{""station_id"": ""1599"", ""longitude"": ""114.004064"", ""latitude"": ""22.635491"", ""slow_count"": ""36"", ""fast_count"": ""4"", ""charge_count"": ""40"", ""TAZID"": ""724""}"
603,"深圳-1600","深圳市 · UrbanEV历史站点（详细地址未提供）",114.004064,22.635491,150,online,"2026-09-08 00:53:31",1600,"{""station_id"": ""1600"", ""longitude"": ""114.004064"", ""latitude"": ""22.635491"", ""slow_count"": ""36"", ""fast_count"": ""4"", ""charge_count"": ""40"", ""TAZID"": ""724""}"
604,"深圳-1601","深圳市 · UrbanEV历史站点（详细地址未提供）",114.007994,22.636614,150,online,"2026-09-08 00:53:31",1601,"{""station_id"": ""1601"", ""longitude"": ""114.007994"", ""latitude"": ""22.636614"", ""slow_count"": ""30"", ""fast_count"": ""0"", ""charge_count"": ""30"", ""TAZID"": ""724""}"
605,"深圳-1602","深圳市 · UrbanEV历史站点（详细地址未提供）",114.009102,22.640442,150,online,"2026-09-08 00:53:31",1602,"{""station_id"": ""1602"", ""longitude"": ""114.009102"", ""latitude"": ""22.640442"", ""slow_count"": ""61"", ""fast_count"": ""0"", ""charge_count"": ""61"", ""TAZID"": ""724""}"
606,"深圳-1603","深圳市 · UrbanEV历史站点（详细地址未提供）",114.009274,22.635842,150,online,"2026-09-08 00:53:31",1603,"{""station_id"": ""1603"", ""longitude"": ""114.009274"", ""latitude"": ""22.635842"", ""slow_count"": ""6"", ""fast_count"": ""0"", ""charge_count"": ""6"", ""TAZID"": ""724""}"
607,"深圳-1604","深圳市 · UrbanEV历史站点（详细地址未提供）",114.010627,22.534891,150,online,"2026-09-08 00:53:31",1604,"{""station_id"": ""1604"", ""longitude"": ""114.010627"", ""latitude"": ""22.534891"", ""slow_count"": ""3"", ""fast_count"": ""0"", ""charge_count"": ""3"", ""TAZID"": ""225""}"
608,"深圳-1605","深圳市 · UrbanEV历史站点（详细地址未提供）",114.010987,22.64256,150,online,"2026-09-08 00:53:31",1605,"{""station_id"": ""1605"", ""longitude"": ""114.010987"", ""latitude"": ""22.64256"", ""slow_count"": ""6"", ""fast_count"": ""0"", ""charge_count"": ""6"", ""TAZID"": ""724""}"
609,"深圳-1606","深圳市 · UrbanEV历史站点（详细地址未提供）",114.011055,22.548647,150,online,"2026-09-08 00:53:31",1606,"{""station_id"": ""1606"", ""longitude"": ""114.011055"", ""latitude"": ""22.548647"", ""slow_count"": ""12"", ""fast_count"": ""0"", ""charge_count"": ""12"", ""TAZID"": ""1113""}"
610,"深圳-1607","深圳市 · UrbanEV历史站点（详细地址未提供）",114.011249,22.640312,150,online,"2026-09-08 00:53:31",1607,"{""station_id"": ""1607"", ""longitude"": ""114.011249"", ""latitude"": ""22.640312"", ""slow_count"": ""12"", ""fast_count"": ""0"", ""charge_count"": ""12"", ""TAZID"": ""724""}"
611,"深圳-1608","深圳市 · UrbanEV历史站点（详细地址未提供）",114.011267,22.547222,150,online,"2026-09-08 00:53:31",1608,"{""station_id"": ""1608"", ""longitude"": ""114.011267"", ""latitude"": ""22.547222"", ""slow_count"": ""6"", ""fast_count"": ""0"", ""charge_count"": ""6"", ""TAZID"": ""1113""}"
612,"深圳-1609","深圳市 · UrbanEV历史站点（详细地址未提供）",114.01144,22.632498,150,online,"2026-09-08 00:53:31",1609,"{""station_id"": ""1609"", ""longitude"": ""114.01144"", ""latitude"": ""22.632498"", ""slow_count"": ""3"", ""fast_count"": ""0"", ""charge_count"": ""3"", ""TAZID"": ""724""}"
613,"深圳-1610","深圳市 · UrbanEV历史站点（详细地址未提供）",114.011846,22.534961,150,online,"2026-09-08 00:53:31",1610,"{""station_id"": ""1610"", ""longitude"": ""114.011846"", ""latitude"": ""22.534961"", ""slow_count"": ""3"", ""fast_count"": ""0"", ""charge_count"": ""3"", ""TAZID"": ""225""}"
614,"深圳-1611","深圳市 · UrbanEV历史站点（详细地址未提供）",114.011885,22.642885,150,online,"2026-09-08 00:53:31",1611,"{""station_id"": ""1611"", ""longitude"": ""114.011885"", ""latitude"": ""22.642885"", ""slow_count"": ""5"", ""fast_count"": ""0"", ""charge_count"": ""5"", ""TAZID"": ""710""}"
615,"深圳-1612","深圳市 · UrbanEV历史站点（详细地址未提供）",114.011892,22.547691,150,online,"2026-09-08 00:53:31",1612,"{""station_id"": ""1612"", ""longitude"": ""114.011892"", ""latitude"": ""22.547691"", ""slow_count"": ""3"", ""fast_count"": ""0"", ""charge_count"": ""3"", ""TAZID"": ""1113""}"
616,"深圳-1613","深圳市 · UrbanEV历史站点（详细地址未提供）",114.01191,22.547644,150,online,"2026-09-08 00:53:31",1613,"{""station_id"": ""1613"", ""longitude"": ""114.01191"", ""latitude"": ""22.547644"", ""slow_count"": ""2"", ""fast_count"": ""0"", ""charge_count"": ""2"", ""TAZID"": ""1113""}"
617,"深圳-1614","深圳市 · UrbanEV历史站点（详细地址未提供）",114.012055,22.548341,150,online,"2026-09-08 00:53:31",1614,"{""station_id"": ""1614"", ""longitude"": ""114.012055"", ""latitude"": ""22.548341"", ""slow_count"": ""12"", ""fast_count"": ""0"", ""charge_count"": ""12"", ""TAZID"": ""1113""}"
618,"深圳-1615","深圳市 · UrbanEV历史站点（详细地址未提供）",114.012555,22.535108,150,online,"2026-09-08 00:53:31",1615,"{""station_id"": ""1615"", ""longitude"": ""114.012555"", ""latitude"": ""22.535108"", ""slow_count"": ""8"", ""fast_count"": ""0"", ""charge_count"": ""8"", ""TAZID"": ""225""}"
619,"深圳-1616","深圳市 · UrbanEV历史站点（详细地址未提供）",114.013349,22.54516,150,online,"2026-09-08 00:53:31",1616,"{""station_id"": ""1616"", ""longitude"": ""114.013349"", ""latitude"": ""22.54516"", ""slow_count"": ""4"", ""fast_count"": ""0"", ""charge_count"": ""4"", ""TAZID"": ""1113""}"
620,"深圳-1617","深圳市 · UrbanEV历史站点（详细地址未提供）",114.013445,22.629092,150,online,"2026-09-08 00:53:31",1617,"{""station_id"": ""1617"", ""longitude"": ""114.013445"", ""latitude"": ""22.629092"", ""slow_count"": ""10"", ""fast_count"": ""0"", ""charge_count"": ""10"", ""TAZID"": ""704""}"
621,"深圳-1618","深圳市 · UrbanEV历史站点（详细地址未提供）",114.013882,22.541663,150,online,"2026-09-08 00:53:31",1618,"{""station_id"": ""1618"", ""longitude"": ""114.013882"", ""latitude"": ""22.541663"", ""slow_count"": ""3"", ""fast_count"": ""0"", ""charge_count"": ""3"", ""TAZID"": ""1114""}"
622,"深圳-1619","深圳市 · UrbanEV历史站点（详细地址未提供）",114.014366,22.541996,150,online,"2026-09-08 00:53:31",1619,"{""station_id"": ""1619"", ""longitude"": ""114.014366"", ""latitude"": ""22.541996"", ""slow_count"": ""6"", ""fast_count"": ""0"", ""charge_count"": ""6"", ""TAZID"": ""1114""}"
623,"深圳-1620","深圳市 · UrbanEV历史站点（详细地址未提供）",114.014498,22.549168,150,online,"2026-09-08 00:53:31",1620,"{""station_id"": ""1620"", ""longitude"": ""114.014498"", ""latitude"": ""22.549168"", ""slow_count"": ""6"", ""fast_count"": ""0"", ""charge_count"": ""6"", ""TAZID"": ""1113""}"
624,"深圳-1621","深圳市 · UrbanEV历史站点（详细地址未提供）",114.014566,22.562702,150,online,"2026-09-08 00:53:31",1621,"{""station_id"": ""1621"", ""longitude"": ""114.014566"", ""latitude"": ""22.562702"", ""slow_count"": ""12"", ""fast_count"": ""0"", ""charge_count"": ""12"", ""TAZID"": ""235""}"
625,"深圳-1622","深圳市 · UrbanEV历史站点（详细地址未提供）",114.014713,22.641373,150,online,"2026-09-08 00:53:31",1622,"{""station_id"": ""1622"", ""longitude"": ""114.014713"", ""latitude"": ""22.641373"", ""slow_count"": ""12"", ""fast_count"": ""0"", ""charge_count"": ""12"", ""TAZID"": ""710""}"
626,"深圳-1623","深圳市 · UrbanEV历史站点（详细地址未提供）",114.015025,22.637257,150,online,"2026-09-08 00:53:31",1623,"{""station_id"": ""1623"", ""longitude"": ""114.015025"", ""latitude"": ""22.637257"", ""slow_count"": ""22"", ""fast_count"": ""0"", ""charge_count"": ""22"", ""TAZID"": ""724""}"
627,"深圳-1624","深圳市 · UrbanEV历史站点（详细地址未提供）",114.015191,22.565889,150,online,"2026-09-08 00:53:31",1624,"{""station_id"": ""1624"", ""longitude"": ""114.015191"", ""latitude"": ""22.565889"", ""slow_count"": ""2"", ""fast_count"": ""0"", ""charge_count"": ""2"", ""TAZID"": ""235""}"
628,"深圳-1625","深圳市 · UrbanEV历史站点（详细地址未提供）",114.015239,22.564382,150,online,"2026-09-08 00:53:31",1625,"{""station_id"": ""1625"", ""longitude"": ""114.015239"", ""latitude"": ""22.564382"", ""slow_count"": ""2"", ""fast_count"": ""0"", ""charge_count"": ""2"", ""TAZID"": ""235""}"
629,"深圳-1626","深圳市 · UrbanEV历史站点（详细地址未提供）",114.015799,22.564912,150,online,"2026-09-08 00:53:31",1626,"{""station_id"": ""1626"", ""longitude"": ""114.015799"", ""latitude"": ""22.564912"", ""slow_count"": ""2"", ""fast_count"": ""0"", ""charge_count"": ""2"", ""TAZID"": ""235""}"
630,"深圳-1627","深圳市 · UrbanEV历史站点（详细地址未提供）",114.015963,22.564159,150,online,"2026-09-08 00:53:31",1627,"{""station_id"": ""1627"", ""longitude"": ""114.015963"", ""latitude"": ""22.564159"", ""slow_count"": ""2"", ""fast_count"": ""0"", ""charge_count"": ""2"", ""TAZID"": ""235""}"
631,"深圳-1628","深圳市 · UrbanEV历史站点（详细地址未提供）",114.01606,22.561905,150,online,"2026-09-08 00:53:31",1628,"{""station_id"": ""1628"", ""longitude"": ""114.01606"", ""latitude"": ""22.561905"", ""slow_count"": ""13"", ""fast_count"": ""0"", ""charge_count"": ""13"", ""TAZID"": ""235""}"
632,"深圳-1629","深圳市 · UrbanEV历史站点（详细地址未提供）",114.016155,22.54725,150,online,"2026-09-08 00:53:31",1629,"{""station_id"": ""1629"", ""longitude"": ""114.016155"", ""latitude"": ""22.54725"", ""slow_count"": ""6"", ""fast_count"": ""0"", ""charge_count"": ""6"", ""TAZID"": ""1113""}"
633,"深圳-1630","深圳市 · UrbanEV历史站点（详细地址未提供）",114.016306,22.564233,150,online,"2026-09-08 00:53:31",1630,"{""station_id"": ""1630"", ""longitude"": ""114.016306"", ""latitude"": ""22.564233"", ""slow_count"": ""2"", ""fast_count"": ""0"", ""charge_count"": ""2"", ""TAZID"": ""235""}"
634,"深圳-1631","深圳市 · UrbanEV历史站点（详细地址未提供）",114.016557,22.56248,150,online,"2026-09-08 00:53:31",1631,"{""station_id"": ""1631"", ""longitude"": ""114.016557"", ""latitude"": ""22.56248"", ""slow_count"": ""8"", ""fast_count"": ""0"", ""charge_count"": ""8"", ""TAZID"": ""235""}"
635,"深圳-1632","深圳市 · UrbanEV历史站点（详细地址未提供）",114.016845,22.536691,150,online,"2026-09-08 00:53:31",1632,"{""station_id"": ""1632"", ""longitude"": ""114.016845"", ""latitude"": ""22.536691"", ""slow_count"": ""1"", ""fast_count"": ""0"", ""charge_count"": ""1"", ""TAZID"": ""226""}"
636,"深圳-1633","深圳市 · UrbanEV历史站点（详细地址未提供）",114.016962,22.63037,150,online,"2026-09-08 00:53:31",1633,"{""station_id"": ""1633"", ""longitude"": ""114.016962"", ""latitude"": ""22.63037"", ""slow_count"": ""6"", ""fast_count"": ""0"", ""charge_count"": ""6"", ""TAZID"": ""704""}"
637,"深圳-1634","深圳市 · UrbanEV历史站点（详细地址未提供）",114.018025,22.541107,150,online,"2026-09-08 00:53:31",1634,"{""station_id"": ""1634"", ""longitude"": ""114.018025"", ""latitude"": ""22.541107"", ""slow_count"": ""16"", ""fast_count"": ""0"", ""charge_count"": ""16"", ""TAZID"": ""1114""}"
638,"深圳-1635","深圳市 · UrbanEV历史站点（详细地址未提供）",114.018197,22.549514,150,online,"2026-09-08 00:53:31",1635,"{""station_id"": ""1635"", ""longitude"": ""114.018197"", ""latitude"": ""22.549514"", ""slow_count"": ""4"", ""fast_count"": ""0"", ""charge_count"": ""4"", ""TAZID"": ""1113""}"
639,"深圳-1636","深圳市 · UrbanEV历史站点（详细地址未提供）",114.018711,22.556332,150,online,"2026-09-08 00:53:31",1636,"{""station_id"": ""1636"", ""longitude"": ""114.018711"", ""latitude"": ""22.556332"", ""slow_count"": ""20"", ""fast_count"": ""0"", ""charge_count"": ""20"", ""TAZID"": ""1115""}"
640,"深圳-1637","深圳市 · UrbanEV历史站点（详细地址未提供）",114.01892,22.540155,150,online,"2026-09-08 00:53:31",1637,"{""station_id"": ""1637"", ""longitude"": ""114.01892"", ""latitude"": ""22.540155"", ""slow_count"": ""4"", ""fast_count"": ""2"", ""charge_count"": ""6"", ""TAZID"": ""1114""}"
641,"深圳-1638","深圳市 · UrbanEV历史站点（详细地址未提供）",114.01892,22.540155,150,online,"2026-09-08 00:53:31",1638,"{""station_id"": ""1638"", ""longitude"": ""114.01892"", ""latitude"": ""22.540155"", ""slow_count"": ""4"", ""fast_count"": ""2"", ""charge_count"": ""6"", ""TAZID"": ""1114""}"
642,"深圳-1639","深圳市 · UrbanEV历史站点（详细地址未提供）",114.019401,22.642531,150,online,"2026-09-08 00:53:31",1639,"{""station_id"": ""1639"", ""longitude"": ""114.019401"", ""latitude"": ""22.642531"", ""slow_count"": ""32"", ""fast_count"": ""0"", ""charge_count"": ""32"", ""TAZID"": ""710""}"
643,"深圳-1640","深圳市 · UrbanEV历史站点（详细地址未提供）",114.019749,22.658889,150,online,"2026-09-08 00:53:31",1640,"{""station_id"": ""1640"", ""longitude"": ""114.019749"", ""latitude"": ""22.658889"", ""slow_count"": ""6"", ""fast_count"": ""0"", ""charge_count"": ""6"", ""TAZID"": ""711""}"
644,"深圳-1641","深圳市 · UrbanEV历史站点（详细地址未提供）",114.019752,22.644334,150,online,"2026-09-08 00:53:31",1641,"{""station_id"": ""1641"", ""longitude"": ""114.019752"", ""latitude"": ""22.644334"", ""slow_count"": ""12"", ""fast_count"": ""0"", ""charge_count"": ""12"", ""TAZID"": ""710""}"
645,"深圳-1642","深圳市 · UrbanEV历史站点（详细地址未提供）",114.019848,22.533913,150,online,"2026-09-08 00:53:31",1642,"{""station_id"": ""1642"", ""longitude"": ""114.019848"", ""latitude"": ""22.533913"", ""slow_count"": ""0"", ""fast_count"": ""10"", ""charge_count"": ""10"", ""TAZID"": ""226""}"
646,"深圳-1643","深圳市 · UrbanEV历史站点（详细地址未提供）",114.019945,22.534075,150,online,"2026-09-08 00:53:31",1643,"{""station_id"": ""1643"", ""longitude"": ""114.019945"", ""latitude"": ""22.534075"", ""slow_count"": ""10"", ""fast_count"": ""0"", ""charge_count"": ""10"", ""TAZID"": ""226""}"
647,"深圳-1644","深圳市 · UrbanEV历史站点（详细地址未提供）",114.020065,22.634935,150,online,"2026-09-08 00:53:31",1644,"{""station_id"": ""1644"", ""longitude"": ""114.020065"", ""latitude"": ""22.634935"", ""slow_count"": ""36"", ""fast_count"": ""0"", ""charge_count"": ""36"", ""TAZID"": ""704""}"
648,"深圳-1645","深圳市 · UrbanEV历史站点（详细地址未提供）",114.020148,22.537806,150,online,"2026-09-08 00:53:31",1645,"{""station_id"": ""1645"", ""longitude"": ""114.020148"", ""latitude"": ""22.537806"", ""slow_count"": ""3"", ""fast_count"": ""0"", ""charge_count"": ""3"", ""TAZID"": ""226""}"
649,"深圳-1646","深圳市 · UrbanEV历史站点（详细地址未提供）",114.020299,22.542474,150,online,"2026-09-08 00:53:31",1646,"{""station_id"": ""1646"", ""longitude"": ""114.020299"", ""latitude"": ""22.542474"", ""slow_count"": ""2"", ""fast_count"": ""0"", ""charge_count"": ""2"", ""TAZID"": ""1114""}"
650,"深圳-1647","深圳市 · UrbanEV历史站点（详细地址未提供）",114.020444,22.649372,150,online,"2026-09-08 00:53:31",1647,"{""station_id"": ""1647"", ""longitude"": ""114.020444"", ""latitude"": ""22.649372"", ""slow_count"": ""10"", ""fast_count"": ""0"", ""charge_count"": ""10"", ""TAZID"": ""710""}"
651,"深圳-1648","深圳市 · UrbanEV历史站点（详细地址未提供）",114.020878,22.534074,150,online,"2026-09-08 00:53:31",1648,"{""station_id"": ""1648"", ""longitude"": ""114.020878"", ""latitude"": ""22.534074"", ""slow_count"": ""14"", ""fast_count"": ""0"", ""charge_count"": ""14"", ""TAZID"": ""226""}"
652,"深圳-1649","深圳市 · UrbanEV历史站点（详细地址未提供）",114.021208,22.644705,150,online,"2026-09-08 00:53:31",1649,"{""station_id"": ""1649"", ""longitude"": ""114.021208"", ""latitude"": ""22.644705"", ""slow_count"": ""6"", ""fast_count"": ""0"", ""charge_count"": ""6"", ""TAZID"": ""710""}"
653,"深圳-1650","深圳市 · UrbanEV历史站点（详细地址未提供）",114.021293,22.629543,150,online,"2026-09-08 00:53:31",1650,"{""station_id"": ""1650"", ""longitude"": ""114.021293"", ""latitude"": ""22.629543"", ""slow_count"": ""17"", ""fast_count"": ""0"", ""charge_count"": ""17"", ""TAZID"": ""704""}"
654,"深圳-1651","深圳市 · UrbanEV历史站点（详细地址未提供）",114.021369,22.653237,150,online,"2026-09-08 00:53:31",1651,"{""station_id"": ""1651"", ""longitude"": ""114.021369"", ""latitude"": ""22.653237"", ""slow_count"": ""3"", ""fast_count"": ""0"", ""charge_count"": ""3"", ""TAZID"": ""709""}"
655,"深圳-1652","深圳市 · UrbanEV历史站点（详细地址未提供）",114.021369,22.653237,150,online,"2026-09-08 00:53:31",1652,"{""station_id"": ""1652"", ""longitude"": ""114.021369"", ""latitude"": ""22.653237"", ""slow_count"": ""5"", ""fast_count"": ""0"", ""charge_count"": ""5"", ""TAZID"": ""709""}"
656,"深圳-1653","深圳市 · UrbanEV历史站点（详细地址未提供）",114.021476,22.664938,150,online,"2026-09-08 00:53:31",1653,"{""station_id"": ""1653"", ""longitude"": ""114.021476"", ""latitude"": ""22.664938"", ""slow_count"": ""12"", ""fast_count"": ""0"", ""charge_count"": ""12"", ""TAZID"": ""711""}"
657,"深圳-1654","深圳市 · UrbanEV历史站点（详细地址未提供）",114.021484,22.529977,150,online,"2026-09-08 00:53:31",1654,"{""station_id"": ""1654"", ""longitude"": ""114.021484"", ""latitude"": ""22.529977"", ""slow_count"": ""20"", ""fast_count"": ""0"", ""charge_count"": ""20"", ""TAZID"": ""217""}"
658,"深圳-1655","深圳市 · UrbanEV历史站点（详细地址未提供）",114.021511,22.664678,150,online,"2026-09-08 00:53:31",1655,"{""station_id"": ""1655"", ""longitude"": ""114.021511"", ""latitude"": ""22.664678"", ""slow_count"": ""16"", ""fast_count"": ""0"", ""charge_count"": ""16"", ""TAZID"": ""711""}"
659,"深圳-1656","深圳市 · UrbanEV历史站点（详细地址未提供）",114.021644,22.712304,150,online,"2026-09-08 00:53:31",1656,"{""station_id"": ""1656"", ""longitude"": ""114.021644"", ""latitude"": ""22.712304"", ""slow_count"": ""35"", ""fast_count"": ""0"", ""charge_count"": ""35"", ""TAZID"": ""691""}"
660,"深圳-1657","深圳市 · UrbanEV历史站点（详细地址未提供）",114.02169,22.542135,150,online,"2026-09-08 00:53:31",1657,"{""station_id"": ""1657"", ""longitude"": ""114.02169"", ""latitude"": ""22.542135"", ""slow_count"": ""12"", ""fast_count"": ""0"", ""charge_count"": ""12"", ""TAZID"": ""1114""}"
661,"深圳-1658","深圳市 · UrbanEV历史站点（详细地址未提供）",114.021862,22.635268,150,online,"2026-09-08 00:53:31",1658,"{""station_id"": ""1658"", ""longitude"": ""114.021862"", ""latitude"": ""22.635268"", ""slow_count"": ""45"", ""fast_count"": ""0"", ""charge_count"": ""45"", ""TAZID"": ""704""}"
662,"深圳-1659","深圳市 · UrbanEV历史站点（详细地址未提供）",114.022126,22.6314,150,online,"2026-09-08 00:53:31",1659,"{""station_id"": ""1659"", ""longitude"": ""114.022126"", ""latitude"": ""22.6314"", ""slow_count"": ""6"", ""fast_count"": ""0"", ""charge_count"": ""6"", ""TAZID"": ""704""}"
663,"深圳-1660","深圳市 · UrbanEV历史站点（详细地址未提供）",114.02222,22.529467,150,online,"2026-09-08 00:53:31",1660,"{""station_id"": ""1660"", ""longitude"": ""114.02222"", ""latitude"": ""22.529467"", ""slow_count"": ""14"", ""fast_count"": ""0"", ""charge_count"": ""14"", ""TAZID"": ""217""}"
664,"深圳-1661","深圳市 · UrbanEV历史站点（详细地址未提供）",114.02228,22.650054,150,online,"2026-09-08 00:53:31",1661,"{""station_id"": ""1661"", ""longitude"": ""114.02228"", ""latitude"": ""22.650054"", ""slow_count"": ""4"", ""fast_count"": ""0"", ""charge_count"": ""4"", ""TAZID"": ""709""}"
665,"深圳-1662","深圳市 · UrbanEV历史站点（详细地址未提供）",114.022326,22.647367,150,online,"2026-09-08 00:53:31",1662,"{""station_id"": ""1662"", ""longitude"": ""114.022326"", ""latitude"": ""22.647367"", ""slow_count"": ""6"", ""fast_count"": ""0"", ""charge_count"": ""6"", ""TAZID"": ""710""}"
666,"深圳-1663","深圳市 · UrbanEV历史站点（详细地址未提供）",114.022483,22.666759,150,online,"2026-09-08 00:53:31",1663,"{""station_id"": ""1663"", ""longitude"": ""114.022483"", ""latitude"": ""22.666759"", ""slow_count"": ""6"", ""fast_count"": ""6"", ""charge_count"": ""12"", ""TAZID"": ""712""}"
667,"深圳-1664","深圳市 · UrbanEV历史站点（详细地址未提供）",114.022483,22.666759,150,online,"2026-09-08 00:53:31",1664,"{""station_id"": ""1664"", ""longitude"": ""114.022483"", ""latitude"": ""22.666759"", ""slow_count"": ""6"", ""fast_count"": ""6"", ""charge_count"": ""12"", ""TAZID"": ""712""}"
668,"深圳-1665","深圳市 · UrbanEV历史站点（详细地址未提供）",114.022508,22.531382,150,online,"2026-09-08 00:53:31",1665,"{""station_id"": ""1665"", ""longitude"": ""114.022508"", ""latitude"": ""22.531382"", ""slow_count"": ""8"", ""fast_count"": ""0"", ""charge_count"": ""8"", ""TAZID"": ""217""}"
669,"深圳-1666","深圳市 · UrbanEV历史站点（详细地址未提供）",114.022973,22.648233,150,online,"2026-09-08 00:53:31",1666,"{""station_id"": ""1666"", ""longitude"": ""114.022973"", ""latitude"": ""22.648233"", ""slow_count"": ""6"", ""fast_count"": ""0"", ""charge_count"": ""6"", ""TAZID"": ""709""}"
670,"深圳-1667","深圳市 · UrbanEV历史站点（详细地址未提供）",114.02327,22.551826,150,online,"2026-09-08 00:53:31",1667,"{""station_id"": ""1667"", ""longitude"": ""114.02327"", ""latitude"": ""22.551826"", ""slow_count"": ""25"", ""fast_count"": ""0"", ""charge_count"": ""25"", ""TAZID"": ""1115""}"
671,"深圳-1668","深圳市 · UrbanEV历史站点（详细地址未提供）",114.023596,22.529755,150,online,"2026-09-08 00:53:31",1668,"{""station_id"": ""1668"", ""longitude"": ""114.023596"", ""latitude"": ""22.529755"", ""slow_count"": ""6"", ""fast_count"": ""0"", ""charge_count"": ""6"", ""TAZID"": ""217""}"
672,"深圳-1669","深圳市 · UrbanEV历史站点（详细地址未提供）",114.023725,22.530345,150,online,"2026-09-08 00:53:31",1669,"{""station_id"": ""1669"", ""longitude"": ""114.023725"", ""latitude"": ""22.530345"", ""slow_count"": ""24"", ""fast_count"": ""0"", ""charge_count"": ""24"", ""TAZID"": ""217""}"
673,"深圳-1670","深圳市 · UrbanEV历史站点（详细地址未提供）",114.024085,22.529828,150,online,"2026-09-08 00:53:31",1670,"{""station_id"": ""1670"", ""longitude"": ""114.024085"", ""latitude"": ""22.529828"", ""slow_count"": ""13"", ""fast_count"": ""0"", ""charge_count"": ""13"", ""TAZID"": ""217""}"
674,"深圳-1671","深圳市 · UrbanEV历史站点（详细地址未提供）",114.024208,22.531691,150,online,"2026-09-08 00:53:31",1671,"{""station_id"": ""1671"", ""longitude"": ""114.024208"", ""latitude"": ""22.531691"", ""slow_count"": ""8"", ""fast_count"": ""0"", ""charge_count"": ""8"", ""TAZID"": ""217""}"
675,"深圳-1672","深圳市 · UrbanEV历史站点（详细地址未提供）",114.024578,22.629094,150,online,"2026-09-08 00:53:31",1672,"{""station_id"": ""1672"", ""longitude"": ""114.024578"", ""latitude"": ""22.629094"", ""slow_count"": ""15"", ""fast_count"": ""0"", ""charge_count"": ""15"", ""TAZID"": ""704""}"
676,"深圳-1673","深圳市 · UrbanEV历史站点（详细地址未提供）",114.024582,22.534038,150,online,"2026-09-08 00:53:31",1673,"{""station_id"": ""1673"", ""longitude"": ""114.024582"", ""latitude"": ""22.534038"", ""slow_count"": ""12"", ""fast_count"": ""0"", ""charge_count"": ""12"", ""TAZID"": ""226""}"
677,"深圳-1674","深圳市 · UrbanEV历史站点（详细地址未提供）",114.024916,22.629079,150,online,"2026-09-08 00:53:31",1674,"{""station_id"": ""1674"", ""longitude"": ""114.024916"", ""latitude"": ""22.629079"", ""slow_count"": ""6"", ""fast_count"": ""0"", ""charge_count"": ""6"", ""TAZID"": ""704""}"
678,"深圳-1675","深圳市 · UrbanEV历史站点（详细地址未提供）",114.024997,22.633932,150,online,"2026-09-08 00:53:31",1675,"{""station_id"": ""1675"", ""longitude"": ""114.024997"", ""latitude"": ""22.633932"", ""slow_count"": ""16"", ""fast_count"": ""0"", ""charge_count"": ""16"", ""TAZID"": ""703""}"
679,"深圳-1676","深圳市 · UrbanEV历史站点（详细地址未提供）",114.025093,22.540127,150,online,"2026-09-08 00:53:31",1676,"{""station_id"": ""1676"", ""longitude"": ""114.025093"", ""latitude"": ""22.540127"", ""slow_count"": ""5"", ""fast_count"": ""0"", ""charge_count"": ""5"", ""TAZID"": ""1116""}"
680,"深圳-1677","深圳市 · UrbanEV历史站点（详细地址未提供）",114.02549,22.523506,150,online,"2026-09-08 00:53:31",1677,"{""station_id"": ""1677"", ""longitude"": ""114.02549"", ""latitude"": ""22.523506"", ""slow_count"": ""18"", ""fast_count"": ""0"", ""charge_count"": ""18"", ""TAZID"": ""217""}"
681,"深圳-1678","深圳市 · UrbanEV历史站点（详细地址未提供）",114.025523,22.653106,150,online,"2026-09-08 00:53:31",1678,"{""station_id"": ""1678"", ""longitude"": ""114.025523"", ""latitude"": ""22.653106"", ""slow_count"": ""2"", ""fast_count"": ""0"", ""charge_count"": ""2"", ""TAZID"": ""709""}"
682,"深圳-1679","深圳市 · UrbanEV历史站点（详细地址未提供）",114.025571,22.523102,150,online,"2026-09-08 00:53:31",1679,"{""station_id"": ""1679"", ""longitude"": ""114.025571"", ""latitude"": ""22.523102"", ""slow_count"": ""12"", ""fast_count"": ""0"", ""charge_count"": ""12"", ""TAZID"": ""217""}"
683,"深圳-1680","深圳市 · UrbanEV历史站点（详细地址未提供）",114.026021,22.635962,150,online,"2026-09-08 00:53:31",1680,"{""station_id"": ""1680"", ""longitude"": ""114.026021"", ""latitude"": ""22.635962"", ""slow_count"": ""12"", ""fast_count"": ""0"", ""charge_count"": ""12"", ""TAZID"": ""705""}"
684,"深圳-1681","深圳市 · UrbanEV历史站点（详细地址未提供）",114.026166,22.713154,150,online,"2026-09-08 00:53:31",1681,"{""station_id"": ""1681"", ""longitude"": ""114.026166"", ""latitude"": ""22.713154"", ""slow_count"": ""0"", ""fast_count"": ""58"", ""charge_count"": ""58"", ""TAZID"": ""690""}"
685,"深圳-1682","深圳市 · UrbanEV历史站点（详细地址未提供）",114.026166,22.713154,150,online,"2026-09-08 00:53:31",1682,"{""station_id"": ""1682"", ""longitude"": ""114.026166"", ""latitude"": ""22.713154"", ""slow_count"": ""0"", ""fast_count"": ""58"", ""charge_count"": ""58"", ""TAZID"": ""690""}"
686,"深圳-1683","深圳市 · UrbanEV历史站点（详细地址未提供）",114.026362,22.632913,150,online,"2026-09-08 00:53:31",1683,"{""station_id"": ""1683"", ""longitude"": ""114.026362"", ""latitude"": ""22.632913"", ""slow_count"": ""4"", ""fast_count"": ""0"", ""charge_count"": ""4"", ""TAZID"": ""703""}"
687,"深圳-1684","深圳市 · UrbanEV历史站点（详细地址未提供）",114.026501,22.551029,150,online,"2026-09-08 00:53:31",1684,"{""station_id"": ""1684"", ""longitude"": ""114.026501"", ""latitude"": ""22.551029"", ""slow_count"": ""5"", ""fast_count"": ""0"", ""charge_count"": ""5"", ""TAZID"": ""1115""}"
688,"深圳-1685","深圳市 · UrbanEV历史站点（详细地址未提供）",114.026552,22.69469,150,online,"2026-09-08 00:53:31",1685,"{""station_id"": ""1685"", ""longitude"": ""114.026552"", ""latitude"": ""22.69469"", ""slow_count"": ""2"", ""fast_count"": ""0"", ""charge_count"": ""2"", ""TAZID"": ""692""}"
689,"深圳-1686","深圳市 · UrbanEV历史站点（详细地址未提供）",114.026597,22.537611,150,online,"2026-09-08 00:53:31",1686,"{""station_id"": ""1686"", ""longitude"": ""114.026597"", ""latitude"": ""22.537611"", ""slow_count"": ""18"", ""fast_count"": ""0"", ""charge_count"": ""18"", ""TAZID"": ""226""}"
690,"深圳-1687","深圳市 · UrbanEV历史站点（详细地址未提供）",114.026818,22.735808,150,online,"2026-09-08 00:53:31",1687,"{""station_id"": ""1687"", ""longitude"": ""114.026818"", ""latitude"": ""22.735808"", ""slow_count"": ""12"", ""fast_count"": ""0"", ""charge_count"": ""12"", ""TAZID"": ""688""}"
691,"深圳-1688","深圳市 · UrbanEV历史站点（详细地址未提供）",114.026874,22.532492,150,online,"2026-09-08 00:53:31",1688,"{""station_id"": ""1688"", ""longitude"": ""114.026874"", ""latitude"": ""22.532492"", ""slow_count"": ""4"", ""fast_count"": ""0"", ""charge_count"": ""4"", ""TAZID"": ""226""}"
692,"深圳-1689","深圳市 · UrbanEV历史站点（详细地址未提供）",114.026965,22.666678,150,online,"2026-09-08 00:53:31",1689,"{""station_id"": ""1689"", ""longitude"": ""114.026965"", ""latitude"": ""22.666678"", ""slow_count"": ""12"", ""fast_count"": ""0"", ""charge_count"": ""12"", ""TAZID"": ""712""}"
693,"深圳-1690","深圳市 · UrbanEV历史站点（详细地址未提供）",114.026975,22.746707,150,online,"2026-09-08 00:53:31",1690,"{""station_id"": ""1690"", ""longitude"": ""114.026975"", ""latitude"": ""22.746707"", ""slow_count"": ""12"", ""fast_count"": ""0"", ""charge_count"": ""12"", ""TAZID"": ""682""}"
694,"深圳-1691","深圳市 · UrbanEV历史站点（详细地址未提供）",114.027743,22.627125,150,online,"2026-09-08 00:53:31",1691,"{""station_id"": ""1691"", ""longitude"": ""114.027743"", ""latitude"": ""22.627125"", ""slow_count"": ""30"", ""fast_count"": ""0"", ""charge_count"": ""30"", ""TAZID"": ""703""}"
695,"深圳-1692","深圳市 · UrbanEV历史站点（详细地址未提供）",114.027803,22.522153,150,online,"2026-09-08 00:53:31",1692,"{""station_id"": ""1692"", ""longitude"": ""114.027803"", ""latitude"": ""22.522153"", ""slow_count"": ""6"", ""fast_count"": ""0"", ""charge_count"": ""6"", ""TAZID"": ""217""}"
696,"深圳-1693","深圳市 · UrbanEV历史站点（详细地址未提供）",114.027927,22.73879,150,online,"2026-09-08 00:53:31",1693,"{""station_id"": ""1693"", ""longitude"": ""114.027927"", ""latitude"": ""22.73879"", ""slow_count"": ""12"", ""fast_count"": ""0"", ""charge_count"": ""12"", ""TAZID"": ""686""}"
697,"深圳-1694","深圳市 · UrbanEV历史站点（详细地址未提供）",114.027956,22.636802,150,online,"2026-09-08 00:53:31",1694,"{""station_id"": ""1694"", ""longitude"": ""114.027956"", ""latitude"": ""22.636802"", ""slow_count"": ""12"", ""fast_count"": ""0"", ""charge_count"": ""12"", ""TAZID"": ""705""}"
698,"深圳-1695","深圳市 · UrbanEV历史站点（详细地址未提供）",114.028093,22.736966,150,online,"2026-09-08 00:53:31",1695,"{""station_id"": ""1695"", ""longitude"": ""114.028093"", ""latitude"": ""22.736966"", ""slow_count"": ""11"", ""fast_count"": ""0"", ""charge_count"": ""11"", ""TAZID"": ""686""}"
699,"深圳-1696","深圳市 · UrbanEV历史站点（详细地址未提供）",114.028156,22.656206,150,online,"2026-09-08 00:53:31",1696,"{""station_id"": ""1696"", ""longitude"": ""114.028156"", ""latitude"": ""22.656206"", ""slow_count"": ""12"", ""fast_count"": ""0"", ""charge_count"": ""12"", ""TAZID"": ""709""}"
700,"深圳-1697","深圳市 · UrbanEV历史站点（详细地址未提供）",114.02847,22.60078,150,online,"2026-09-08 00:53:31",1697,"{""station_id"": ""1697"", ""longitude"": ""114.02847"", ""latitude"": ""22.60078"", ""slow_count"": ""4"", ""fast_count"": ""0"", ""charge_count"": ""4"", ""TAZID"": ""699""}"
701,"深圳-1698","深圳市 · UrbanEV历史站点（详细地址未提供）",114.028902,22.635972,150,online,"2026-09-08 00:53:31",1698,"{""station_id"": ""1698"", ""longitude"": ""114.028902"", ""latitude"": ""22.635972"", ""slow_count"": ""4"", ""fast_count"": ""0"", ""charge_count"": ""4"", ""TAZID"": ""705""}"
702,"深圳-1699","深圳市 · UrbanEV历史站点（详细地址未提供）",114.028928,22.62188,150,online,"2026-09-08 00:53:31",1699,"{""station_id"": ""1699"", ""longitude"": ""114.028928"", ""latitude"": ""22.62188"", ""slow_count"": ""9"", ""fast_count"": ""0"", ""charge_count"": ""9"", ""TAZID"": ""703""}"
703,"深圳-1700","深圳市 · UrbanEV历史站点（详细地址未提供）",114.028946,22.600645,150,online,"2026-09-08 00:53:31",1700,"{""station_id"": ""1700"", ""longitude"": ""114.028946"", ""latitude"": ""22.600645"", ""slow_count"": ""2"", ""fast_count"": ""0"", ""charge_count"": ""2"", ""TAZID"": ""699""}"
704,"深圳-1701","深圳市 · UrbanEV历史站点（详细地址未提供）",114.029184,22.601094,150,online,"2026-09-08 00:53:31",1701,"{""station_id"": ""1701"", ""longitude"": ""114.029184"", ""latitude"": ""22.601094"", ""slow_count"": ""4"", ""fast_count"": ""0"", ""charge_count"": ""4"", ""TAZID"": ""699""}"
705,"深圳-1702","深圳市 · UrbanEV历史站点（详细地址未提供）",114.029755,22.553619,150,online,"2026-09-08 00:53:31",1702,"{""station_id"": ""1702"", ""longitude"": ""114.029755"", ""latitude"": ""22.553619"", ""slow_count"": ""6"", ""fast_count"": ""0"", ""charge_count"": ""6"", ""TAZID"": ""1115""}"
706,"深圳-1703","深圳市 · UrbanEV历史站点（详细地址未提供）",114.029918,22.534794,150,online,"2026-09-08 00:53:31",1703,"{""station_id"": ""1703"", ""longitude"": ""114.029918"", ""latitude"": ""22.534794"", ""slow_count"": ""2"", ""fast_count"": ""0"", ""charge_count"": ""2"", ""TAZID"": ""227""}"
707,"深圳-1704","深圳市 · UrbanEV历史站点（详细地址未提供）",114.03006,22.533349,150,online,"2026-09-08 00:53:31",1704,"{""station_id"": ""1704"", ""longitude"": ""114.03006"", ""latitude"": ""22.533349"", ""slow_count"": ""12"", ""fast_count"": ""0"", ""charge_count"": ""12"", ""TAZID"": ""227""}"
708,"深圳-1705","深圳市 · UrbanEV历史站点（详细地址未提供）",114.030658,22.602767,150,online,"2026-09-08 00:53:31",1705,"{""station_id"": ""1705"", ""longitude"": ""114.030658"", ""latitude"": ""22.602767"", ""slow_count"": ""11"", ""fast_count"": ""0"", ""charge_count"": ""11"", ""TAZID"": ""699""}"
709,"深圳-1706","深圳市 · UrbanEV历史站点（详细地址未提供）",114.030658,22.602767,150,online,"2026-09-08 00:53:31",1706,"{""station_id"": ""1706"", ""longitude"": ""114.030658"", ""latitude"": ""22.602767"", ""slow_count"": ""11"", ""fast_count"": ""0"", ""charge_count"": ""11"", ""TAZID"": ""699""}"
710,"深圳-1707","深圳市 · UrbanEV历史站点（详细地址未提供）",114.031016,22.554933,150,online,"2026-09-08 00:53:31",1707,"{""station_id"": ""1707"", ""longitude"": ""114.031016"", ""latitude"": ""22.554933"", ""slow_count"": ""6"", ""fast_count"": ""0"", ""charge_count"": ""6"", ""TAZID"": ""1115""}"
711,"深圳-1708","深圳市 · UrbanEV历史站点（详细地址未提供）",114.03102,22.652169,150,online,"2026-09-08 00:53:31",1708,"{""station_id"": ""1708"", ""longitude"": ""114.03102"", ""latitude"": ""22.652169"", ""slow_count"": ""24"", ""fast_count"": ""0"", ""charge_count"": ""24"", ""TAZID"": ""709""}"
712,"深圳-1709","深圳市 · UrbanEV历史站点（详细地址未提供）",114.03102,22.652169,150,online,"2026-09-08 00:53:31",1709,"{""station_id"": ""1709"", ""longitude"": ""114.03102"", ""latitude"": ""22.652169"", ""slow_count"": ""24"", ""fast_count"": ""0"", ""charge_count"": ""24"", ""TAZID"": ""709""}"
713,"深圳-1710","深圳市 · UrbanEV历史站点（详细地址未提供）",114.031098,22.627558,150,online,"2026-09-08 00:53:31",1710,"{""station_id"": ""1710"", ""longitude"": ""114.031098"", ""latitude"": ""22.627558"", ""slow_count"": ""10"", ""fast_count"": ""2"", ""charge_count"": ""12"", ""TAZID"": ""703""}"
714,"深圳-1711","深圳市 · UrbanEV历史站点（详细地址未提供）",114.03111,22.632167,150,online,"2026-09-08 00:53:31",1711,"{""station_id"": ""1711"", ""longitude"": ""114.03111"", ""latitude"": ""22.632167"", ""slow_count"": ""10"", ""fast_count"": ""0"", ""charge_count"": ""10"", ""TAZID"": ""703""}"
715,"深圳-1712","深圳市 · UrbanEV历史站点（详细地址未提供）",114.031302,22.534946,150,online,"2026-09-08 00:53:31",1712,"{""station_id"": ""1712"", ""longitude"": ""114.031302"", ""latitude"": ""22.534946"", ""slow_count"": ""6"", ""fast_count"": ""0"", ""charge_count"": ""6"", ""TAZID"": ""227""}"
716,"深圳-1713","深圳市 · UrbanEV历史站点（详细地址未提供）",114.031318,22.628952,150,online,"2026-09-08 00:53:31",1713,"{""station_id"": ""1713"", ""longitude"": ""114.031318"", ""latitude"": ""22.628952"", ""slow_count"": ""8"", ""fast_count"": ""0"", ""charge_count"": ""8"", ""TAZID"": ""703""}"
717,"深圳-1714","深圳市 · UrbanEV历史站点（详细地址未提供）",114.031562,22.536352,150,online,"2026-09-08 00:53:31",1714,"{""station_id"": ""1714"", ""longitude"": ""114.031562"", ""latitude"": ""22.536352"", ""slow_count"": ""6"", ""fast_count"": ""0"", ""charge_count"": ""6"", ""TAZID"": ""227""}"
718,"深圳-1715","深圳市 · UrbanEV历史站点（详细地址未提供）",114.031654,22.641304,150,online,"2026-09-08 00:53:31",1715,"{""station_id"": ""1715"", ""longitude"": ""114.031654"", ""latitude"": ""22.641304"", ""slow_count"": ""6"", ""fast_count"": ""0"", ""charge_count"": ""6"", ""TAZID"": ""705""}"
719,"深圳-1716","深圳市 · UrbanEV历史站点（详细地址未提供）",114.031654,22.641304,150,online,"2026-09-08 00:53:31",1716,"{""station_id"": ""1716"", ""longitude"": ""114.031654"", ""latitude"": ""22.641304"", ""slow_count"": ""6"", ""fast_count"": ""0"", ""charge_count"": ""6"", ""TAZID"": ""705""}"
720,"深圳-1717","深圳市 · UrbanEV历史站点（详细地址未提供）",114.031901,22.531023,150,online,"2026-09-08 00:53:31",1717,"{""station_id"": ""1717"", ""longitude"": ""114.031901"", ""latitude"": ""22.531023"", ""slow_count"": ""17"", ""fast_count"": ""0"", ""charge_count"": ""17"", ""TAZID"": ""227""}"
721,"深圳-1718","深圳市 · UrbanEV历史站点（详细地址未提供）",114.031901,22.531023,150,online,"2026-09-08 00:53:31",1718,"{""station_id"": ""1718"", ""longitude"": ""114.031901"", ""latitude"": ""22.531023"", ""slow_count"": ""16"", ""fast_count"": ""0"", ""charge_count"": ""16"", ""TAZID"": ""227""}"
722,"深圳-1719","深圳市 · UrbanEV历史站点（详细地址未提供）",114.031998,22.632514,150,online,"2026-09-08 00:53:31",1719,"{""station_id"": ""1719"", ""longitude"": ""114.031998"", ""latitude"": ""22.632514"", ""slow_count"": ""36"", ""fast_count"": ""0"", ""charge_count"": ""36"", ""TAZID"": ""703""}"
723,"深圳-1720","深圳市 · UrbanEV历史站点（详细地址未提供）",114.032022,22.530696,150,online,"2026-09-08 00:53:31",1720,"{""station_id"": ""1720"", ""longitude"": ""114.032022"", ""latitude"": ""22.530696"", ""slow_count"": ""24"", ""fast_count"": ""0"", ""charge_count"": ""24"", ""TAZID"": ""227""}"
724,"深圳-1721","深圳市 · UrbanEV历史站点（详细地址未提供）",114.032022,22.530696,150,online,"2026-09-08 00:53:31",1721,"{""station_id"": ""1721"", ""longitude"": ""114.032022"", ""latitude"": ""22.530696"", ""slow_count"": ""24"", ""fast_count"": ""0"", ""charge_count"": ""24"", ""TAZID"": ""227""}"
725,"深圳-1722","深圳市 · UrbanEV历史站点（详细地址未提供）",114.032113,22.744423,150,online,"2026-09-08 00:53:31",1722,"{""station_id"": ""1722"", ""longitude"": ""114.032113"", ""latitude"": ""22.744423"", ""slow_count"": ""0"", ""fast_count"": ""38"", ""charge_count"": ""38"", ""TAZID"": ""682""}"
726,"深圳-1723","深圳市 · UrbanEV历史站点（详细地址未提供）",114.032113,22.744423,150,online,"2026-09-08 00:53:31",1723,"{""station_id"": ""1723"", ""longitude"": ""114.032113"", ""latitude"": ""22.744423"", ""slow_count"": ""0"", ""fast_count"": ""38"", ""charge_count"": ""38"", ""TAZID"": ""682""}"
727,"深圳-1724","深圳市 · UrbanEV历史站点（详细地址未提供）",114.032189,22.638566,150,online,"2026-09-08 00:53:31",1724,"{""station_id"": ""1724"", ""longitude"": ""114.032189"", ""latitude"": ""22.638566"", ""slow_count"": ""6"", ""fast_count"": ""0"", ""charge_count"": ""6"", ""TAZID"": ""705""}"
728,"深圳-1725","深圳市 · UrbanEV历史站点（详细地址未提供）",114.032269,22.557413,150,online,"2026-09-08 00:53:31",1725,"{""station_id"": ""1725"", ""longitude"": ""114.032269"", ""latitude"": ""22.557413"", ""slow_count"": ""4"", ""fast_count"": ""0"", ""charge_count"": ""4"", ""TAZID"": ""1110""}"
729,"深圳-1726","深圳市 · UrbanEV历史站点（详细地址未提供）",114.032531,22.660839,150,online,"2026-09-08 00:53:31",1726,"{""station_id"": ""1726"", ""longitude"": ""114.032531"", ""latitude"": ""22.660839"", ""slow_count"": ""12"", ""fast_count"": ""0"", ""charge_count"": ""12"", ""TAZID"": ""712""}"
730,"深圳-1727","深圳市 · UrbanEV历史站点（详细地址未提供）",114.032749,22.716766,150,online,"2026-09-08 00:53:31",1727,"{""station_id"": ""1727"", ""longitude"": ""114.032749"", ""latitude"": ""22.716766"", ""slow_count"": ""36"", ""fast_count"": ""0"", ""charge_count"": ""36"", ""TAZID"": ""690""}"
731,"深圳-1728","深圳市 · UrbanEV历史站点（详细地址未提供）",114.033093,22.631632,150,online,"2026-09-08 00:53:31",1728,"{""station_id"": ""1728"", ""longitude"": ""114.033093"", ""latitude"": ""22.631632"", ""slow_count"": ""15"", ""fast_count"": ""0"", ""charge_count"": ""15"", ""TAZID"": ""703""}"
732,"深圳-1729","深圳市 · UrbanEV历史站点（详细地址未提供）",114.033277,22.531661,150,online,"2026-09-08 00:53:31",1729,"{""station_id"": ""1729"", ""longitude"": ""114.033277"", ""latitude"": ""22.531661"", ""slow_count"": ""3"", ""fast_count"": ""0"", ""charge_count"": ""3"", ""TAZID"": ""227""}"
733,"深圳-1730","深圳市 · UrbanEV历史站点（详细地址未提供）",114.033293,22.531743,150,online,"2026-09-08 00:53:31",1730,"{""station_id"": ""1730"", ""longitude"": ""114.033293"", ""latitude"": ""22.531743"", ""slow_count"": ""15"", ""fast_count"": ""0"", ""charge_count"": ""15"", ""TAZID"": ""227""}"
734,"深圳-1731","深圳市 · UrbanEV历史站点（详细地址未提供）",114.03358,22.526772,150,online,"2026-09-08 00:53:31",1731,"{""station_id"": ""1731"", ""longitude"": ""114.03358"", ""latitude"": ""22.526772"", ""slow_count"": ""6"", ""fast_count"": ""0"", ""charge_count"": ""6"", ""TAZID"": ""1106""}"
735,"深圳-1732","深圳市 · UrbanEV历史站点（详细地址未提供）",114.033635,22.557084,150,online,"2026-09-08 00:53:31",1732,"{""station_id"": ""1732"", ""longitude"": ""114.033635"", ""latitude"": ""22.557084"", ""slow_count"": ""3"", ""fast_count"": ""0"", ""charge_count"": ""3"", ""TAZID"": ""1110""}"
736,"深圳-1733","深圳市 · UrbanEV历史站点（详细地址未提供）",114.033683,22.519079,150,online,"2026-09-08 00:53:31",1733,"{""station_id"": ""1733"", ""longitude"": ""114.033683"", ""latitude"": ""22.519079"", ""slow_count"": ""9"", ""fast_count"": ""0"", ""charge_count"": ""9"", ""TAZID"": ""1105""}"
737,"深圳-1734","深圳市 · UrbanEV历史站点（详细地址未提供）",114.033861,22.716042,150,online,"2026-09-08 00:53:31",1734,"{""station_id"": ""1734"", ""longitude"": ""114.033861"", ""latitude"": ""22.716042"", ""slow_count"": ""12"", ""fast_count"": ""0"", ""charge_count"": ""12"", ""TAZID"": ""690""}"
738,"深圳-1735","深圳市 · UrbanEV历史站点（详细地址未提供）",114.033898,22.62907,150,online,"2026-09-08 00:53:31",1735,"{""station_id"": ""1735"", ""longitude"": ""114.033898"", ""latitude"": ""22.62907"", ""slow_count"": ""6"", ""fast_count"": ""0"", ""charge_count"": ""6"", ""TAZID"": ""703""}"
739,"深圳-1736","深圳市 · UrbanEV历史站点（详细地址未提供）",114.034562,22.65901,150,online,"2026-09-08 00:53:31",1736,"{""station_id"": ""1736"", ""longitude"": ""114.034562"", ""latitude"": ""22.65901"", ""slow_count"": ""6"", ""fast_count"": ""0"", ""charge_count"": ""6"", ""TAZID"": ""712""}"
740,"深圳-1737","深圳市 · UrbanEV历史站点（详细地址未提供）",114.03502,22.518753,150,online,"2026-09-08 00:53:31",1737,"{""station_id"": ""1737"", ""longitude"": ""114.03502"", ""latitude"": ""22.518753"", ""slow_count"": ""12"", ""fast_count"": ""0"", ""charge_count"": ""12"", ""TAZID"": ""1105""}"
741,"深圳-1738","深圳市 · UrbanEV历史站点（详细地址未提供）",114.035049,22.554026,150,online,"2026-09-08 00:53:31",1738,"{""station_id"": ""1738"", ""longitude"": ""114.035049"", ""latitude"": ""22.554026"", ""slow_count"": ""12"", ""fast_count"": ""0"", ""charge_count"": ""12"", ""TAZID"": ""1109""}"
742,"深圳-1739","深圳市 · UrbanEV历史站点（详细地址未提供）",114.035066,22.631653,150,online,"2026-09-08 00:53:31",1739,"{""station_id"": ""1739"", ""longitude"": ""114.035066"", ""latitude"": ""22.631653"", ""slow_count"": ""36"", ""fast_count"": ""0"", ""charge_count"": ""36"", ""TAZID"": ""703""}"
743,"深圳-1740","深圳市 · UrbanEV历史站点（详细地址未提供）",114.035533,22.554058,150,online,"2026-09-08 00:53:31",1740,"{""station_id"": ""1740"", ""longitude"": ""114.035533"", ""latitude"": ""22.554058"", ""slow_count"": ""2"", ""fast_count"": ""0"", ""charge_count"": ""2"", ""TAZID"": ""1109""}"
744,"深圳-1741","深圳市 · UrbanEV历史站点（详细地址未提供）",114.035599,22.627436,150,online,"2026-09-08 00:53:31",1741,"{""station_id"": ""1741"", ""longitude"": ""114.035599"", ""latitude"": ""22.627436"", ""slow_count"": ""4"", ""fast_count"": ""2"", ""charge_count"": ""6"", ""TAZID"": ""703""}"
745,"深圳-1742","深圳市 · UrbanEV历史站点（详细地址未提供）",114.035692,22.657107,150,online,"2026-09-08 00:53:31",1742,"{""station_id"": ""1742"", ""longitude"": ""114.035692"", ""latitude"": ""22.657107"", ""slow_count"": ""8"", ""fast_count"": ""0"", ""charge_count"": ""8"", ""TAZID"": ""712""}"
746,"深圳-1743","深圳市 · UrbanEV历史站点（详细地址未提供）",114.035875,22.553756,150,online,"2026-09-08 00:53:31",1743,"{""station_id"": ""1743"", ""longitude"": ""114.035875"", ""latitude"": ""22.553756"", ""slow_count"": ""3"", ""fast_count"": ""0"", ""charge_count"": ""3"", ""TAZID"": ""1109""}"
747,"深圳-1744","深圳市 · UrbanEV历史站点（详细地址未提供）",114.036247,22.630556,150,online,"2026-09-08 00:53:31",1744,"{""station_id"": ""1744"", ""longitude"": ""114.036247"", ""latitude"": ""22.630556"", ""slow_count"": ""5"", ""fast_count"": ""0"", ""charge_count"": ""5"", ""TAZID"": ""703""}"
748,"深圳-1745","深圳市 · UrbanEV历史站点（详细地址未提供）",114.036508,22.556261,150,online,"2026-09-08 00:53:31",1745,"{""station_id"": ""1745"", ""longitude"": ""114.036508"", ""latitude"": ""22.556261"", ""slow_count"": ""12"", ""fast_count"": ""0"", ""charge_count"": ""12"", ""TAZID"": ""1110""}"
749,"深圳-1746","深圳市 · UrbanEV历史站点（详细地址未提供）",114.036602,22.558479,150,online,"2026-09-08 00:53:31",1746,"{""station_id"": ""1746"", ""longitude"": ""114.036602"", ""latitude"": ""22.558479"", ""slow_count"": ""10"", ""fast_count"": ""0"", ""charge_count"": ""10"", ""TAZID"": ""1110""}"
750,"深圳-1747","深圳市 · UrbanEV历史站点（详细地址未提供）",114.036761,22.570501,150,online,"2026-09-08 00:53:31",1747,"{""station_id"": ""1747"", ""longitude"": ""114.036761"", ""latitude"": ""22.570501"", ""slow_count"": ""6"", ""fast_count"": ""0"", ""charge_count"": ""6"", ""TAZID"": ""1170""}"
751,"深圳-1748","深圳市 · UrbanEV历史站点（详细地址未提供）",114.037064,22.659121,150,online,"2026-09-08 00:53:31",1748,"{""station_id"": ""1748"", ""longitude"": ""114.037064"", ""latitude"": ""22.659121"", ""slow_count"": ""3"", ""fast_count"": ""0"", ""charge_count"": ""3"", ""TAZID"": ""708""}"
752,"深圳-1749","深圳市 · UrbanEV历史站点（详细地址未提供）",114.037088,22.561208,150,online,"2026-09-08 00:53:31",1749,"{""station_id"": ""1749"", ""longitude"": ""114.037088"", ""latitude"": ""22.561208"", ""slow_count"": ""4"", ""fast_count"": ""0"", ""charge_count"": ""4"", ""TAZID"": ""1110""}"
753,"深圳-1750","深圳市 · UrbanEV历史站点（详细地址未提供）",114.037155,22.640178,150,online,"2026-09-08 00:53:31",1750,"{""station_id"": ""1750"", ""longitude"": ""114.037155"", ""latitude"": ""22.640178"", ""slow_count"": ""12"", ""fast_count"": ""0"", ""charge_count"": ""12"", ""TAZID"": ""705""}"
754,"深圳-1751","深圳市 · UrbanEV历史站点（详细地址未提供）",114.038114,22.552619,150,online,"2026-09-08 00:53:31",1751,"{""station_id"": ""1751"", ""longitude"": ""114.038114"", ""latitude"": ""22.552619"", ""slow_count"": ""1"", ""fast_count"": ""0"", ""charge_count"": ""1"", ""TAZID"": ""1109""}"
755,"深圳-1752","深圳市 · UrbanEV历史站点（详细地址未提供）",114.038511,22.669049,150,online,"2026-09-08 00:53:31",1752,"{""station_id"": ""1752"", ""longitude"": ""114.038511"", ""latitude"": ""22.669049"", ""slow_count"": ""9"", ""fast_count"": ""0"", ""charge_count"": ""9"", ""TAZID"": ""731""}"
756,"深圳-1753","深圳市 · UrbanEV历史站点（详细地址未提供）",114.038834,22.731123,150,online,"2026-09-08 00:53:31",1753,"{""station_id"": ""1753"", ""longitude"": ""114.038834"", ""latitude"": ""22.731123"", ""slow_count"": ""12"", ""fast_count"": ""0"", ""charge_count"": ""12"", ""TAZID"": ""686""}"
757,"深圳-1754","深圳市 · UrbanEV历史站点（详细地址未提供）",114.039017,22.633709,150,online,"2026-09-08 00:53:31",1754,"{""station_id"": ""1754"", ""longitude"": ""114.039017"", ""latitude"": ""22.633709"", ""slow_count"": ""6"", ""fast_count"": ""0"", ""charge_count"": ""6"", ""TAZID"": ""705""}"
758,"深圳-1755","深圳市 · UrbanEV历史站点（详细地址未提供）",114.039323,22.550918,150,online,"2026-09-08 00:53:31",1755,"{""station_id"": ""1755"", ""longitude"": ""114.039323"", ""latitude"": ""22.550918"", ""slow_count"": ""5"", ""fast_count"": ""0"", ""charge_count"": ""5"", ""TAZID"": ""1109""}"
759,"深圳-1756","深圳市 · UrbanEV历史站点（详细地址未提供）",114.039729,22.521541,150,online,"2026-09-08 00:53:31",1756,"{""station_id"": ""1756"", ""longitude"": ""114.039729"", ""latitude"": ""22.521541"", ""slow_count"": ""6"", ""fast_count"": ""0"", ""charge_count"": ""6"", ""TAZID"": ""1105""}"
760,"深圳-1757","深圳市 · UrbanEV历史站点（详细地址未提供）",114.040065,22.624989,150,online,"2026-09-08 00:53:31",1757,"{""station_id"": ""1757"", ""longitude"": ""114.040065"", ""latitude"": ""22.624989"", ""slow_count"": ""12"", ""fast_count"": ""0"", ""charge_count"": ""12"", ""TAZID"": ""703""}"
761,"深圳-1758","深圳市 · UrbanEV历史站点（详细地址未提供）",114.040114,22.525856,150,online,"2026-09-08 00:53:31",1758,"{""station_id"": ""1758"", ""longitude"": ""114.040114"", ""latitude"": ""22.525856"", ""slow_count"": ""1"", ""fast_count"": ""0"", ""charge_count"": ""1"", ""TAZID"": ""1106""}"
762,"深圳-1759","深圳市 · UrbanEV历史站点（详细地址未提供）",114.040146,22.659176,150,online,"2026-09-08 00:53:31",1759,"{""station_id"": ""1759"", ""longitude"": ""114.040146"", ""latitude"": ""22.659176"", ""slow_count"": ""8"", ""fast_count"": ""0"", ""charge_count"": ""8"", ""TAZID"": ""708""}"
763,"深圳-1760","深圳市 · UrbanEV历史站点（详细地址未提供）",114.040346,22.66929,150,online,"2026-09-08 00:53:31",1760,"{""station_id"": ""1760"", ""longitude"": ""114.040346"", ""latitude"": ""22.66929"", ""slow_count"": ""12"", ""fast_count"": ""0"", ""charge_count"": ""12"", ""TAZID"": ""731""}"
764,"深圳-1761","深圳市 · UrbanEV历史站点（详细地址未提供）",114.040452,22.542985,150,online,"2026-09-08 00:53:31",1761,"{""station_id"": ""1761"", ""longitude"": ""114.040452"", ""latitude"": ""22.542985"", ""slow_count"": ""5"", ""fast_count"": ""0"", ""charge_count"": ""5"", ""TAZID"": ""1107""}"
765,"深圳-1762","深圳市 · UrbanEV历史站点（详细地址未提供）",114.040526,22.629449,150,online,"2026-09-08 00:53:31",1762,"{""station_id"": ""1762"", ""longitude"": ""114.040526"", ""latitude"": ""22.629449"", ""slow_count"": ""36"", ""fast_count"": ""0"", ""charge_count"": ""36"", ""TAZID"": ""703""}"
766,"深圳-1763","深圳市 · UrbanEV历史站点（详细地址未提供）",114.040676,22.546292,150,online,"2026-09-08 00:53:31",1763,"{""station_id"": ""1763"", ""longitude"": ""114.040676"", ""latitude"": ""22.546292"", ""slow_count"": ""1"", ""fast_count"": ""0"", ""charge_count"": ""1"", ""TAZID"": ""1107""}"
767,"深圳-1764","深圳市 · UrbanEV历史站点（详细地址未提供）",114.04085,22.542457,150,online,"2026-09-08 00:53:31",1764,"{""station_id"": ""1764"", ""longitude"": ""114.04085"", ""latitude"": ""22.542457"", ""slow_count"": ""3"", ""fast_count"": ""0"", ""charge_count"": ""3"", ""TAZID"": ""1107""}"
768,"深圳-1765","深圳市 · UrbanEV历史站点（详细地址未提供）",114.041317,22.552652,150,online,"2026-09-08 00:53:31",1765,"{""station_id"": ""1765"", ""longitude"": ""114.041317"", ""latitude"": ""22.552652"", ""slow_count"": ""6"", ""fast_count"": ""0"", ""charge_count"": ""6"", ""TAZID"": ""1109""}"
769,"深圳-1766","深圳市 · UrbanEV历史站点（详细地址未提供）",114.041581,22.610124,150,online,"2026-09-08 00:53:31",1766,"{""station_id"": ""1766"", ""longitude"": ""114.041581"", ""latitude"": ""22.610124"", ""slow_count"": ""6"", ""fast_count"": ""0"", ""charge_count"": ""6"", ""TAZID"": ""701""}"
770,"深圳-1767","深圳市 · UrbanEV历史站点（详细地址未提供）",114.041934,22.567075,150,online,"2026-09-08 00:53:31",1767,"{""station_id"": ""1767"", ""longitude"": ""114.041934"", ""latitude"": ""22.567075"", ""slow_count"": ""8"", ""fast_count"": ""0"", ""charge_count"": ""8"", ""TAZID"": ""1171""}"
771,"深圳-1768","深圳市 · UrbanEV历史站点（详细地址未提供）",114.041963,22.74508,150,online,"2026-09-08 00:53:31",1768,"{""station_id"": ""1768"", ""longitude"": ""114.041963"", ""latitude"": ""22.74508"", ""slow_count"": ""12"", ""fast_count"": ""0"", ""charge_count"": ""12"", ""TAZID"": ""686""}"
772,"深圳-1769","深圳市 · UrbanEV历史站点（详细地址未提供）",114.041963,22.74508,150,online,"2026-09-08 00:53:31",1769,"{""station_id"": ""1769"", ""longitude"": ""114.041963"", ""latitude"": ""22.74508"", ""slow_count"": ""18"", ""fast_count"": ""0"", ""charge_count"": ""18"", ""TAZID"": ""686""}"
773,"深圳-1770","深圳市 · UrbanEV历史站点（详细地址未提供）",114.042145,22.60076,150,online,"2026-09-08 00:53:31",1770,"{""station_id"": ""1770"", ""longitude"": ""114.042145"", ""latitude"": ""22.60076"", ""slow_count"": ""12"", ""fast_count"": ""0"", ""charge_count"": ""12"", ""TAZID"": ""699""}"
774,"深圳-1771","深圳市 · UrbanEV历史站点（详细地址未提供）",114.042219,22.524452,150,online,"2026-09-08 00:53:31",1771,"{""station_id"": ""1771"", ""longitude"": ""114.042219"", ""latitude"": ""22.524452"", ""slow_count"": ""2"", ""fast_count"": ""0"", ""charge_count"": ""2"", ""TAZID"": ""1106""}"
775,"深圳-1772","深圳市 · UrbanEV历史站点（详细地址未提供）",114.042222,22.549568,150,online,"2026-09-08 00:53:31",1772,"{""station_id"": ""1772"", ""longitude"": ""114.042222"", ""latitude"": ""22.549568"", ""slow_count"": ""3"", ""fast_count"": ""0"", ""charge_count"": ""3"", ""TAZID"": ""1107""}"
776,"深圳-1773","深圳市 · UrbanEV历史站点（详细地址未提供）",114.042589,22.694073,150,online,"2026-09-08 00:53:31",1773,"{""station_id"": ""1773"", ""longitude"": ""114.042589"", ""latitude"": ""22.694073"", ""slow_count"": ""9"", ""fast_count"": ""0"", ""charge_count"": ""9"", ""TAZID"": ""698""}"
777,"深圳-1774","深圳市 · UrbanEV历史站点（详细地址未提供）",114.042651,22.55508,150,online,"2026-09-08 00:53:31",1774,"{""station_id"": ""1774"", ""longitude"": ""114.042651"", ""latitude"": ""22.55508"", ""slow_count"": ""12"", ""fast_count"": ""0"", ""charge_count"": ""12"", ""TAZID"": ""1109""}"
778,"深圳-1775","深圳市 · UrbanEV历史站点（详细地址未提供）",114.042879,22.52414,150,online,"2026-09-08 00:53:31",1775,"{""station_id"": ""1775"", ""longitude"": ""114.042879"", ""latitude"": ""22.52414"", ""slow_count"": ""1"", ""fast_count"": ""0"", ""charge_count"": ""1"", ""TAZID"": ""1106""}"
779,"深圳-1776","深圳市 · UrbanEV历史站点（详细地址未提供）",114.04302,22.745204,150,online,"2026-09-08 00:53:31",1776,"{""station_id"": ""1776"", ""longitude"": ""114.04302"", ""latitude"": ""22.745204"", ""slow_count"": ""12"", ""fast_count"": ""0"", ""charge_count"": ""12"", ""TAZID"": ""686""}"
780,"深圳-1777","深圳市 · UrbanEV历史站点（详细地址未提供）",114.043206,22.525249,150,online,"2026-09-08 00:53:31",1777,"{""station_id"": ""1777"", ""longitude"": ""114.043206"", ""latitude"": ""22.525249"", ""slow_count"": ""6"", ""fast_count"": ""0"", ""charge_count"": ""6"", ""TAZID"": ""1106""}"
781,"深圳-1778","深圳市 · UrbanEV历史站点（详细地址未提供）",114.043225,22.526506,150,online,"2026-09-08 00:53:31",1778,"{""station_id"": ""1778"", ""longitude"": ""114.043225"", ""latitude"": ""22.526506"", ""slow_count"": ""1"", ""fast_count"": ""0"", ""charge_count"": ""1"", ""TAZID"": ""1106""}"
782,"深圳-1779","深圳市 · UrbanEV历史站点（详细地址未提供）",114.043545,22.57041,150,online,"2026-09-08 00:53:31",1779,"{""station_id"": ""1779"", ""longitude"": ""114.043545"", ""latitude"": ""22.57041"", ""slow_count"": ""6"", ""fast_count"": ""0"", ""charge_count"": ""6"", ""TAZID"": ""1168""}"
783,"深圳-1780","深圳市 · UrbanEV历史站点（详细地址未提供）",114.043552,22.552808,150,online,"2026-09-08 00:53:31",1780,"{""station_id"": ""1780"", ""longitude"": ""114.043552"", ""latitude"": ""22.552808"", ""slow_count"": ""6"", ""fast_count"": ""0"", ""charge_count"": ""6"", ""TAZID"": ""1109""}"
784,"深圳-1781","深圳市 · UrbanEV历史站点（详细地址未提供）",114.043558,22.605921,150,online,"2026-09-08 00:53:31",1781,"{""station_id"": ""1781"", ""longitude"": ""114.043558"", ""latitude"": ""22.605921"", ""slow_count"": ""6"", ""fast_count"": ""0"", ""charge_count"": ""6"", ""TAZID"": ""701""}"
785,"深圳-1782","深圳市 · UrbanEV历史站点（详细地址未提供）",114.043575,22.554668,150,online,"2026-09-08 00:53:31",1782,"{""station_id"": ""1782"", ""longitude"": ""114.043575"", ""latitude"": ""22.554668"", ""slow_count"": ""6"", ""fast_count"": ""0"", ""charge_count"": ""6"", ""TAZID"": ""1109""}"
786,"深圳-1783","深圳市 · UrbanEV历史站点（详细地址未提供）",114.043593,22.554645,150,online,"2026-09-08 00:53:31",1783,"{""station_id"": ""1783"", ""longitude"": ""114.043593"", ""latitude"": ""22.554645"", ""slow_count"": ""6"", ""fast_count"": ""0"", ""charge_count"": ""6"", ""TAZID"": ""1109""}"
787,"深圳-1784","深圳市 · UrbanEV历史站点（详细地址未提供）",114.043632,22.571679,150,online,"2026-09-08 00:53:31",1784,"{""station_id"": ""1784"", ""longitude"": ""114.043632"", ""latitude"": ""22.571679"", ""slow_count"": ""4"", ""fast_count"": ""0"", ""charge_count"": ""4"", ""TAZID"": ""1170""}"
788,"深圳-1785","深圳市 · UrbanEV历史站点（详细地址未提供）",114.043763,22.603162,150,online,"2026-09-08 00:53:31",1785,"{""station_id"": ""1785"", ""longitude"": ""114.043763"", ""latitude"": ""22.603162"", ""slow_count"": ""12"", ""fast_count"": ""0"", ""charge_count"": ""12"", ""TAZID"": ""700""}"
789,"深圳-1786","深圳市 · UrbanEV历史站点（详细地址未提供）",114.043903,22.525873,150,online,"2026-09-08 00:53:31",1786,"{""station_id"": ""1786"", ""longitude"": ""114.043903"", ""latitude"": ""22.525873"", ""slow_count"": ""3"", ""fast_count"": ""0"", ""charge_count"": ""3"", ""TAZID"": ""1106""}"
790,"深圳-1787","深圳市 · UrbanEV历史站点（详细地址未提供）",114.043948,22.550893,150,online,"2026-09-08 00:53:31",1787,"{""station_id"": ""1787"", ""longitude"": ""114.043948"", ""latitude"": ""22.550893"", ""slow_count"": ""3"", ""fast_count"": ""0"", ""charge_count"": ""3"", ""TAZID"": ""1109""}"
791,"深圳-1788","深圳市 · UrbanEV历史站点（详细地址未提供）",114.043972,22.599271,150,online,"2026-09-08 00:53:31",1788,"{""station_id"": ""1788"", ""longitude"": ""114.043972"", ""latitude"": ""22.599271"", ""slow_count"": ""10"", ""fast_count"": ""0"", ""charge_count"": ""10"", ""TAZID"": ""699""}"
792,"深圳-1789","深圳市 · UrbanEV历史站点（详细地址未提供）",114.044008,22.551321,150,online,"2026-09-08 00:53:31",1789,"{""station_id"": ""1789"", ""longitude"": ""114.044008"", ""latitude"": ""22.551321"", ""slow_count"": ""7"", ""fast_count"": ""0"", ""charge_count"": ""7"", ""TAZID"": ""202""}"
793,"深圳-1790","深圳市 · UrbanEV历史站点（详细地址未提供）",114.04409,22.540048,150,online,"2026-09-08 00:53:31",1790,"{""station_id"": ""1790"", ""longitude"": ""114.04409"", ""latitude"": ""22.540048"", ""slow_count"": ""5"", ""fast_count"": ""0"", ""charge_count"": ""5"", ""TAZID"": ""227""}"
794,"深圳-1791","深圳市 · UrbanEV历史站点（详细地址未提供）",114.04409,22.540048,150,online,"2026-09-08 00:53:31",1791,"{""station_id"": ""1791"", ""longitude"": ""114.04409"", ""latitude"": ""22.540048"", ""slow_count"": ""5"", ""fast_count"": ""0"", ""charge_count"": ""5"", ""TAZID"": ""227""}"
795,"深圳-1792","深圳市 · UrbanEV历史站点（详细地址未提供）",114.044162,22.516626,150,online,"2026-09-08 00:53:31",1792,"{""station_id"": ""1792"", ""longitude"": ""114.044162"", ""latitude"": ""22.516626"", ""slow_count"": ""18"", ""fast_count"": ""0"", ""charge_count"": ""18"", ""TAZID"": ""1099""}"
796,"深圳-1793","深圳市 · UrbanEV历史站点（详细地址未提供）",114.04426,22.541976,150,online,"2026-09-08 00:53:31",1793,"{""station_id"": ""1793"", ""longitude"": ""114.04426"", ""latitude"": ""22.541976"", ""slow_count"": ""2"", ""fast_count"": ""0"", ""charge_count"": ""2"", ""TAZID"": ""1062""}"
797,"深圳-1794","深圳市 · UrbanEV历史站点（详细地址未提供）",114.044307,22.567009,150,online,"2026-09-08 00:53:31",1794,"{""station_id"": ""1794"", ""longitude"": ""114.044307"", ""latitude"": ""22.567009"", ""slow_count"": ""6"", ""fast_count"": ""0"", ""charge_count"": ""6"", ""TAZID"": ""1168""}"
798,"深圳-1795","深圳市 · UrbanEV历史站点（详细地址未提供）",114.044504,22.523942,150,online,"2026-09-08 00:53:31",1795,"{""station_id"": ""1795"", ""longitude"": ""114.044504"", ""latitude"": ""22.523942"", ""slow_count"": ""2"", ""fast_count"": ""0"", ""charge_count"": ""2"", ""TAZID"": ""1100""}"
799,"深圳-1796","深圳市 · UrbanEV历史站点（详细地址未提供）",114.044518,22.543329,150,online,"2026-09-08 00:53:31",1796,"{""station_id"": ""1796"", ""longitude"": ""114.044518"", ""latitude"": ""22.543329"", ""slow_count"": ""3"", ""fast_count"": ""0"", ""charge_count"": ""3"", ""TAZID"": ""1061""}"
800,"深圳-1797","深圳市 · UrbanEV历史站点（详细地址未提供）",114.044548,22.547544,150,online,"2026-09-08 00:53:31",1797,"{""station_id"": ""1797"", ""longitude"": ""114.044548"", ""latitude"": ""22.547544"", ""slow_count"": ""3"", ""fast_count"": ""0"", ""charge_count"": ""3"", ""TAZID"": ""1061""}"
801,"深圳-1798","深圳市 · UrbanEV历史站点（详细地址未提供）",114.044555,22.617513,150,online,"2026-09-08 00:53:31",1798,"{""station_id"": ""1798"", ""longitude"": ""114.044555"", ""latitude"": ""22.617513"", ""slow_count"": ""3"", ""fast_count"": ""0"", ""charge_count"": ""3"", ""TAZID"": ""702""}"
802,"深圳-1799","深圳市 · UrbanEV历史站点（详细地址未提供）",114.044574,22.597133,150,online,"2026-09-08 00:53:31",1799,"{""station_id"": ""1799"", ""longitude"": ""114.044574"", ""latitude"": ""22.597133"", ""slow_count"": ""5"", ""fast_count"": ""0"", ""charge_count"": ""5"", ""TAZID"": ""699""}"
803,"深圳-1800","深圳市 · UrbanEV历史站点（详细地址未提供）",114.044673,22.528979,150,online,"2026-09-08 00:53:31",1800,"{""station_id"": ""1800"", ""longitude"": ""114.044673"", ""latitude"": ""22.528979"", ""slow_count"": ""4"", ""fast_count"": ""0"", ""charge_count"": ""4"", ""TAZID"": ""1100""}"
804,"深圳-1801","深圳市 · UrbanEV历史站点（详细地址未提供）",114.044686,22.55458,150,online,"2026-09-08 00:53:31",1801,"{""station_id"": ""1801"", ""longitude"": ""114.044686"", ""latitude"": ""22.55458"", ""slow_count"": ""4"", ""fast_count"": ""0"", ""charge_count"": ""4"", ""TAZID"": ""202""}"
805,"深圳-1802","深圳市 · UrbanEV历史站点（详细地址未提供）",114.044698,22.547524,150,online,"2026-09-08 00:53:31",1802,"{""station_id"": ""1802"", ""longitude"": ""114.044698"", ""latitude"": ""22.547524"", ""slow_count"": ""2"", ""fast_count"": ""0"", ""charge_count"": ""2"", ""TAZID"": ""1061""}"
806,"深圳-1803","深圳市 · UrbanEV历史站点（详细地址未提供）",114.044711,22.527085,150,online,"2026-09-08 00:53:31",1803,"{""station_id"": ""1803"", ""longitude"": ""114.044711"", ""latitude"": ""22.527085"", ""slow_count"": ""2"", ""fast_count"": ""0"", ""charge_count"": ""2"", ""TAZID"": ""1106""}"
807,"深圳-1804","深圳市 · UrbanEV历史站点（详细地址未提供）",114.044954,22.56622,150,online,"2026-09-08 00:53:31",1804,"{""station_id"": ""1804"", ""longitude"": ""114.044954"", ""latitude"": ""22.56622"", ""slow_count"": ""3"", ""fast_count"": ""0"", ""charge_count"": ""3"", ""TAZID"": ""1168""}"
808,"深圳-1805","深圳市 · UrbanEV历史站点（详细地址未提供）",114.045182,22.564524,150,online,"2026-09-08 00:53:31",1805,"{""station_id"": ""1805"", ""longitude"": ""114.045182"", ""latitude"": ""22.564524"", ""slow_count"": ""6"", ""fast_count"": ""0"", ""charge_count"": ""6"", ""TAZID"": ""203""}"
809,"深圳-1806","深圳市 · UrbanEV历史站点（详细地址未提供）",114.04525,22.507381,150,online,"2026-09-08 00:53:31",1806,"{""station_id"": ""1806"", ""longitude"": ""114.04525"", ""latitude"": ""22.507381"", ""slow_count"": ""12"", ""fast_count"": ""0"", ""charge_count"": ""12"", ""TAZID"": ""223""}"
810,"深圳-1807","深圳市 · UrbanEV历史站点（详细地址未提供）",114.045666,22.526188,150,online,"2026-09-08 00:53:31",1807,"{""station_id"": ""1807"", ""longitude"": ""114.045666"", ""latitude"": ""22.526188"", ""slow_count"": ""18"", ""fast_count"": ""0"", ""charge_count"": ""18"", ""TAZID"": ""1100""}"
811,"深圳-1808","深圳市 · UrbanEV历史站点（详细地址未提供）",114.045739,22.570004,150,online,"2026-09-08 00:53:31",1808,"{""station_id"": ""1808"", ""longitude"": ""114.045739"", ""latitude"": ""22.570004"", ""slow_count"": ""18"", ""fast_count"": ""0"", ""charge_count"": ""18"", ""TAZID"": ""1168""}"
812,"深圳-1809","深圳市 · UrbanEV历史站点（详细地址未提供）",114.045764,22.546191,150,online,"2026-09-08 00:53:31",1809,"{""station_id"": ""1809"", ""longitude"": ""114.045764"", ""latitude"": ""22.546191"", ""slow_count"": ""2"", ""fast_count"": ""0"", ""charge_count"": ""2"", ""TAZID"": ""1061""}"
813,"深圳-1810","深圳市 · UrbanEV历史站点（详细地址未提供）",114.045873,22.723239,150,online,"2026-09-08 00:53:31",1810,"{""station_id"": ""1810"", ""longitude"": ""114.045873"", ""latitude"": ""22.723239"", ""slow_count"": ""29"", ""fast_count"": ""0"", ""charge_count"": ""29"", ""TAZID"": ""693""}"
814,"深圳-1811","深圳市 · UrbanEV历史站点（详细地址未提供）",114.045873,22.723239,150,online,"2026-09-08 00:53:31",1811,"{""station_id"": ""1811"", ""longitude"": ""114.045873"", ""latitude"": ""22.723239"", ""slow_count"": ""0"", ""fast_count"": ""15"", ""charge_count"": ""15"", ""TAZID"": ""693""}"
815,"深圳-1812","深圳市 · UrbanEV历史站点（详细地址未提供）",114.045873,22.723239,150,online,"2026-09-08 00:53:31",1812,"{""station_id"": ""1812"", ""longitude"": ""114.045873"", ""latitude"": ""22.723239"", ""slow_count"": ""29"", ""fast_count"": ""0"", ""charge_count"": ""29"", ""TAZID"": ""693""}"
816,"深圳-1813","深圳市 · UrbanEV历史站点（详细地址未提供）",114.045968,22.721363,150,online,"2026-09-08 00:53:31",1813,"{""station_id"": ""1813"", ""longitude"": ""114.045968"", ""latitude"": ""22.721363"", ""slow_count"": ""10"", ""fast_count"": ""0"", ""charge_count"": ""10"", ""TAZID"": ""693""}"
817,"深圳-1814","深圳市 · UrbanEV历史站点（详细地址未提供）",114.045986,22.568052,150,online,"2026-09-08 00:53:31",1814,"{""station_id"": ""1814"", ""longitude"": ""114.045986"", ""latitude"": ""22.568052"", ""slow_count"": ""4"", ""fast_count"": ""0"", ""charge_count"": ""4"", ""TAZID"": ""1168""}"
818,"深圳-1815","深圳市 · UrbanEV历史站点（详细地址未提供）",114.046011,22.543494,150,online,"2026-09-08 00:53:31",1815,"{""station_id"": ""1815"", ""longitude"": ""114.046011"", ""latitude"": ""22.543494"", ""slow_count"": ""12"", ""fast_count"": ""0"", ""charge_count"": ""12"", ""TAZID"": ""1061""}"
819,"深圳-1816","深圳市 · UrbanEV历史站点（详细地址未提供）",114.046142,22.593517,150,online,"2026-09-08 00:53:31",1816,"{""station_id"": ""1816"", ""longitude"": ""114.046142"", ""latitude"": ""22.593517"", ""slow_count"": ""6"", ""fast_count"": ""0"", ""charge_count"": ""6"", ""TAZID"": ""699""}"
820,"深圳-1817","深圳市 · UrbanEV历史站点（详细地址未提供）",114.046228,22.530288,150,online,"2026-09-08 00:53:31",1817,"{""station_id"": ""1817"", ""longitude"": ""114.046228"", ""latitude"": ""22.530288"", ""slow_count"": ""24"", ""fast_count"": ""0"", ""charge_count"": ""24"", ""TAZID"": ""1100""}"
821,"深圳-1818","深圳市 · UrbanEV历史站点（详细地址未提供）",114.046263,22.554647,150,online,"2026-09-08 00:53:31",1818,"{""station_id"": ""1818"", ""longitude"": ""114.046263"", ""latitude"": ""22.554647"", ""slow_count"": ""5"", ""fast_count"": ""0"", ""charge_count"": ""5"", ""TAZID"": ""202""}"
822,"深圳-1819","深圳市 · UrbanEV历史站点（详细地址未提供）",114.046272,22.571428,150,online,"2026-09-08 00:53:31",1819,"{""station_id"": ""1819"", ""longitude"": ""114.046272"", ""latitude"": ""22.571428"", ""slow_count"": ""6"", ""fast_count"": ""0"", ""charge_count"": ""6"", ""TAZID"": ""1168""}"
823,"深圳-1820","深圳市 · UrbanEV历史站点（详细地址未提供）",114.046855,22.598652,150,online,"2026-09-08 00:53:31",1820,"{""station_id"": ""1820"", ""longitude"": ""114.046855"", ""latitude"": ""22.598652"", ""slow_count"": ""42"", ""fast_count"": ""0"", ""charge_count"": ""42"", ""TAZID"": ""700""}"
824,"深圳-1821","深圳市 · UrbanEV历史站点（详细地址未提供）",114.046892,22.545902,150,online,"2026-09-08 00:53:31",1821,"{""station_id"": ""1821"", ""longitude"": ""114.046892"", ""latitude"": ""22.545902"", ""slow_count"": ""3"", ""fast_count"": ""0"", ""charge_count"": ""3"", ""TAZID"": ""1061""}"
825,"深圳-1822","深圳市 · UrbanEV历史站点（详细地址未提供）",114.047092,22.54791,150,online,"2026-09-08 00:53:31",1822,"{""station_id"": ""1822"", ""longitude"": ""114.047092"", ""latitude"": ""22.54791"", ""slow_count"": ""6"", ""fast_count"": ""0"", ""charge_count"": ""6"", ""TAZID"": ""1061""}"
826,"深圳-1823","深圳市 · UrbanEV历史站点（详细地址未提供）",114.047172,22.546775,150,online,"2026-09-08 00:53:31",1823,"{""station_id"": ""1823"", ""longitude"": ""114.047172"", ""latitude"": ""22.546775"", ""slow_count"": ""2"", ""fast_count"": ""0"", ""charge_count"": ""2"", ""TAZID"": ""1061""}"
827,"深圳-1824","深圳市 · UrbanEV历史站点（详细地址未提供）",114.04726,22.7296,150,online,"2026-09-08 00:53:31",1824,"{""station_id"": ""1824"", ""longitude"": ""114.04726"", ""latitude"": ""22.7296"", ""slow_count"": ""0"", ""fast_count"": ""12"", ""charge_count"": ""12"", ""TAZID"": ""693""}"
828,"深圳-1825","深圳市 · UrbanEV历史站点（详细地址未提供）",114.04726,22.7296,150,online,"2026-09-08 00:53:31",1825,"{""station_id"": ""1825"", ""longitude"": ""114.04726"", ""latitude"": ""22.7296"", ""slow_count"": ""49"", ""fast_count"": ""0"", ""charge_count"": ""49"", ""TAZID"": ""693""}"
829,"深圳-1826","深圳市 · UrbanEV历史站点（详细地址未提供）",114.04726,22.7296,150,online,"2026-09-08 00:53:31",1826,"{""station_id"": ""1826"", ""longitude"": ""114.04726"", ""latitude"": ""22.7296"", ""slow_count"": ""49"", ""fast_count"": ""0"", ""charge_count"": ""49"", ""TAZID"": ""693""}"
830,"深圳-1827","深圳市 · UrbanEV历史站点（详细地址未提供）",114.04727,22.506347,150,online,"2026-09-08 00:53:31",1827,"{""station_id"": ""1827"", ""longitude"": ""114.04727"", ""latitude"": ""22.506347"", ""slow_count"": ""4"", ""fast_count"": ""0"", ""charge_count"": ""4"", ""TAZID"": ""223""}"
831,"深圳-1828","深圳市 · UrbanEV历史站点（详细地址未提供）",114.047403,22.554129,150,online,"2026-09-08 00:53:31",1828,"{""station_id"": ""1828"", ""longitude"": ""114.047403"", ""latitude"": ""22.554129"", ""slow_count"": ""3"", ""fast_count"": ""0"", ""charge_count"": ""3"", ""TAZID"": ""202""}"
832,"深圳-1829","深圳市 · UrbanEV历史站点（详细地址未提供）",114.047872,22.560258,150,online,"2026-09-08 00:53:31",1829,"{""station_id"": ""1829"", ""longitude"": ""114.047872"", ""latitude"": ""22.560258"", ""slow_count"": ""12"", ""fast_count"": ""0"", ""charge_count"": ""12"", ""TAZID"": ""202""}"
833,"深圳-1830","深圳市 · UrbanEV历史站点（详细地址未提供）",114.048078,22.647557,150,online,"2026-09-08 00:53:31",1830,"{""station_id"": ""1830"", ""longitude"": ""114.048078"", ""latitude"": ""22.647557"", ""slow_count"": ""0"", ""fast_count"": ""20"", ""charge_count"": ""20"", ""TAZID"": ""708""}"
834,"深圳-1831","深圳市 · UrbanEV历史站点（详细地址未提供）",114.048099,22.673337,150,online,"2026-09-08 00:53:31",1831,"{""station_id"": ""1831"", ""longitude"": ""114.048099"", ""latitude"": ""22.673337"", ""slow_count"": ""22"", ""fast_count"": ""0"", ""charge_count"": ""22"", ""TAZID"": ""731""}"
835,"深圳-1832","深圳市 · UrbanEV历史站点（详细地址未提供）",114.048141,22.675134,150,online,"2026-09-08 00:53:31",1832,"{""station_id"": ""1832"", ""longitude"": ""114.048141"", ""latitude"": ""22.675134"", ""slow_count"": ""12"", ""fast_count"": ""0"", ""charge_count"": ""12"", ""TAZID"": ""731""}"
836,"深圳-1833","深圳市 · UrbanEV历史站点（详细地址未提供）",114.048288,22.672775,150,online,"2026-09-08 00:53:31",1833,"{""station_id"": ""1833"", ""longitude"": ""114.048288"", ""latitude"": ""22.672775"", ""slow_count"": ""5"", ""fast_count"": ""0"", ""charge_count"": ""5"", ""TAZID"": ""731""}"
837,"深圳-1834","深圳市 · UrbanEV历史站点（详细地址未提供）",114.048289,22.509056,150,online,"2026-09-08 00:53:31",1834,"{""station_id"": ""1834"", ""longitude"": ""114.048289"", ""latitude"": ""22.509056"", ""slow_count"": ""54"", ""fast_count"": ""0"", ""charge_count"": ""54"", ""TAZID"": ""223""}"
838,"深圳-1835","深圳市 · UrbanEV历史站点（详细地址未提供）",114.048537,22.541915,150,online,"2026-09-08 00:53:31",1835,"{""station_id"": ""1835"", ""longitude"": ""114.048537"", ""latitude"": ""22.541915"", ""slow_count"": ""11"", ""fast_count"": ""0"", ""charge_count"": ""11"", ""TAZID"": ""1062""}"
839,"深圳-1836","深圳市 · UrbanEV历史站点（详细地址未提供）",114.048948,22.748871,150,online,"2026-09-08 00:53:31",1836,"{""station_id"": ""1836"", ""longitude"": ""114.048948"", ""latitude"": ""22.748871"", ""slow_count"": ""12"", ""fast_count"": ""0"", ""charge_count"": ""12"", ""TAZID"": ""686""}"
840,"深圳-1837","深圳市 · UrbanEV历史站点（详细地址未提供）",114.049625,22.518818,150,online,"2026-09-08 00:53:31",1837,"{""station_id"": ""1837"", ""longitude"": ""114.049625"", ""latitude"": ""22.518818"", ""slow_count"": ""1"", ""fast_count"": ""0"", ""charge_count"": ""1"", ""TAZID"": ""1100""}"
841,"深圳-1838","深圳市 · UrbanEV历史站点（详细地址未提供）",114.049721,22.678851,150,online,"2026-09-08 00:53:31",1838,"{""station_id"": ""1838"", ""longitude"": ""114.049721"", ""latitude"": ""22.678851"", ""slow_count"": ""0"", ""fast_count"": ""20"", ""charge_count"": ""20"", ""TAZID"": ""732""}"
842,"深圳-1839","深圳市 · UrbanEV历史站点（详细地址未提供）",114.050752,22.525552,150,online,"2026-09-08 00:53:31",1839,"{""station_id"": ""1839"", ""longitude"": ""114.050752"", ""latitude"": ""22.525552"", ""slow_count"": ""14"", ""fast_count"": ""0"", ""charge_count"": ""14"", ""TAZID"": ""1100""}"
843,"深圳-1840","深圳市 · UrbanEV历史站点（详细地址未提供）",114.050819,22.602561,150,online,"2026-09-08 00:53:31",1840,"{""station_id"": ""1840"", ""longitude"": ""114.050819"", ""latitude"": ""22.602561"", ""slow_count"": ""12"", ""fast_count"": ""0"", ""charge_count"": ""12"", ""TAZID"": ""700""}"
844,"深圳-1841","深圳市 · UrbanEV历史站点（详细地址未提供）",114.050908,22.644829,150,online,"2026-09-08 00:53:31",1841,"{""station_id"": ""1841"", ""longitude"": ""114.050908"", ""latitude"": ""22.644829"", ""slow_count"": ""10"", ""fast_count"": ""0"", ""charge_count"": ""10"", ""TAZID"": ""739""}"
845,"深圳-1842","深圳市 · UrbanEV历史站点（详细地址未提供）",114.05091,22.543973,150,online,"2026-09-08 00:53:31",1842,"{""station_id"": ""1842"", ""longitude"": ""114.05091"", ""latitude"": ""22.543973"", ""slow_count"": ""6"", ""fast_count"": ""0"", ""charge_count"": ""6"", ""TAZID"": ""1061""}"
846,"深圳-1843","深圳市 · UrbanEV历史站点（详细地址未提供）",114.050993,22.707962,150,online,"2026-09-08 00:53:31",1843,"{""station_id"": ""1843"", ""longitude"": ""114.050993"", ""latitude"": ""22.707962"", ""slow_count"": ""6"", ""fast_count"": ""0"", ""charge_count"": ""6"", ""TAZID"": ""748""}"
847,"深圳-1844","深圳市 · UrbanEV历史站点（详细地址未提供）",114.050996,22.546141,150,online,"2026-09-08 00:53:31",1844,"{""station_id"": ""1844"", ""longitude"": ""114.050996"", ""latitude"": ""22.546141"", ""slow_count"": ""34"", ""fast_count"": ""0"", ""charge_count"": ""34"", ""TAZID"": ""1061""}"
848,"深圳-1845","深圳市 · UrbanEV历史站点（详细地址未提供）",114.051,22.526685,150,online,"2026-09-08 00:53:31",1845,"{""station_id"": ""1845"", ""longitude"": ""114.051"", ""latitude"": ""22.526685"", ""slow_count"": ""6"", ""fast_count"": ""0"", ""charge_count"": ""6"", ""TAZID"": ""1100""}"
849,"深圳-1846","深圳市 · UrbanEV历史站点（详细地址未提供）",114.051028,22.707894,150,online,"2026-09-08 00:53:31",1846,"{""station_id"": ""1846"", ""longitude"": ""114.051028"", ""latitude"": ""22.707894"", ""slow_count"": ""7"", ""fast_count"": ""0"", ""charge_count"": ""7"", ""TAZID"": ""748""}"
850,"深圳-1847","深圳市 · UrbanEV历史站点（详细地址未提供）",114.051136,22.538613,150,online,"2026-09-08 00:53:31",1847,"{""station_id"": ""1847"", ""longitude"": ""114.051136"", ""latitude"": ""22.538613"", ""slow_count"": ""6"", ""fast_count"": ""0"", ""charge_count"": ""6"", ""TAZID"": ""1062""}"
851,"深圳-1848","深圳市 · UrbanEV历史站点（详细地址未提供）",114.051237,22.53791,150,online,"2026-09-08 00:53:31",1848,"{""station_id"": ""1848"", ""longitude"": ""114.051237"", ""latitude"": ""22.53791"", ""slow_count"": ""6"", ""fast_count"": ""0"", ""charge_count"": ""6"", ""TAZID"": ""1062""}"
852,"深圳-1849","深圳市 · UrbanEV历史站点（详细地址未提供）",114.051327,22.563223,150,online,"2026-09-08 00:53:31",1849,"{""station_id"": ""1849"", ""longitude"": ""114.051327"", ""latitude"": ""22.563223"", ""slow_count"": ""3"", ""fast_count"": ""0"", ""charge_count"": ""3"", ""TAZID"": ""203""}"
853,"深圳-1850","深圳市 · UrbanEV历史站点（详细地址未提供）",114.05142,22.517507,150,online,"2026-09-08 00:53:31",1850,"{""station_id"": ""1850"", ""longitude"": ""114.05142"", ""latitude"": ""22.517507"", ""slow_count"": ""6"", ""fast_count"": ""0"", ""charge_count"": ""6"", ""TAZID"": ""1101""}"
854,"深圳-1851","深圳市 · UrbanEV历史站点（详细地址未提供）",114.051511,22.670646,150,online,"2026-09-08 00:53:31",1851,"{""station_id"": ""1851"", ""longitude"": ""114.051511"", ""latitude"": ""22.670646"", ""slow_count"": ""0"", ""fast_count"": ""8"", ""charge_count"": ""8"", ""TAZID"": ""732""}"
855,"深圳-1852","深圳市 · UrbanEV历史站点（详细地址未提供）",114.052006,22.530039,150,online,"2026-09-08 00:53:31",1852,"{""station_id"": ""1852"", ""longitude"": ""114.052006"", ""latitude"": ""22.530039"", ""slow_count"": ""3"", ""fast_count"": ""0"", ""charge_count"": ""3"", ""TAZID"": ""1102""}"
856,"深圳-1853","深圳市 · UrbanEV历史站点（详细地址未提供）",114.052162,22.528082,150,online,"2026-09-08 00:53:31",1853,"{""station_id"": ""1853"", ""longitude"": ""114.052162"", ""latitude"": ""22.528082"", ""slow_count"": ""13"", ""fast_count"": ""0"", ""charge_count"": ""13"", ""TAZID"": ""1102""}"
857,"深圳-1854","深圳市 · UrbanEV历史站点（详细地址未提供）",114.052184,22.627171,150,online,"2026-09-08 00:53:31",1854,"{""station_id"": ""1854"", ""longitude"": ""114.052184"", ""latitude"": ""22.627171"", ""slow_count"": ""20"", ""fast_count"": ""0"", ""charge_count"": ""20"", ""TAZID"": ""702""}"
858,"深圳-1855","深圳市 · UrbanEV历史站点（详细地址未提供）",114.052184,22.627171,150,online,"2026-09-08 00:53:31",1855,"{""station_id"": ""1855"", ""longitude"": ""114.052184"", ""latitude"": ""22.627171"", ""slow_count"": ""0"", ""fast_count"": ""96"", ""charge_count"": ""96"", ""TAZID"": ""702""}"
859,"深圳-1856","深圳市 · UrbanEV历史站点（详细地址未提供）",114.052991,22.526755,150,online,"2026-09-08 00:53:31",1856,"{""station_id"": ""1856"", ""longitude"": ""114.052991"", ""latitude"": ""22.526755"", ""slow_count"": ""12"", ""fast_count"": ""0"", ""charge_count"": ""12"", ""TAZID"": ""1102""}"
860,"深圳-1857","深圳市 · UrbanEV历史站点（详细地址未提供）",114.053016,22.52257,150,online,"2026-09-08 00:53:31",1857,"{""station_id"": ""1857"", ""longitude"": ""114.053016"", ""latitude"": ""22.52257"", ""slow_count"": ""2"", ""fast_count"": ""0"", ""charge_count"": ""2"", ""TAZID"": ""1102""}"
861,"深圳-1858","深圳市 · UrbanEV历史站点（详细地址未提供）",114.053192,22.596059,150,online,"2026-09-08 00:53:31",1858,"{""station_id"": ""1858"", ""longitude"": ""114.053192"", ""latitude"": ""22.596059"", ""slow_count"": ""12"", ""fast_count"": ""0"", ""charge_count"": ""12"", ""TAZID"": ""700""}"
862,"深圳-1859","深圳市 · UrbanEV历史站点（详细地址未提供）",114.053299,22.634085,150,online,"2026-09-08 00:53:31",1859,"{""station_id"": ""1859"", ""longitude"": ""114.053299"", ""latitude"": ""22.634085"", ""slow_count"": ""12"", ""fast_count"": ""0"", ""charge_count"": ""12"", ""TAZID"": ""706""}"
863,"深圳-1860","深圳市 · UrbanEV历史站点（详细地址未提供）",114.053323,22.516533,150,online,"2026-09-08 00:53:31",1860,"{""station_id"": ""1860"", ""longitude"": ""114.053323"", ""latitude"": ""22.516533"", ""slow_count"": ""3"", ""fast_count"": ""0"", ""charge_count"": ""3"", ""TAZID"": ""1101""}"
864,"深圳-1861","深圳市 · UrbanEV历史站点（详细地址未提供）",114.053344,22.520186,150,online,"2026-09-08 00:53:31",1861,"{""station_id"": ""1861"", ""longitude"": ""114.053344"", ""latitude"": ""22.520186"", ""slow_count"": ""18"", ""fast_count"": ""0"", ""charge_count"": ""18"", ""TAZID"": ""1102""}"
865,"深圳-1862","深圳市 · UrbanEV历史站点（详细地址未提供）",114.053848,22.506227,150,online,"2026-09-08 00:53:31",1862,"{""station_id"": ""1862"", ""longitude"": ""114.053848"", ""latitude"": ""22.506227"", ""slow_count"": ""12"", ""fast_count"": ""0"", ""charge_count"": ""12"", ""TAZID"": ""223""}"
866,"深圳-1863","深圳市 · UrbanEV历史站点（详细地址未提供）",114.054052,22.544005,150,online,"2026-09-08 00:53:31",1863,"{""station_id"": ""1863"", ""longitude"": ""114.054052"", ""latitude"": ""22.544005"", ""slow_count"": ""26"", ""fast_count"": ""0"", ""charge_count"": ""26"", ""TAZID"": ""1061""}"
867,"深圳-1864","深圳市 · UrbanEV历史站点（详细地址未提供）",114.05407,22.53311,150,online,"2026-09-08 00:53:31",1864,"{""station_id"": ""1864"", ""longitude"": ""114.05407"", ""latitude"": ""22.53311"", ""slow_count"": ""8"", ""fast_count"": ""0"", ""charge_count"": ""8"", ""TAZID"": ""1062""}"
868,"深圳-1865","深圳市 · UrbanEV历史站点（详细地址未提供）",114.054089,22.524411,150,online,"2026-09-08 00:53:31",1865,"{""station_id"": ""1865"", ""longitude"": ""114.054089"", ""latitude"": ""22.524411"", ""slow_count"": ""6"", ""fast_count"": ""0"", ""charge_count"": ""6"", ""TAZID"": ""1102""}"
869,"深圳-1866","深圳市 · UrbanEV历史站点（详细地址未提供）",114.054204,22.527708,150,online,"2026-09-08 00:53:31",1866,"{""station_id"": ""1866"", ""longitude"": ""114.054204"", ""latitude"": ""22.527708"", ""slow_count"": ""18"", ""fast_count"": ""0"", ""charge_count"": ""18"", ""TAZID"": ""1102""}"
870,"深圳-1867","深圳市 · UrbanEV历史站点（详细地址未提供）",114.054217,22.509271,150,online,"2026-09-08 00:53:31",1867,"{""station_id"": ""1867"", ""longitude"": ""114.054217"", ""latitude"": ""22.509271"", ""slow_count"": ""3"", ""fast_count"": ""0"", ""charge_count"": ""3"", ""TAZID"": ""223""}"
871,"深圳-1868","深圳市 · UrbanEV历史站点（详细地址未提供）",114.054828,22.531407,150,online,"2026-09-08 00:53:31",1868,"{""station_id"": ""1868"", ""longitude"": ""114.054828"", ""latitude"": ""22.531407"", ""slow_count"": ""3"", ""fast_count"": ""0"", ""charge_count"": ""3"", ""TAZID"": ""1102""}"
872,"深圳-1869","深圳市 · UrbanEV历史站点（详细地址未提供）",114.055075,22.560536,150,online,"2026-09-08 00:53:31",1869,"{""station_id"": ""1869"", ""longitude"": ""114.055075"", ""latitude"": ""22.560536"", ""slow_count"": ""6"", ""fast_count"": ""0"", ""charge_count"": ""6"", ""TAZID"": ""202""}"
873,"深圳-1870","深圳市 · UrbanEV历史站点（详细地址未提供）",114.055197,22.524463,150,online,"2026-09-08 00:53:31",1870,"{""station_id"": ""1870"", ""longitude"": ""114.055197"", ""latitude"": ""22.524463"", ""slow_count"": ""12"", ""fast_count"": ""0"", ""charge_count"": ""12"", ""TAZID"": ""1102""}"
874,"深圳-1871","深圳市 · UrbanEV历史站点（详细地址未提供）",114.055945,22.569354,150,online,"2026-09-08 00:53:31",1871,"{""station_id"": ""1871"", ""longitude"": ""114.055945"", ""latitude"": ""22.569354"", ""slow_count"": ""18"", ""fast_count"": ""0"", ""charge_count"": ""18"", ""TAZID"": ""1172""}"
875,"深圳-1872","深圳市 · UrbanEV历史站点（详细地址未提供）",114.056,22.525033,150,online,"2026-09-08 00:53:31",1872,"{""station_id"": ""1872"", ""longitude"": ""114.056"", ""latitude"": ""22.525033"", ""slow_count"": ""3"", ""fast_count"": ""0"", ""charge_count"": ""3"", ""TAZID"": ""1102""}"
876,"深圳-1873","深圳市 · UrbanEV历史站点（详细地址未提供）",114.056014,22.514032,150,online,"2026-09-08 00:53:31",1873,"{""station_id"": ""1873"", ""longitude"": ""114.056014"", ""latitude"": ""22.514032"", ""slow_count"": ""3"", ""fast_count"": ""0"", ""charge_count"": ""3"", ""TAZID"": ""223""}"
877,"深圳-1874","深圳市 · UrbanEV历史站点（详细地址未提供）",114.056066,22.525891,150,online,"2026-09-08 00:53:31",1874,"{""station_id"": ""1874"", ""longitude"": ""114.056066"", ""latitude"": ""22.525891"", ""slow_count"": ""3"", ""fast_count"": ""0"", ""charge_count"": ""3"", ""TAZID"": ""1102""}"
878,"深圳-1875","深圳市 · UrbanEV历史站点（详细地址未提供）",114.056089,22.695303,150,online,"2026-09-08 00:53:31",1875,"{""station_id"": ""1875"", ""longitude"": ""114.056089"", ""latitude"": ""22.695303"", ""slow_count"": ""30"", ""fast_count"": ""0"", ""charge_count"": ""30"", ""TAZID"": ""751""}"
879,"深圳-1876","深圳市 · UrbanEV历史站点（详细地址未提供）",114.056366,22.591356,150,online,"2026-09-08 00:53:31",1876,"{""station_id"": ""1876"", ""longitude"": ""114.056366"", ""latitude"": ""22.591356"", ""slow_count"": ""6"", ""fast_count"": ""0"", ""charge_count"": ""6"", ""TAZID"": ""681""}"
880,"深圳-1877","深圳市 · UrbanEV历史站点（详细地址未提供）",114.056394,22.561069,150,online,"2026-09-08 00:53:31",1877,"{""station_id"": ""1877"", ""longitude"": ""114.056394"", ""latitude"": ""22.561069"", ""slow_count"": ""6"", ""fast_count"": ""0"", ""charge_count"": ""6"", ""TAZID"": ""202""}"
881,"深圳-1878","深圳市 · UrbanEV历史站点（详细地址未提供）",114.056493,22.535743,150,online,"2026-09-08 00:53:31",1878,"{""station_id"": ""1878"", ""longitude"": ""114.056493"", ""latitude"": ""22.535743"", ""slow_count"": ""26"", ""fast_count"": ""0"", ""charge_count"": ""26"", ""TAZID"": ""1062""}"
882,"深圳-1879","深圳市 · UrbanEV历史站点（详细地址未提供）",114.056606,22.534995,150,online,"2026-09-08 00:53:31",1879,"{""station_id"": ""1879"", ""longitude"": ""114.056606"", ""latitude"": ""22.534995"", ""slow_count"": ""5"", ""fast_count"": ""0"", ""charge_count"": ""5"", ""TAZID"": ""1062""}"
883,"深圳-1880","深圳市 · UrbanEV历史站点（详细地址未提供）",114.056773,22.569782,150,online,"2026-09-08 00:53:31",1880,"{""station_id"": ""1880"", ""longitude"": ""114.056773"", ""latitude"": ""22.569782"", ""slow_count"": ""10"", ""fast_count"": ""0"", ""charge_count"": ""10"", ""TAZID"": ""1172""}"
884,"深圳-1881","深圳市 · UrbanEV历史站点（详细地址未提供）",114.056841,22.695302,150,online,"2026-09-08 00:53:31",1881,"{""station_id"": ""1881"", ""longitude"": ""114.056841"", ""latitude"": ""22.695302"", ""slow_count"": ""30"", ""fast_count"": ""0"", ""charge_count"": ""30"", ""TAZID"": ""751""}"
885,"深圳-1882","深圳市 · UrbanEV历史站点（详细地址未提供）",114.057063,22.534251,150,online,"2026-09-08 00:53:31",1882,"{""station_id"": ""1882"", ""longitude"": ""114.057063"", ""latitude"": ""22.534251"", ""slow_count"": ""4"", ""fast_count"": ""0"", ""charge_count"": ""4"", ""TAZID"": ""1062""}"
886,"深圳-1883","深圳市 · UrbanEV历史站点（详细地址未提供）",114.057327,22.526718,150,online,"2026-09-08 00:53:31",1883,"{""station_id"": ""1883"", ""longitude"": ""114.057327"", ""latitude"": ""22.526718"", ""slow_count"": ""3"", ""fast_count"": ""0"", ""charge_count"": ""3"", ""TAZID"": ""1102""}"
887,"深圳-1884","深圳市 · UrbanEV历史站点（详细地址未提供）",114.057356,22.508878,150,online,"2026-09-08 00:53:31",1884,"{""station_id"": ""1884"", ""longitude"": ""114.057356"", ""latitude"": ""22.508878"", ""slow_count"": ""2"", ""fast_count"": ""0"", ""charge_count"": ""2"", ""TAZID"": ""1102""}"
888,"深圳-1885","深圳市 · UrbanEV历史站点（详细地址未提供）",114.057376,22.522617,150,online,"2026-09-08 00:53:31",1885,"{""station_id"": ""1885"", ""longitude"": ""114.057376"", ""latitude"": ""22.522617"", ""slow_count"": ""6"", ""fast_count"": ""0"", ""charge_count"": ""6"", ""TAZID"": ""1102""}"
889,"深圳-1886","深圳市 · UrbanEV历史站点（详细地址未提供）",114.057378,22.51343,150,online,"2026-09-08 00:53:31",1886,"{""station_id"": ""1886"", ""longitude"": ""114.057378"", ""latitude"": ""22.51343"", ""slow_count"": ""6"", ""fast_count"": ""0"", ""charge_count"": ""6"", ""TAZID"": ""223""}"
890,"深圳-1887","深圳市 · UrbanEV历史站点（详细地址未提供）",114.057748,22.563612,150,online,"2026-09-08 00:53:31",1887,"{""station_id"": ""1887"", ""longitude"": ""114.057748"", ""latitude"": ""22.563612"", ""slow_count"": ""8"", ""fast_count"": ""0"", ""charge_count"": ""8"", ""TAZID"": ""204""}"
891,"深圳-1888","深圳市 · UrbanEV历史站点（详细地址未提供）",114.057758,22.535761,150,online,"2026-09-08 00:53:31",1888,"{""station_id"": ""1888"", ""longitude"": ""114.057758"", ""latitude"": ""22.535761"", ""slow_count"": ""3"", ""fast_count"": ""0"", ""charge_count"": ""3"", ""TAZID"": ""1062""}"
892,"深圳-1889","深圳市 · UrbanEV历史站点（详细地址未提供）",114.057964,22.560892,150,online,"2026-09-08 00:53:31",1889,"{""station_id"": ""1889"", ""longitude"": ""114.057964"", ""latitude"": ""22.560892"", ""slow_count"": ""8"", ""fast_count"": ""0"", ""charge_count"": ""8"", ""TAZID"": ""202""}"
893,"深圳-1890","深圳市 · UrbanEV历史站点（详细地址未提供）",114.057973,22.634546,150,online,"2026-09-08 00:53:31",1890,"{""station_id"": ""1890"", ""longitude"": ""114.057973"", ""latitude"": ""22.634546"", ""slow_count"": ""12"", ""fast_count"": ""0"", ""charge_count"": ""12"", ""TAZID"": ""706""}"
894,"深圳-1891","深圳市 · UrbanEV历史站点（详细地址未提供）",114.057997,22.570833,150,online,"2026-09-08 00:53:31",1891,"{""station_id"": ""1891"", ""longitude"": ""114.057997"", ""latitude"": ""22.570833"", ""slow_count"": ""2"", ""fast_count"": ""0"", ""charge_count"": ""2"", ""TAZID"": ""1172""}"
895,"深圳-1892","深圳市 · UrbanEV历史站点（详细地址未提供）",114.058097,22.533842,150,online,"2026-09-08 00:53:31",1892,"{""station_id"": ""1892"", ""longitude"": ""114.058097"", ""latitude"": ""22.533842"", ""slow_count"": ""3"", ""fast_count"": ""0"", ""charge_count"": ""3"", ""TAZID"": ""1062""}"
896,"深圳-1893","深圳市 · UrbanEV历史站点（详细地址未提供）",114.058219,22.671338,150,online,"2026-09-08 00:53:31",1893,"{""station_id"": ""1893"", ""longitude"": ""114.058219"", ""latitude"": ""22.671338"", ""slow_count"": ""15"", ""fast_count"": ""0"", ""charge_count"": ""15"", ""TAZID"": ""732""}"
897,"深圳-1894","深圳市 · UrbanEV历史站点（详细地址未提供）",114.058368,22.502405,150,online,"2026-09-08 00:53:31",1894,"{""station_id"": ""1894"", ""longitude"": ""114.058368"", ""latitude"": ""22.502405"", ""slow_count"": ""0"", ""fast_count"": ""4"", ""charge_count"": ""4"", ""TAZID"": ""223""}"
898,"深圳-1895","深圳市 · UrbanEV历史站点（详细地址未提供）",114.058372,22.536693,150,online,"2026-09-08 00:53:31",1895,"{""station_id"": ""1895"", ""longitude"": ""114.058372"", ""latitude"": ""22.536693"", ""slow_count"": ""5"", ""fast_count"": ""0"", ""charge_count"": ""5"", ""TAZID"": ""1062""}"
899,"深圳-1896","深圳市 · UrbanEV历史站点（详细地址未提供）",114.058399,22.50714,150,online,"2026-09-08 00:53:31",1896,"{""station_id"": ""1896"", ""longitude"": ""114.058399"", ""latitude"": ""22.50714"", ""slow_count"": ""30"", ""fast_count"": ""0"", ""charge_count"": ""30"", ""TAZID"": ""223""}"
900,"深圳-1897","深圳市 · UrbanEV历史站点（详细地址未提供）",114.058419,22.534817,150,online,"2026-09-08 00:53:31",1897,"{""station_id"": ""1897"", ""longitude"": ""114.058419"", ""latitude"": ""22.534817"", ""slow_count"": ""11"", ""fast_count"": ""0"", ""charge_count"": ""11"", ""TAZID"": ""1062""}"
901,"深圳-1898","深圳市 · UrbanEV历史站点（详细地址未提供）",114.05851,22.509541,150,online,"2026-09-08 00:53:31",1898,"{""station_id"": ""1898"", ""longitude"": ""114.05851"", ""latitude"": ""22.509541"", ""slow_count"": ""8"", ""fast_count"": ""0"", ""charge_count"": ""8"", ""TAZID"": ""223""}"
902,"深圳-1899","深圳市 · UrbanEV历史站点（详细地址未提供）",114.058643,22.56483,150,online,"2026-09-08 00:53:31",1899,"{""station_id"": ""1899"", ""longitude"": ""114.058643"", ""latitude"": ""22.56483"", ""slow_count"": ""4"", ""fast_count"": ""0"", ""charge_count"": ""4"", ""TAZID"": ""204""}"
903,"深圳-1900","深圳市 · UrbanEV历史站点（详细地址未提供）",114.058674,22.504121,150,online,"2026-09-08 00:53:31",1900,"{""station_id"": ""1900"", ""longitude"": ""114.058674"", ""latitude"": ""22.504121"", ""slow_count"": ""2"", ""fast_count"": ""0"", ""charge_count"": ""2"", ""TAZID"": ""223""}"
904,"深圳-1901","深圳市 · UrbanEV历史站点（详细地址未提供）",114.058696,22.52227,150,online,"2026-09-08 00:53:31",1901,"{""station_id"": ""1901"", ""longitude"": ""114.058696"", ""latitude"": ""22.52227"", ""slow_count"": ""6"", ""fast_count"": ""0"", ""charge_count"": ""6"", ""TAZID"": ""1102""}"
905,"深圳-1902","深圳市 · UrbanEV历史站点（详细地址未提供）",114.058912,22.694639,150,online,"2026-09-08 00:53:31",1902,"{""station_id"": ""1902"", ""longitude"": ""114.058912"", ""latitude"": ""22.694639"", ""slow_count"": ""6"", ""fast_count"": ""0"", ""charge_count"": ""6"", ""TAZID"": ""751""}"
906,"深圳-1903","深圳市 · UrbanEV历史站点（详细地址未提供）",114.058951,22.560531,150,online,"2026-09-08 00:53:31",1903,"{""station_id"": ""1903"", ""longitude"": ""114.058951"", ""latitude"": ""22.560531"", ""slow_count"": ""6"", ""fast_count"": ""0"", ""charge_count"": ""6"", ""TAZID"": ""202""}"
907,"深圳-1904","深圳市 · UrbanEV历史站点（详细地址未提供）",114.059013,22.590903,150,online,"2026-09-08 00:53:31",1904,"{""station_id"": ""1904"", ""longitude"": ""114.059013"", ""latitude"": ""22.590903"", ""slow_count"": ""6"", ""fast_count"": ""0"", ""charge_count"": ""6"", ""TAZID"": ""681""}"
908,"深圳-1905","深圳市 · UrbanEV历史站点（详细地址未提供）",114.059014,22.505615,150,online,"2026-09-08 00:53:31",1905,"{""station_id"": ""1905"", ""longitude"": ""114.059014"", ""latitude"": ""22.505615"", ""slow_count"": ""12"", ""fast_count"": ""0"", ""charge_count"": ""12"", ""TAZID"": ""223""}"
909,"深圳-1906","深圳市 · UrbanEV历史站点（详细地址未提供）",114.059287,22.693619,150,online,"2026-09-08 00:53:31",1906,"{""station_id"": ""1906"", ""longitude"": ""114.059287"", ""latitude"": ""22.693619"", ""slow_count"": ""6"", ""fast_count"": ""0"", ""charge_count"": ""6"", ""TAZID"": ""751""}"
910,"深圳-1907","深圳市 · UrbanEV历史站点（详细地址未提供）",114.059622,22.51861,150,online,"2026-09-08 00:53:31",1907,"{""station_id"": ""1907"", ""longitude"": ""114.059622"", ""latitude"": ""22.51861"", ""slow_count"": ""11"", ""fast_count"": ""0"", ""charge_count"": ""11"", ""TAZID"": ""1101""}"
911,"深圳-1908","深圳市 · UrbanEV历史站点（详细地址未提供）",114.059631,22.618396,150,online,"2026-09-08 00:53:31",1908,"{""station_id"": ""1908"", ""longitude"": ""114.059631"", ""latitude"": ""22.618396"", ""slow_count"": ""12"", ""fast_count"": ""0"", ""charge_count"": ""12"", ""TAZID"": ""745""}"
912,"深圳-1909","深圳市 · UrbanEV历史站点（详细地址未提供）",114.059874,22.546939,150,online,"2026-09-08 00:53:31",1909,"{""station_id"": ""1909"", ""longitude"": ""114.059874"", ""latitude"": ""22.546939"", ""slow_count"": ""23"", ""fast_count"": ""0"", ""charge_count"": ""23"", ""TAZID"": ""1061""}"
913,"深圳-1910","深圳市 · UrbanEV历史站点（详细地址未提供）",114.059874,22.546939,150,online,"2026-09-08 00:53:31",1910,"{""station_id"": ""1910"", ""longitude"": ""114.059874"", ""latitude"": ""22.546939"", ""slow_count"": ""54"", ""fast_count"": ""0"", ""charge_count"": ""54"", ""TAZID"": ""1061""}"
914,"深圳-1911","深圳市 · UrbanEV历史站点（详细地址未提供）",114.05995,22.510273,150,online,"2026-09-08 00:53:31",1911,"{""station_id"": ""1911"", ""longitude"": ""114.05995"", ""latitude"": ""22.510273"", ""slow_count"": ""10"", ""fast_count"": ""0"", ""charge_count"": ""10"", ""TAZID"": ""223""}"
915,"深圳-1912","深圳市 · UrbanEV历史站点（详细地址未提供）",114.059951,22.564041,150,online,"2026-09-08 00:53:31",1912,"{""station_id"": ""1912"", ""longitude"": ""114.059951"", ""latitude"": ""22.564041"", ""slow_count"": ""6"", ""fast_count"": ""0"", ""charge_count"": ""6"", ""TAZID"": ""204""}"
916,"深圳-1913","深圳市 · UrbanEV历史站点（详细地址未提供）",114.060043,22.572388,150,online,"2026-09-08 00:53:31",1913,"{""station_id"": ""1913"", ""longitude"": ""114.060043"", ""latitude"": ""22.572388"", ""slow_count"": ""7"", ""fast_count"": ""0"", ""charge_count"": ""7"", ""TAZID"": ""1172""}"
917,"深圳-1914","深圳市 · UrbanEV历史站点（详细地址未提供）",114.060064,22.593201,150,online,"2026-09-08 00:53:31",1914,"{""station_id"": ""1914"", ""longitude"": ""114.060064"", ""latitude"": ""22.593201"", ""slow_count"": ""6"", ""fast_count"": ""0"", ""charge_count"": ""6"", ""TAZID"": ""681""}"
918,"深圳-1915","深圳市 · UrbanEV历史站点（详细地址未提供）",114.060321,22.563358,150,online,"2026-09-08 00:53:31",1915,"{""station_id"": ""1915"", ""longitude"": ""114.060321"", ""latitude"": ""22.563358"", ""slow_count"": ""6"", ""fast_count"": ""0"", ""charge_count"": ""6"", ""TAZID"": ""204""}"
919,"深圳-1916","深圳市 · UrbanEV历史站点（详细地址未提供）",114.060394,22.567143,150,online,"2026-09-08 00:53:31",1916,"{""station_id"": ""1916"", ""longitude"": ""114.060394"", ""latitude"": ""22.567143"", ""slow_count"": ""4"", ""fast_count"": ""0"", ""charge_count"": ""4"", ""TAZID"": ""204""}"
920,"深圳-1917","深圳市 · UrbanEV历史站点（详细地址未提供）",114.060564,22.510686,150,online,"2026-09-08 00:53:31",1917,"{""station_id"": ""1917"", ""longitude"": ""114.060564"", ""latitude"": ""22.510686"", ""slow_count"": ""6"", ""fast_count"": ""0"", ""charge_count"": ""6"", ""TAZID"": ""223""}"
921,"深圳-1918","深圳市 · UrbanEV历史站点（详细地址未提供）",114.060621,22.664709,150,online,"2026-09-08 00:53:31",1918,"{""station_id"": ""1918"", ""longitude"": ""114.060621"", ""latitude"": ""22.664709"", ""slow_count"": ""16"", ""fast_count"": ""0"", ""charge_count"": ""16"", ""TAZID"": ""741""}"
922,"深圳-1919","深圳市 · UrbanEV历史站点（详细地址未提供）",114.060621,22.664709,150,online,"2026-09-08 00:53:31",1919,"{""station_id"": ""1919"", ""longitude"": ""114.060621"", ""latitude"": ""22.664709"", ""slow_count"": ""15"", ""fast_count"": ""0"", ""charge_count"": ""15"", ""TAZID"": ""741""}"
923,"深圳-1920","深圳市 · UrbanEV历史站点（详细地址未提供）",114.061126,22.505599,150,online,"2026-09-08 00:53:31",1920,"{""station_id"": ""1920"", ""longitude"": ""114.061126"", ""latitude"": ""22.505599"", ""slow_count"": ""9"", ""fast_count"": ""0"", ""charge_count"": ""9"", ""TAZID"": ""223""}"
924,"深圳-1921","深圳市 · UrbanEV历史站点（详细地址未提供）",114.06118,22.510362,150,online,"2026-09-08 00:53:31",1921,"{""station_id"": ""1921"", ""longitude"": ""114.06118"", ""latitude"": ""22.510362"", ""slow_count"": ""6"", ""fast_count"": ""0"", ""charge_count"": ""6"", ""TAZID"": ""223""}"
925,"深圳-1922","深圳市 · UrbanEV历史站点（详细地址未提供）",114.061227,22.51783,150,online,"2026-09-08 00:53:31",1922,"{""station_id"": ""1922"", ""longitude"": ""114.061227"", ""latitude"": ""22.51783"", ""slow_count"": ""13"", ""fast_count"": ""0"", ""charge_count"": ""13"", ""TAZID"": ""224""}"
926,"深圳-1923","深圳市 · UrbanEV历史站点（详细地址未提供）",114.061227,22.51783,150,online,"2026-09-08 00:53:31",1923,"{""station_id"": ""1923"", ""longitude"": ""114.061227"", ""latitude"": ""22.51783"", ""slow_count"": ""16"", ""fast_count"": ""0"", ""charge_count"": ""16"", ""TAZID"": ""224""}"
927,"深圳-1924","深圳市 · UrbanEV历史站点（详细地址未提供）",114.061361,22.520958,150,online,"2026-09-08 00:53:31",1924,"{""station_id"": ""1924"", ""longitude"": ""114.061361"", ""latitude"": ""22.520958"", ""slow_count"": ""5"", ""fast_count"": ""0"", ""charge_count"": ""5"", ""TAZID"": ""1104""}"
928,"深圳-1925","深圳市 · UrbanEV历史站点（详细地址未提供）",114.061546,22.571183,150,online,"2026-09-08 00:53:31",1925,"{""station_id"": ""1925"", ""longitude"": ""114.061546"", ""latitude"": ""22.571183"", ""slow_count"": ""2"", ""fast_count"": ""0"", ""charge_count"": ""2"", ""TAZID"": ""1173""}"
929,"深圳-1926","深圳市 · UrbanEV历史站点（详细地址未提供）",114.061634,22.570021,150,online,"2026-09-08 00:53:31",1926,"{""station_id"": ""1926"", ""longitude"": ""114.061634"", ""latitude"": ""22.570021"", ""slow_count"": ""3"", ""fast_count"": ""0"", ""charge_count"": ""3"", ""TAZID"": ""1173""}"
930,"深圳-1927","深圳市 · UrbanEV历史站点（详细地址未提供）",114.061647,22.51103,150,online,"2026-09-08 00:53:31",1927,"{""station_id"": ""1927"", ""longitude"": ""114.061647"", ""latitude"": ""22.51103"", ""slow_count"": ""18"", ""fast_count"": ""0"", ""charge_count"": ""18"", ""TAZID"": ""223""}"
931,"深圳-1928","深圳市 · UrbanEV历史站点（详细地址未提供）",114.061731,22.515192,150,online,"2026-09-08 00:53:31",1928,"{""station_id"": ""1928"", ""longitude"": ""114.061731"", ""latitude"": ""22.515192"", ""slow_count"": ""2"", ""fast_count"": ""0"", ""charge_count"": ""2"", ""TAZID"": ""224""}"
932,"深圳-1929","深圳市 · UrbanEV历史站点（详细地址未提供）",114.061743,22.513999,150,online,"2026-09-08 00:53:31",1929,"{""station_id"": ""1929"", ""longitude"": ""114.061743"", ""latitude"": ""22.513999"", ""slow_count"": ""3"", ""fast_count"": ""0"", ""charge_count"": ""3"", ""TAZID"": ""224""}"
933,"深圳-1930","深圳市 · UrbanEV历史站点（详细地址未提供）",114.061747,22.534352,150,online,"2026-09-08 00:53:31",1930,"{""station_id"": ""1930"", ""longitude"": ""114.061747"", ""latitude"": ""22.534352"", ""slow_count"": ""24"", ""fast_count"": ""2"", ""charge_count"": ""26"", ""TAZID"": ""1062""}"
934,"深圳-1931","深圳市 · UrbanEV历史站点（详细地址未提供）",114.061747,22.534352,150,online,"2026-09-08 00:53:31",1931,"{""station_id"": ""1931"", ""longitude"": ""114.061747"", ""latitude"": ""22.534352"", ""slow_count"": ""50"", ""fast_count"": ""0"", ""charge_count"": ""50"", ""TAZID"": ""1062""}"
935,"深圳-1932","深圳市 · UrbanEV历史站点（详细地址未提供）",114.062451,22.534218,150,online,"2026-09-08 00:53:31",1932,"{""station_id"": ""1932"", ""longitude"": ""114.062451"", ""latitude"": ""22.534218"", ""slow_count"": ""28"", ""fast_count"": ""0"", ""charge_count"": ""28"", ""TAZID"": ""1062""}"
936,"深圳-1933","深圳市 · UrbanEV历史站点（详细地址未提供）",114.062534,22.567994,150,online,"2026-09-08 00:53:31",1933,"{""station_id"": ""1933"", ""longitude"": ""114.062534"", ""latitude"": ""22.567994"", ""slow_count"": ""5"", ""fast_count"": ""0"", ""charge_count"": ""5"", ""TAZID"": ""204""}"
937,"深圳-1934","深圳市 · UrbanEV历史站点（详细地址未提供）",114.062703,22.514224,150,online,"2026-09-08 00:53:31",1934,"{""station_id"": ""1934"", ""longitude"": ""114.062703"", ""latitude"": ""22.514224"", ""slow_count"": ""4"", ""fast_count"": ""0"", ""charge_count"": ""4"", ""TAZID"": ""224""}"
938,"深圳-1935","深圳市 · UrbanEV历史站点（详细地址未提供）",114.062839,22.631418,150,online,"2026-09-08 00:53:31",1935,"{""station_id"": ""1935"", ""longitude"": ""114.062839"", ""latitude"": ""22.631418"", ""slow_count"": ""6"", ""fast_count"": ""0"", ""charge_count"": ""6"", ""TAZID"": ""706""}"
939,"深圳-1936","深圳市 · UrbanEV历史站点（详细地址未提供）",114.062954,22.514398,150,online,"2026-09-08 00:53:31",1936,"{""station_id"": ""1936"", ""longitude"": ""114.062954"", ""latitude"": ""22.514398"", ""slow_count"": ""6"", ""fast_count"": ""0"", ""charge_count"": ""6"", ""TAZID"": ""224""}"
940,"深圳-1937","深圳市 · UrbanEV历史站点（详细地址未提供）",114.063068,22.607652,150,online,"2026-09-08 00:53:31",1937,"{""station_id"": ""1937"", ""longitude"": ""114.063068"", ""latitude"": ""22.607652"", ""slow_count"": ""12"", ""fast_count"": ""0"", ""charge_count"": ""12"", ""TAZID"": ""700""}"
941,"深圳-1938","深圳市 · UrbanEV历史站点（详细地址未提供）",114.06339,22.515563,150,online,"2026-09-08 00:53:31",1938,"{""station_id"": ""1938"", ""longitude"": ""114.06339"", ""latitude"": ""22.515563"", ""slow_count"": ""6"", ""fast_count"": ""0"", ""charge_count"": ""6"", ""TAZID"": ""224""}"
942,"深圳-1939","深圳市 · UrbanEV历史站点（详细地址未提供）",114.063747,22.524166,150,online,"2026-09-08 00:53:31",1939,"{""station_id"": ""1939"", ""longitude"": ""114.063747"", ""latitude"": ""22.524166"", ""slow_count"": ""12"", ""fast_count"": ""0"", ""charge_count"": ""12"", ""TAZID"": ""1104""}"
943,"深圳-1940","深圳市 · UrbanEV历史站点（详细地址未提供）",114.063909,22.53332,150,online,"2026-09-08 00:53:31",1940,"{""station_id"": ""1940"", ""longitude"": ""114.063909"", ""latitude"": ""22.53332"", ""slow_count"": ""12"", ""fast_count"": ""0"", ""charge_count"": ""12"", ""TAZID"": ""206""}"
944,"深圳-1941","深圳市 · UrbanEV历史站点（详细地址未提供）",114.064015,22.532151,150,online,"2026-09-08 00:53:31",1941,"{""station_id"": ""1941"", ""longitude"": ""114.064015"", ""latitude"": ""22.532151"", ""slow_count"": ""10"", ""fast_count"": ""0"", ""charge_count"": ""10"", ""TAZID"": ""206""}"
945,"深圳-1942","深圳市 · UrbanEV历史站点（详细地址未提供）",114.064053,22.542943,150,online,"2026-09-08 00:53:31",1942,"{""station_id"": ""1942"", ""longitude"": ""114.064053"", ""latitude"": ""22.542943"", ""slow_count"": ""9"", ""fast_count"": ""0"", ""charge_count"": ""9"", ""TAZID"": ""206""}"
946,"深圳-1943","深圳市 · UrbanEV历史站点（详细地址未提供）",114.06409,22.573763,150,online,"2026-09-08 00:53:31",1943,"{""station_id"": ""1943"", ""longitude"": ""114.06409"", ""latitude"": ""22.573763"", ""slow_count"": ""6"", ""fast_count"": ""0"", ""charge_count"": ""6"", ""TAZID"": ""1173""}"
947,"深圳-1944","深圳市 · UrbanEV历史站点（详细地址未提供）",114.064322,22.690736,150,online,"2026-09-08 00:53:31",1944,"{""station_id"": ""1944"", ""longitude"": ""114.064322"", ""latitude"": ""22.690736"", ""slow_count"": ""8"", ""fast_count"": ""0"", ""charge_count"": ""8"", ""TAZID"": ""733""}"
948,"深圳-1945","深圳市 · UrbanEV历史站点（详细地址未提供）",114.064348,22.690969,150,online,"2026-09-08 00:53:31",1945,"{""station_id"": ""1945"", ""longitude"": ""114.064348"", ""latitude"": ""22.690969"", ""slow_count"": ""3"", ""fast_count"": ""0"", ""charge_count"": ""3"", ""TAZID"": ""733""}"
949,"深圳-1946","深圳市 · UrbanEV历史站点（详细地址未提供）",114.064502,22.545418,150,online,"2026-09-08 00:53:31",1946,"{""station_id"": ""1946"", ""longitude"": ""114.064502"", ""latitude"": ""22.545418"", ""slow_count"": ""3"", ""fast_count"": ""0"", ""charge_count"": ""3"", ""TAZID"": ""205""}"
950,"深圳-1947","深圳市 · UrbanEV历史站点（详细地址未提供）",114.064556,22.521438,150,online,"2026-09-08 00:53:31",1947,"{""station_id"": ""1947"", ""longitude"": ""114.064556"", ""latitude"": ""22.521438"", ""slow_count"": ""3"", ""fast_count"": ""0"", ""charge_count"": ""3"", ""TAZID"": ""224""}"
951,"深圳-1948","深圳市 · UrbanEV历史站点（详细地址未提供）",114.064676,22.54205,150,online,"2026-09-08 00:53:31",1948,"{""station_id"": ""1948"", ""longitude"": ""114.064676"", ""latitude"": ""22.54205"", ""slow_count"": ""41"", ""fast_count"": ""0"", ""charge_count"": ""41"", ""TAZID"": ""206""}"
952,"深圳-1949","深圳市 · UrbanEV历史站点（详细地址未提供）",114.064676,22.54205,150,online,"2026-09-08 00:53:31",1949,"{""station_id"": ""1949"", ""longitude"": ""114.064676"", ""latitude"": ""22.54205"", ""slow_count"": ""41"", ""fast_count"": ""0"", ""charge_count"": ""41"", ""TAZID"": ""206""}"
953,"深圳-1950","深圳市 · UrbanEV历史站点（详细地址未提供）",114.064723,22.520741,150,online,"2026-09-08 00:53:31",1950,"{""station_id"": ""1950"", ""longitude"": ""114.064723"", ""latitude"": ""22.520741"", ""slow_count"": ""6"", ""fast_count"": ""0"", ""charge_count"": ""6"", ""TAZID"": ""224""}"
954,"深圳-1951","深圳市 · UrbanEV历史站点（详细地址未提供）",114.064988,22.625688,150,online,"2026-09-08 00:53:31",1951,"{""station_id"": ""1951"", ""longitude"": ""114.064988"", ""latitude"": ""22.625688"", ""slow_count"": ""16"", ""fast_count"": ""0"", ""charge_count"": ""16"", ""TAZID"": ""745""}"
955,"深圳-1952","深圳市 · UrbanEV历史站点（详细地址未提供）",114.06504,22.542691,150,online,"2026-09-08 00:53:31",1952,"{""station_id"": ""1952"", ""longitude"": ""114.06504"", ""latitude"": ""22.542691"", ""slow_count"": ""30"", ""fast_count"": ""0"", ""charge_count"": ""30"", ""TAZID"": ""206""}"
956,"深圳-1953","深圳市 · UrbanEV历史站点（详细地址未提供）",114.06504,22.542691,150,online,"2026-09-08 00:53:31",1953,"{""station_id"": ""1953"", ""longitude"": ""114.06504"", ""latitude"": ""22.542691"", ""slow_count"": ""30"", ""fast_count"": ""0"", ""charge_count"": ""30"", ""TAZID"": ""206""}"
957,"深圳-1954","深圳市 · UrbanEV历史站点（详细地址未提供）",114.065204,22.57143,150,online,"2026-09-08 00:53:31",1954,"{""station_id"": ""1954"", ""longitude"": ""114.065204"", ""latitude"": ""22.57143"", ""slow_count"": ""6"", ""fast_count"": ""0"", ""charge_count"": ""6"", ""TAZID"": ""1173""}"
958,"深圳-1955","深圳市 · UrbanEV历史站点（详细地址未提供）",114.065332,22.516789,150,online,"2026-09-08 00:53:31",1955,"{""station_id"": ""1955"", ""longitude"": ""114.065332"", ""latitude"": ""22.516789"", ""slow_count"": ""0"", ""fast_count"": ""3"", ""charge_count"": ""3"", ""TAZID"": ""224""}"
959,"深圳-1956","深圳市 · UrbanEV历史站点（详细地址未提供）",114.065483,22.651259,150,online,"2026-09-08 00:53:31",1956,"{""station_id"": ""1956"", ""longitude"": ""114.065483"", ""latitude"": ""22.651259"", ""slow_count"": ""6"", ""fast_count"": ""0"", ""charge_count"": ""6"", ""TAZID"": ""744""}"
960,"深圳-1957","深圳市 · UrbanEV历史站点（详细地址未提供）",114.065613,22.65176,150,online,"2026-09-08 00:53:31",1957,"{""station_id"": ""1957"", ""longitude"": ""114.065613"", ""latitude"": ""22.65176"", ""slow_count"": ""18"", ""fast_count"": ""0"", ""charge_count"": ""18"", ""TAZID"": ""744""}"
961,"深圳-1958","深圳市 · UrbanEV历史站点（详细地址未提供）",114.065799,22.651336,150,online,"2026-09-08 00:53:31",1958,"{""station_id"": ""1958"", ""longitude"": ""114.065799"", ""latitude"": ""22.651336"", ""slow_count"": ""18"", ""fast_count"": ""0"", ""charge_count"": ""18"", ""TAZID"": ""744""}"
962,"深圳-1959","深圳市 · UrbanEV历史站点（详细地址未提供）",114.06583,22.522972,150,online,"2026-09-08 00:53:31",1959,"{""station_id"": ""1959"", ""longitude"": ""114.06583"", ""latitude"": ""22.522972"", ""slow_count"": ""12"", ""fast_count"": ""0"", ""charge_count"": ""12"", ""TAZID"": ""224""}"
963,"深圳-1960","深圳市 · UrbanEV历史站点（详细地址未提供）",114.065838,22.658375,150,online,"2026-09-08 00:53:31",1960,"{""station_id"": ""1960"", ""longitude"": ""114.065838"", ""latitude"": ""22.658375"", ""slow_count"": ""10"", ""fast_count"": ""0"", ""charge_count"": ""10"", ""TAZID"": ""744""}"
964,"深圳-1961","深圳市 · UrbanEV历史站点（详细地址未提供）",114.065879,22.522938,150,online,"2026-09-08 00:53:31",1961,"{""station_id"": ""1961"", ""longitude"": ""114.065879"", ""latitude"": ""22.522938"", ""slow_count"": ""12"", ""fast_count"": ""0"", ""charge_count"": ""12"", ""TAZID"": ""224""}"
965,"深圳-1962","深圳市 · UrbanEV历史站点（详细地址未提供）",114.065988,22.546215,150,online,"2026-09-08 00:53:31",1962,"{""station_id"": ""1962"", ""longitude"": ""114.065988"", ""latitude"": ""22.546215"", ""slow_count"": ""12"", ""fast_count"": ""0"", ""charge_count"": ""12"", ""TAZID"": ""205""}"
966,"深圳-1963","深圳市 · UrbanEV历史站点（详细地址未提供）",114.066001,22.61317,150,online,"2026-09-08 00:53:31",1963,"{""station_id"": ""1963"", ""longitude"": ""114.066001"", ""latitude"": ""22.61317"", ""slow_count"": ""9"", ""fast_count"": ""0"", ""charge_count"": ""9"", ""TAZID"": ""700""}"
967,"深圳-1964","深圳市 · UrbanEV历史站点（详细地址未提供）",114.066109,22.521753,150,online,"2026-09-08 00:53:31",1964,"{""station_id"": ""1964"", ""longitude"": ""114.066109"", ""latitude"": ""22.521753"", ""slow_count"": ""6"", ""fast_count"": ""0"", ""charge_count"": ""6"", ""TAZID"": ""224""}"
968,"深圳-1965","深圳市 · UrbanEV历史站点（详细地址未提供）",114.0665,22.690363,150,online,"2026-09-08 00:53:31",1965,"{""station_id"": ""1965"", ""longitude"": ""114.0665"", ""latitude"": ""22.690363"", ""slow_count"": ""3"", ""fast_count"": ""0"", ""charge_count"": ""3"", ""TAZID"": ""733""}"
969,"深圳-1966","深圳市 · UrbanEV历史站点（详细地址未提供）",114.066576,22.543637,150,online,"2026-09-08 00:53:31",1966,"{""station_id"": ""1966"", ""longitude"": ""114.066576"", ""latitude"": ""22.543637"", ""slow_count"": ""30"", ""fast_count"": ""0"", ""charge_count"": ""30"", ""TAZID"": ""205""}"
970,"深圳-1967","深圳市 · UrbanEV历史站点（详细地址未提供）",114.066648,22.530307,150,online,"2026-09-08 00:53:31",1967,"{""station_id"": ""1967"", ""longitude"": ""114.066648"", ""latitude"": ""22.530307"", ""slow_count"": ""10"", ""fast_count"": ""0"", ""charge_count"": ""10"", ""TAZID"": ""1104""}"
971,"深圳-1968","深圳市 · UrbanEV历史站点（详细地址未提供）",114.066654,22.538933,150,online,"2026-09-08 00:53:31",1968,"{""station_id"": ""1968"", ""longitude"": ""114.066654"", ""latitude"": ""22.538933"", ""slow_count"": ""21"", ""fast_count"": ""0"", ""charge_count"": ""21"", ""TAZID"": ""206""}"
972,"深圳-1969","深圳市 · UrbanEV历史站点（详细地址未提供）",114.066796,22.522986,150,online,"2026-09-08 00:53:31",1969,"{""station_id"": ""1969"", ""longitude"": ""114.066796"", ""latitude"": ""22.522986"", ""slow_count"": ""6"", ""fast_count"": ""0"", ""charge_count"": ""6"", ""TAZID"": ""224""}"
973,"深圳-1970","深圳市 · UrbanEV历史站点（详细地址未提供）",114.066911,22.5584,150,online,"2026-09-08 00:53:31",1970,"{""station_id"": ""1970"", ""longitude"": ""114.066911"", ""latitude"": ""22.5584"", ""slow_count"": ""18"", ""fast_count"": ""0"", ""charge_count"": ""18"", ""TAZID"": ""204""}"
974,"深圳-1971","深圳市 · UrbanEV历史站点（详细地址未提供）",114.066948,22.547198,150,online,"2026-09-08 00:53:31",1971,"{""station_id"": ""1971"", ""longitude"": ""114.066948"", ""latitude"": ""22.547198"", ""slow_count"": ""8"", ""fast_count"": ""0"", ""charge_count"": ""8"", ""TAZID"": ""205""}"
975,"深圳-1972","深圳市 · UrbanEV历史站点（详细地址未提供）",114.066948,22.547198,150,online,"2026-09-08 00:53:31",1972,"{""station_id"": ""1972"", ""longitude"": ""114.066948"", ""latitude"": ""22.547198"", ""slow_count"": ""6"", ""fast_count"": ""0"", ""charge_count"": ""6"", ""TAZID"": ""205""}"
976,"深圳-1973","深圳市 · UrbanEV历史站点（详细地址未提供）",114.066985,22.524753,150,online,"2026-09-08 00:53:31",1973,"{""station_id"": ""1973"", ""longitude"": ""114.066985"", ""latitude"": ""22.524753"", ""slow_count"": ""12"", ""fast_count"": ""0"", ""charge_count"": ""12"", ""TAZID"": ""224""}"
977,"深圳-1974","深圳市 · UrbanEV历史站点（详细地址未提供）",114.067044,22.681487,150,online,"2026-09-08 00:53:31",1974,"{""station_id"": ""1974"", ""longitude"": ""114.067044"", ""latitude"": ""22.681487"", ""slow_count"": ""7"", ""fast_count"": ""0"", ""charge_count"": ""7"", ""TAZID"": ""729""}"
978,"深圳-1975","深圳市 · UrbanEV历史站点（详细地址未提供）",114.067055,22.532132,150,online,"2026-09-08 00:53:31",1975,"{""station_id"": ""1975"", ""longitude"": ""114.067055"", ""latitude"": ""22.532132"", ""slow_count"": ""6"", ""fast_count"": ""0"", ""charge_count"": ""6"", ""TAZID"": ""206""}"
979,"深圳-1976","深圳市 · UrbanEV历史站点（详细地址未提供）",114.067089,22.518394,150,online,"2026-09-08 00:53:31",1976,"{""station_id"": ""1976"", ""longitude"": ""114.067089"", ""latitude"": ""22.518394"", ""slow_count"": ""6"", ""fast_count"": ""0"", ""charge_count"": ""6"", ""TAZID"": ""224""}"
980,"深圳-1977","深圳市 · UrbanEV历史站点（详细地址未提供）",114.067134,22.523979,150,online,"2026-09-08 00:53:31",1977,"{""station_id"": ""1977"", ""longitude"": ""114.067134"", ""latitude"": ""22.523979"", ""slow_count"": ""4"", ""fast_count"": ""0"", ""charge_count"": ""4"", ""TAZID"": ""224""}"
981,"深圳-1978","深圳市 · UrbanEV历史站点（详细地址未提供）",114.067192,22.561121,150,online,"2026-09-08 00:53:31",1978,"{""station_id"": ""1978"", ""longitude"": ""114.067192"", ""latitude"": ""22.561121"", ""slow_count"": ""6"", ""fast_count"": ""0"", ""charge_count"": ""6"", ""TAZID"": ""204""}"
982,"深圳-1979","深圳市 · UrbanEV历史站点（详细地址未提供）",114.067247,22.525082,150,online,"2026-09-08 00:53:31",1979,"{""station_id"": ""1979"", ""longitude"": ""114.067247"", ""latitude"": ""22.525082"", ""slow_count"": ""3"", ""fast_count"": ""0"", ""charge_count"": ""3"", ""TAZID"": ""224""}"
983,"深圳-1980","深圳市 · UrbanEV历史站点（详细地址未提供）",114.067379,22.532225,150,online,"2026-09-08 00:53:31",1980,"{""station_id"": ""1980"", ""longitude"": ""114.067379"", ""latitude"": ""22.532225"", ""slow_count"": ""24"", ""fast_count"": ""0"", ""charge_count"": ""24"", ""TAZID"": ""206""}"
984,"深圳-1981","深圳市 · UrbanEV历史站点（详细地址未提供）",114.067448,22.538885,150,online,"2026-09-08 00:53:31",1981,"{""station_id"": ""1981"", ""longitude"": ""114.067448"", ""latitude"": ""22.538885"", ""slow_count"": ""15"", ""fast_count"": ""0"", ""charge_count"": ""15"", ""TAZID"": ""206""}"
985,"深圳-1982","深圳市 · UrbanEV历史站点（详细地址未提供）",114.067467,22.624271,150,online,"2026-09-08 00:53:31",1982,"{""station_id"": ""1982"", ""longitude"": ""114.067467"", ""latitude"": ""22.624271"", ""slow_count"": ""12"", ""fast_count"": ""0"", ""charge_count"": ""12"", ""TAZID"": ""746""}"
986,"深圳-1983","深圳市 · UrbanEV历史站点（详细地址未提供）",114.067697,22.572312,150,online,"2026-09-08 00:53:31",1983,"{""station_id"": ""1983"", ""longitude"": ""114.067697"", ""latitude"": ""22.572312"", ""slow_count"": ""3"", ""fast_count"": ""0"", ""charge_count"": ""3"", ""TAZID"": ""1173""}"
987,"深圳-1984","深圳市 · UrbanEV历史站点（详细地址未提供）",114.067942,22.570995,150,online,"2026-09-08 00:53:31",1984,"{""station_id"": ""1984"", ""longitude"": ""114.067942"", ""latitude"": ""22.570995"", ""slow_count"": ""6"", ""fast_count"": ""0"", ""charge_count"": ""6"", ""TAZID"": ""1173""}"
988,"深圳-1985","深圳市 · UrbanEV历史站点（详细地址未提供）",114.068004,22.624811,150,online,"2026-09-08 00:53:31",1985,"{""station_id"": ""1985"", ""longitude"": ""114.068004"", ""latitude"": ""22.624811"", ""slow_count"": ""3"", ""fast_count"": ""0"", ""charge_count"": ""3"", ""TAZID"": ""746""}"
989,"深圳-1986","深圳市 · UrbanEV历史站点（详细地址未提供）",114.068171,22.649673,150,online,"2026-09-08 00:53:31",1986,"{""station_id"": ""1986"", ""longitude"": ""114.068171"", ""latitude"": ""22.649673"", ""slow_count"": ""9"", ""fast_count"": ""0"", ""charge_count"": ""9"", ""TAZID"": ""744""}"
990,"深圳-1987","深圳市 · UrbanEV历史站点（详细地址未提供）",114.068186,22.653259,150,online,"2026-09-08 00:53:31",1987,"{""station_id"": ""1987"", ""longitude"": ""114.068186"", ""latitude"": ""22.653259"", ""slow_count"": ""0"", ""fast_count"": ""38"", ""charge_count"": ""38"", ""TAZID"": ""744""}"
991,"深圳-1988","深圳市 · UrbanEV历史站点（详细地址未提供）",114.068445,22.536868,150,online,"2026-09-08 00:53:31",1988,"{""station_id"": ""1988"", ""longitude"": ""114.068445"", ""latitude"": ""22.536868"", ""slow_count"": ""6"", ""fast_count"": ""0"", ""charge_count"": ""6"", ""TAZID"": ""216""}"
992,"深圳-1989","深圳市 · UrbanEV历史站点（详细地址未提供）",114.068553,22.689256,150,online,"2026-09-08 00:53:31",1989,"{""station_id"": ""1989"", ""longitude"": ""114.068553"", ""latitude"": ""22.689256"", ""slow_count"": ""3"", ""fast_count"": ""0"", ""charge_count"": ""3"", ""TAZID"": ""733""}"
993,"深圳-1990","深圳市 · UrbanEV历史站点（详细地址未提供）",114.068679,22.69148,150,online,"2026-09-08 00:53:31",1990,"{""station_id"": ""1990"", ""longitude"": ""114.068679"", ""latitude"": ""22.69148"", ""slow_count"": ""7"", ""fast_count"": ""0"", ""charge_count"": ""7"", ""TAZID"": ""733""}"
994,"深圳-1991","深圳市 · UrbanEV历史站点（详细地址未提供）",114.0688,22.57208,150,online,"2026-09-08 00:53:31",1991,"{""station_id"": ""1991"", ""longitude"": ""114.0688"", ""latitude"": ""22.57208"", ""slow_count"": ""6"", ""fast_count"": ""0"", ""charge_count"": ""6"", ""TAZID"": ""1173""}"
995,"深圳-1992","深圳市 · UrbanEV历史站点（详细地址未提供）",114.068966,22.543127,150,online,"2026-09-08 00:53:31",1992,"{""station_id"": ""1992"", ""longitude"": ""114.068966"", ""latitude"": ""22.543127"", ""slow_count"": ""12"", ""fast_count"": ""0"", ""charge_count"": ""12"", ""TAZID"": ""216""}"
996,"深圳-1993","深圳市 · UrbanEV历史站点（详细地址未提供）",114.068972,22.61162,150,online,"2026-09-08 00:53:31",1993,"{""station_id"": ""1993"", ""longitude"": ""114.068972"", ""latitude"": ""22.61162"", ""slow_count"": ""21"", ""fast_count"": ""0"", ""charge_count"": ""21"", ""TAZID"": ""746""}"
997,"深圳-1994","深圳市 · UrbanEV历史站点（详细地址未提供）",114.069015,22.571628,150,online,"2026-09-08 00:53:31",1994,"{""station_id"": ""1994"", ""longitude"": ""114.069015"", ""latitude"": ""22.571628"", ""slow_count"": ""12"", ""fast_count"": ""0"", ""charge_count"": ""12"", ""TAZID"": ""1173""}"
998,"深圳-1995","深圳市 · UrbanEV历史站点（详细地址未提供）",114.069183,22.565126,150,online,"2026-09-08 00:53:31",1995,"{""station_id"": ""1995"", ""longitude"": ""114.069183"", ""latitude"": ""22.565126"", ""slow_count"": ""40"", ""fast_count"": ""0"", ""charge_count"": ""40"", ""TAZID"": ""215""}"
999,"深圳-1996","深圳市 · UrbanEV历史站点（详细地址未提供）",114.069259,22.688085,150,online,"2026-09-08 00:53:31",1996,"{""station_id"": ""1996"", ""longitude"": ""114.069259"", ""latitude"": ""22.688085"", ""slow_count"": ""106"", ""fast_count"": ""0"", ""charge_count"": ""106"", ""TAZID"": ""733""}"
1000,"深圳-1997","深圳市 · UrbanEV历史站点（详细地址未提供）",114.069987,22.716711,150,online,"2026-09-08 00:53:31",1997,"{""station_id"": ""1997"", ""longitude"": ""114.069987"", ""latitude"": ""22.716711"", ""slow_count"": ""12"", ""fast_count"": ""0"", ""charge_count"": ""12"", ""TAZID"": ""728""}"
1001,"深圳-1998","深圳市 · UrbanEV历史站点（详细地址未提供）",114.069997,22.614995,150,online,"2026-09-08 00:53:31",1998,"{""station_id"": ""1998"", ""longitude"": ""114.069997"", ""latitude"": ""22.614995"", ""slow_count"": ""1"", ""fast_count"": ""0"", ""charge_count"": ""1"", ""TAZID"": ""746""}"
1002,"深圳-1999","深圳市 · UrbanEV历史站点（详细地址未提供）",114.070456,22.52366,150,online,"2026-09-08 00:53:31",1999,"{""station_id"": ""1999"", ""longitude"": ""114.070456"", ""latitude"": ""22.52366"", ""slow_count"": ""2"", ""fast_count"": ""0"", ""charge_count"": ""2"", ""TAZID"": ""224""}"
1003,"深圳-2000","深圳市 · UrbanEV历史站点（详细地址未提供）",114.070788,22.523014,150,online,"2026-09-08 00:53:31",2000,"{""station_id"": ""2000"", ""longitude"": ""114.070788"", ""latitude"": ""22.523014"", ""slow_count"": ""6"", ""fast_count"": ""0"", ""charge_count"": ""6"", ""TAZID"": ""224""}"
1004,"深圳-2001","深圳市 · UrbanEV历史站点（详细地址未提供）",114.071013,22.61815,150,online,"2026-09-08 00:53:31",2001,"{""station_id"": ""2001"", ""longitude"": ""114.071013"", ""latitude"": ""22.61815"", ""slow_count"": ""28"", ""fast_count"": ""0"", ""charge_count"": ""28"", ""TAZID"": ""746""}"
1005,"深圳-2002","深圳市 · UrbanEV历史站点（详细地址未提供）",114.071079,22.612841,150,online,"2026-09-08 00:53:31",2002,"{""station_id"": ""2002"", ""longitude"": ""114.071079"", ""latitude"": ""22.612841"", ""slow_count"": ""17"", ""fast_count"": ""0"", ""charge_count"": ""17"", ""TAZID"": ""716""}"
1006,"深圳-2003","深圳市 · UrbanEV历史站点（详细地址未提供）",114.071156,22.527224,150,online,"2026-09-08 00:53:31",2003,"{""station_id"": ""2003"", ""longitude"": ""114.071156"", ""latitude"": ""22.527224"", ""slow_count"": ""2"", ""fast_count"": ""0"", ""charge_count"": ""2"", ""TAZID"": ""224""}"
1007,"深圳-2004","深圳市 · UrbanEV历史站点（详细地址未提供）",114.071955,22.620756,150,online,"2026-09-08 00:53:31",2004,"{""station_id"": ""2004"", ""longitude"": ""114.071955"", ""latitude"": ""22.620756"", ""slow_count"": ""12"", ""fast_count"": ""0"", ""charge_count"": ""12"", ""TAZID"": ""746""}"
1008,"深圳-2005","深圳市 · UrbanEV历史站点（详细地址未提供）",114.072074,22.646735,150,online,"2026-09-08 00:53:31",2005,"{""station_id"": ""2005"", ""longitude"": ""114.072074"", ""latitude"": ""22.646735"", ""slow_count"": ""10"", ""fast_count"": ""0"", ""charge_count"": ""10"", ""TAZID"": ""744""}"
1009,"深圳-2006","深圳市 · UrbanEV历史站点（详细地址未提供）",114.073839,22.616327,150,online,"2026-09-08 00:53:31",2006,"{""station_id"": ""2006"", ""longitude"": ""114.073839"", ""latitude"": ""22.616327"", ""slow_count"": ""12"", ""fast_count"": ""0"", ""charge_count"": ""12"", ""TAZID"": ""716""}"
1010,"深圳-2007","深圳市 · UrbanEV历史站点（详细地址未提供）",114.073839,22.616327,150,online,"2026-09-08 00:53:31",2007,"{""station_id"": ""2007"", ""longitude"": ""114.073839"", ""latitude"": ""22.616327"", ""slow_count"": ""12"", ""fast_count"": ""0"", ""charge_count"": ""12"", ""TAZID"": ""716""}"
1011,"深圳-2008","深圳市 · UrbanEV历史站点（详细地址未提供）",114.073996,22.614615,150,online,"2026-09-08 00:53:31",2008,"{""station_id"": ""2008"", ""longitude"": ""114.073996"", ""latitude"": ""22.614615"", ""slow_count"": ""36"", ""fast_count"": ""0"", ""charge_count"": ""36"", ""TAZID"": ""716""}"
1012,"深圳-2009","深圳市 · UrbanEV历史站点（详细地址未提供）",114.07417,22.617325,150,online,"2026-09-08 00:53:31",2009,"{""station_id"": ""2009"", ""longitude"": ""114.07417"", ""latitude"": ""22.617325"", ""slow_count"": ""58"", ""fast_count"": ""0"", ""charge_count"": ""58"", ""TAZID"": ""716""}"
1013,"深圳-2010","深圳市 · UrbanEV历史站点（详细地址未提供）",114.074193,22.515924,150,online,"2026-09-08 00:53:31",2010,"{""station_id"": ""2010"", ""longitude"": ""114.074193"", ""latitude"": ""22.515924"", ""slow_count"": ""6"", ""fast_count"": ""0"", ""charge_count"": ""6"", ""TAZID"": ""224""}"
1014,"深圳-2011","深圳市 · UrbanEV历史站点（详细地址未提供）",114.074402,22.690517,150,online,"2026-09-08 00:53:31",2011,"{""station_id"": ""2011"", ""longitude"": ""114.074402"", ""latitude"": ""22.690517"", ""slow_count"": ""0"", ""fast_count"": ""20"", ""charge_count"": ""20"", ""TAZID"": ""729""}"
1015,"深圳-2012","深圳市 · UrbanEV历史站点（详细地址未提供）",114.074715,22.543693,150,online,"2026-09-08 00:53:31",2012,"{""station_id"": ""2012"", ""longitude"": ""114.074715"", ""latitude"": ""22.543693"", ""slow_count"": ""6"", ""fast_count"": ""0"", ""charge_count"": ""6"", ""TAZID"": ""216""}"
1016,"深圳-2013","深圳市 · UrbanEV历史站点（详细地址未提供）",114.075174,22.659094,150,online,"2026-09-08 00:53:31",2013,"{""station_id"": ""2013"", ""longitude"": ""114.075174"", ""latitude"": ""22.659094"", ""slow_count"": ""10"", ""fast_count"": ""0"", ""charge_count"": ""10"", ""TAZID"": ""741""}"
1017,"深圳-2014","深圳市 · UrbanEV历史站点（详细地址未提供）",114.07694,22.630981,150,online,"2026-09-08 00:53:31",2014,"{""station_id"": ""2014"", ""longitude"": ""114.07694"", ""latitude"": ""22.630981"", ""slow_count"": ""6"", ""fast_count"": ""0"", ""charge_count"": ""6"", ""TAZID"": ""1026""}"
1018,"深圳-2015","深圳市 · UrbanEV历史站点（详细地址未提供）",114.076978,22.621193,150,online,"2026-09-08 00:53:31",2015,"{""station_id"": ""2015"", ""longitude"": ""114.076978"", ""latitude"": ""22.621193"", ""slow_count"": ""38"", ""fast_count"": ""0"", ""charge_count"": ""38"", ""TAZID"": ""746""}"
1019,"深圳-2016","深圳市 · UrbanEV历史站点（详细地址未提供）",114.076987,22.567154,150,online,"2026-09-08 00:53:31",2016,"{""station_id"": ""2016"", ""longitude"": ""114.076987"", ""latitude"": ""22.567154"", ""slow_count"": ""12"", ""fast_count"": ""0"", ""charge_count"": ""12"", ""TAZID"": ""215""}"
1020,"深圳-2017","深圳市 · UrbanEV历史站点（详细地址未提供）",114.077107,22.659641,150,online,"2026-09-08 00:53:31",2017,"{""station_id"": ""2017"", ""longitude"": ""114.077107"", ""latitude"": ""22.659641"", ""slow_count"": ""12"", ""fast_count"": ""0"", ""charge_count"": ""12"", ""TAZID"": ""741""}"
1021,"深圳-2018","深圳市 · UrbanEV历史站点（详细地址未提供）",114.077196,22.65641,150,online,"2026-09-08 00:53:31",2018,"{""station_id"": ""2018"", ""longitude"": ""114.077196"", ""latitude"": ""22.65641"", ""slow_count"": ""12"", ""fast_count"": ""0"", ""charge_count"": ""12"", ""TAZID"": ""737""}"
1022,"深圳-2019","深圳市 · UrbanEV历史站点（详细地址未提供）",114.078254,22.536822,150,online,"2026-09-08 00:53:31",2019,"{""station_id"": ""2019"", ""longitude"": ""114.078254"", ""latitude"": ""22.536822"", ""slow_count"": ""3"", ""fast_count"": ""0"", ""charge_count"": ""3"", ""TAZID"": ""214""}"
1023,"深圳-2020","深圳市 · UrbanEV历史站点（详细地址未提供）",114.078839,22.634511,150,online,"2026-09-08 00:53:31",2020,"{""station_id"": ""2020"", ""longitude"": ""114.078839"", ""latitude"": ""22.634511"", ""slow_count"": ""6"", ""fast_count"": ""0"", ""charge_count"": ""6"", ""TAZID"": ""1026""}"
1024,"深圳-2021","深圳市 · UrbanEV历史站点（详细地址未提供）",114.079601,22.633593,150,online,"2026-09-08 00:53:31",2021,"{""station_id"": ""2021"", ""longitude"": ""114.079601"", ""latitude"": ""22.633593"", ""slow_count"": ""5"", ""fast_count"": ""0"", ""charge_count"": ""5"", ""TAZID"": ""1026""}"
1025,"深圳-2022","深圳市 · UrbanEV历史站点（详细地址未提供）",114.079977,22.644616,150,online,"2026-09-08 00:53:31",2022,"{""station_id"": ""2022"", ""longitude"": ""114.079977"", ""latitude"": ""22.644616"", ""slow_count"": ""18"", ""fast_count"": ""0"", ""charge_count"": ""18"", ""TAZID"": ""737""}"
1026,"深圳-2023","深圳市 · UrbanEV历史站点（详细地址未提供）",114.080907,22.623125,150,online,"2026-09-08 00:53:31",2023,"{""station_id"": ""2023"", ""longitude"": ""114.080907"", ""latitude"": ""22.623125"", ""slow_count"": ""0"", ""fast_count"": ""6"", ""charge_count"": ""6"", ""TAZID"": ""716""}"
1027,"深圳-2024","深圳市 · UrbanEV历史站点（详细地址未提供）",114.080907,22.623125,150,online,"2026-09-08 00:53:31",2024,"{""station_id"": ""2024"", ""longitude"": ""114.080907"", ""latitude"": ""22.623125"", ""slow_count"": ""0"", ""fast_count"": ""6"", ""charge_count"": ""6"", ""TAZID"": ""716""}"
1028,"深圳-2025","深圳市 · UrbanEV历史站点（详细地址未提供）",114.080989,22.633042,150,online,"2026-09-08 00:53:31",2025,"{""station_id"": ""2025"", ""longitude"": ""114.080989"", ""latitude"": ""22.633042"", ""slow_count"": ""6"", ""fast_count"": ""0"", ""charge_count"": ""6"", ""TAZID"": ""1026""}"
1029,"深圳-2026","深圳市 · UrbanEV历史站点（详细地址未提供）",114.081082,22.535963,150,online,"2026-09-08 00:53:31",2026,"{""station_id"": ""2026"", ""longitude"": ""114.081082"", ""latitude"": ""22.535963"", ""slow_count"": ""6"", ""fast_count"": ""0"", ""charge_count"": ""6"", ""TAZID"": ""214""}"
1030,"深圳-2027","深圳市 · UrbanEV历史站点（详细地址未提供）",114.082025,22.682578,150,online,"2026-09-08 00:53:31",2027,"{""station_id"": ""2027"", ""longitude"": ""114.082025"", ""latitude"": ""22.682578"", ""slow_count"": ""12"", ""fast_count"": ""0"", ""charge_count"": ""12"", ""TAZID"": ""729""}"
1031,"深圳-2028","深圳市 · UrbanEV历史站点（详细地址未提供）",114.082138,22.708382,150,online,"2026-09-08 00:53:31",2028,"{""station_id"": ""2028"", ""longitude"": ""114.082138"", ""latitude"": ""22.708382"", ""slow_count"": ""0"", ""fast_count"": ""16"", ""charge_count"": ""16"", ""TAZID"": ""728""}"
1032,"深圳-2029","深圳市 · UrbanEV历史站点（详细地址未提供）",114.082138,22.708382,150,online,"2026-09-08 00:53:31",2029,"{""station_id"": ""2029"", ""longitude"": ""114.082138"", ""latitude"": ""22.708382"", ""slow_count"": ""0"", ""fast_count"": ""16"", ""charge_count"": ""16"", ""TAZID"": ""728""}"
1033,"深圳-2030","深圳市 · UrbanEV历史站点（详细地址未提供）",114.082138,22.708382,150,online,"2026-09-08 00:53:31",2030,"{""station_id"": ""2030"", ""longitude"": ""114.082138"", ""latitude"": ""22.708382"", ""slow_count"": ""0"", ""fast_count"": ""28"", ""charge_count"": ""28"", ""TAZID"": ""728""}"
1034,"深圳-2031","深圳市 · UrbanEV历史站点（详细地址未提供）",114.082138,22.708382,150,online,"2026-09-08 00:53:31",2031,"{""station_id"": ""2031"", ""longitude"": ""114.082138"", ""latitude"": ""22.708382"", ""slow_count"": ""0"", ""fast_count"": ""28"", ""charge_count"": ""28"", ""TAZID"": ""728""}"
1035,"深圳-2032","深圳市 · UrbanEV历史站点（详细地址未提供）",114.082419,22.546174,150,online,"2026-09-08 00:53:31",2032,"{""station_id"": ""2032"", ""longitude"": ""114.082419"", ""latitude"": ""22.546174"", ""slow_count"": ""9"", ""fast_count"": ""0"", ""charge_count"": ""9"", ""TAZID"": ""1063""}"
1036,"深圳-2033","深圳市 · UrbanEV历史站点（详细地址未提供）",114.082759,22.654276,150,online,"2026-09-08 00:53:31",2033,"{""station_id"": ""2033"", ""longitude"": ""114.082759"", ""latitude"": ""22.654276"", ""slow_count"": ""6"", ""fast_count"": ""0"", ""charge_count"": ""6"", ""TAZID"": ""737""}"
1037,"深圳-2034","深圳市 · UrbanEV历史站点（详细地址未提供）",114.083356,22.624866,150,online,"2026-09-08 00:53:31",2034,"{""station_id"": ""2034"", ""longitude"": ""114.083356"", ""latitude"": ""22.624866"", ""slow_count"": ""6"", ""fast_count"": ""0"", ""charge_count"": ""6"", ""TAZID"": ""716""}"
1038,"深圳-2035","深圳市 · UrbanEV历史站点（详细地址未提供）",114.083568,22.539208,150,online,"2026-09-08 00:53:31",2035,"{""station_id"": ""2035"", ""longitude"": ""114.083568"", ""latitude"": ""22.539208"", ""slow_count"": ""3"", ""fast_count"": ""0"", ""charge_count"": ""3"", ""TAZID"": ""213""}"
1039,"深圳-2036","深圳市 · UrbanEV历史站点（详细地址未提供）",114.084059,22.548674,150,online,"2026-09-08 00:53:31",2036,"{""station_id"": ""2036"", ""longitude"": ""114.084059"", ""latitude"": ""22.548674"", ""slow_count"": ""10"", ""fast_count"": ""0"", ""charge_count"": ""10"", ""TAZID"": ""1064""}"
1040,"深圳-2037","深圳市 · UrbanEV历史站点（详细地址未提供）",114.085021,22.530012,150,online,"2026-09-08 00:53:31",2037,"{""station_id"": ""2037"", ""longitude"": ""114.085021"", ""latitude"": ""22.530012"", ""slow_count"": ""4"", ""fast_count"": ""0"", ""charge_count"": ""4"", ""TAZID"": ""213""}"
1041,"深圳-2038","深圳市 · UrbanEV历史站点（详细地址未提供）",114.085663,22.571655,150,online,"2026-09-08 00:53:31",2038,"{""station_id"": ""2038"", ""longitude"": ""114.085663"", ""latitude"": ""22.571655"", ""slow_count"": ""0"", ""fast_count"": ""1"", ""charge_count"": ""1"", ""TAZID"": ""119""}"
1042,"深圳-2039","深圳市 · UrbanEV历史站点（详细地址未提供）",114.085976,22.532607,150,online,"2026-09-08 00:53:31",2039,"{""station_id"": ""2039"", ""longitude"": ""114.085976"", ""latitude"": ""22.532607"", ""slow_count"": ""24"", ""fast_count"": ""0"", ""charge_count"": ""24"", ""TAZID"": ""213""}"
1043,"深圳-2040","深圳市 · UrbanEV历史站点（详细地址未提供）",114.086178,22.532804,150,online,"2026-09-08 00:53:31",2040,"{""station_id"": ""2040"", ""longitude"": ""114.086178"", ""latitude"": ""22.532804"", ""slow_count"": ""4"", ""fast_count"": ""0"", ""charge_count"": ""4"", ""TAZID"": ""213""}"
1044,"深圳-2041","深圳市 · UrbanEV历史站点（详细地址未提供）",114.08633,22.629165,150,online,"2026-09-08 00:53:31",2041,"{""station_id"": ""2041"", ""longitude"": ""114.08633"", ""latitude"": ""22.629165"", ""slow_count"": ""0"", ""fast_count"": ""54"", ""charge_count"": ""54"", ""TAZID"": ""1026""}"
1045,"深圳-2042","深圳市 · UrbanEV历史站点（详细地址未提供）",114.086961,22.575867,150,online,"2026-09-08 00:53:31",2042,"{""station_id"": ""2042"", ""longitude"": ""114.086961"", ""latitude"": ""22.575867"", ""slow_count"": ""3"", ""fast_count"": ""0"", ""charge_count"": ""3"", ""TAZID"": ""121""}"
1046,"深圳-2043","深圳市 · UrbanEV历史站点（详细地址未提供）",114.086975,22.697647,150,online,"2026-09-08 00:53:31",2043,"{""station_id"": ""2043"", ""longitude"": ""114.086975"", ""latitude"": ""22.697647"", ""slow_count"": ""10"", ""fast_count"": ""0"", ""charge_count"": ""10"", ""TAZID"": ""728""}"
1047,"深圳-2044","深圳市 · UrbanEV历史站点（详细地址未提供）",114.087581,22.535984,150,online,"2026-09-08 00:53:31",2044,"{""station_id"": ""2044"", ""longitude"": ""114.087581"", ""latitude"": ""22.535984"", ""slow_count"": ""6"", ""fast_count"": ""0"", ""charge_count"": ""6"", ""TAZID"": ""213""}"
1048,"深圳-2045","深圳市 · UrbanEV历史站点（详细地址未提供）",114.088638,22.54017,150,online,"2026-09-08 00:53:31",2045,"{""station_id"": ""2045"", ""longitude"": ""114.088638"", ""latitude"": ""22.54017"", ""slow_count"": ""6"", ""fast_count"": ""0"", ""charge_count"": ""6"", ""TAZID"": ""213""}"
1049,"深圳-2046","深圳市 · UrbanEV历史站点（详细地址未提供）",114.089074,22.571362,150,online,"2026-09-08 00:53:31",2046,"{""station_id"": ""2046"", ""longitude"": ""114.089074"", ""latitude"": ""22.571362"", ""slow_count"": ""6"", ""fast_count"": ""0"", ""charge_count"": ""6"", ""TAZID"": ""119""}"
1050,"深圳-2047","深圳市 · UrbanEV历史站点（详细地址未提供）",114.089928,22.706775,150,online,"2026-09-08 00:53:31",2047,"{""station_id"": ""2047"", ""longitude"": ""114.089928"", ""latitude"": ""22.706775"", ""slow_count"": ""0"", ""fast_count"": ""19"", ""charge_count"": ""19"", ""TAZID"": ""735""}"
1051,"深圳-2048","深圳市 · UrbanEV历史站点（详细地址未提供）",114.089928,22.706775,150,online,"2026-09-08 00:53:31",2048,"{""station_id"": ""2048"", ""longitude"": ""114.089928"", ""latitude"": ""22.706775"", ""slow_count"": ""0"", ""fast_count"": ""19"", ""charge_count"": ""19"", ""TAZID"": ""735""}"
1052,"深圳-2049","深圳市 · UrbanEV历史站点（详细地址未提供）",114.089945,22.638053,150,online,"2026-09-08 00:53:31",2049,"{""station_id"": ""2049"", ""longitude"": ""114.089945"", ""latitude"": ""22.638053"", ""slow_count"": ""12"", ""fast_count"": ""0"", ""charge_count"": ""12"", ""TAZID"": ""783""}"
1053,"深圳-2050","深圳市 · UrbanEV历史站点（详细地址未提供）",114.089966,22.635825,150,online,"2026-09-08 00:53:31",2050,"{""station_id"": ""2050"", ""longitude"": ""114.089966"", ""latitude"": ""22.635825"", ""slow_count"": ""12"", ""fast_count"": ""0"", ""charge_count"": ""12"", ""TAZID"": ""783""}"
1054,"深圳-2051","深圳市 · UrbanEV历史站点（详细地址未提供）",114.090044,22.570965,150,online,"2026-09-08 00:53:31",2051,"{""station_id"": ""2051"", ""longitude"": ""114.090044"", ""latitude"": ""22.570965"", ""slow_count"": ""6"", ""fast_count"": ""0"", ""charge_count"": ""6"", ""TAZID"": ""119""}"
1055,"深圳-2052","深圳市 · UrbanEV历史站点（详细地址未提供）",114.091014,22.53638,150,online,"2026-09-08 00:53:31",2052,"{""station_id"": ""2052"", ""longitude"": ""114.091014"", ""latitude"": ""22.53638"", ""slow_count"": ""3"", ""fast_count"": ""0"", ""charge_count"": ""3"", ""TAZID"": ""213""}"
1056,"深圳-2053","深圳市 · UrbanEV历史站点（详细地址未提供）",114.092513,22.533704,150,online,"2026-09-08 00:53:31",2053,"{""station_id"": ""2053"", ""longitude"": ""114.092513"", ""latitude"": ""22.533704"", ""slow_count"": ""3"", ""fast_count"": ""0"", ""charge_count"": ""3"", ""TAZID"": ""213""}"
1057,"深圳-2054","深圳市 · UrbanEV历史站点（详细地址未提供）",114.092926,22.553181,150,online,"2026-09-08 00:53:31",2054,"{""station_id"": ""2054"", ""longitude"": ""114.092926"", ""latitude"": ""22.553181"", ""slow_count"": ""6"", ""fast_count"": ""0"", ""charge_count"": ""6"", ""TAZID"": ""211""}"
1058,"深圳-2055","深圳市 · UrbanEV历史站点（详细地址未提供）",114.093001,22.551326,150,online,"2026-09-08 00:53:31",2055,"{""station_id"": ""2055"", ""longitude"": ""114.093001"", ""latitude"": ""22.551326"", ""slow_count"": ""6"", ""fast_count"": ""0"", ""charge_count"": ""6"", ""TAZID"": ""212""}"
1059,"深圳-2056","深圳市 · UrbanEV历史站点（详细地址未提供）",114.093266,22.568423,150,online,"2026-09-08 00:53:31",2056,"{""station_id"": ""2056"", ""longitude"": ""114.093266"", ""latitude"": ""22.568423"", ""slow_count"": ""6"", ""fast_count"": ""0"", ""charge_count"": ""6"", ""TAZID"": ""119""}"
1060,"深圳-2057","深圳市 · UrbanEV历史站点（详细地址未提供）",114.094768,22.544345,150,online,"2026-09-08 00:53:31",2057,"{""station_id"": ""2057"", ""longitude"": ""114.094768"", ""latitude"": ""22.544345"", ""slow_count"": ""12"", ""fast_count"": ""0"", ""charge_count"": ""12"", ""TAZID"": ""212""}"
1061,"深圳-2058","深圳市 · UrbanEV历史站点（详细地址未提供）",114.095035,22.552091,150,online,"2026-09-08 00:53:31",2058,"{""station_id"": ""2058"", ""longitude"": ""114.095035"", ""latitude"": ""22.552091"", ""slow_count"": ""12"", ""fast_count"": ""0"", ""charge_count"": ""12"", ""TAZID"": ""211""}"
1062,"深圳-2059","深圳市 · UrbanEV历史站点（详细地址未提供）",114.095187,22.704937,150,online,"2026-09-08 00:53:31",2059,"{""station_id"": ""2059"", ""longitude"": ""114.095187"", ""latitude"": ""22.704937"", ""slow_count"": ""0"", ""fast_count"": ""26"", ""charge_count"": ""26"", ""TAZID"": ""775""}"
1063,"深圳-2060","深圳市 · UrbanEV历史站点（详细地址未提供）",114.095187,22.704937,150,online,"2026-09-08 00:53:31",2060,"{""station_id"": ""2060"", ""longitude"": ""114.095187"", ""latitude"": ""22.704937"", ""slow_count"": ""0"", ""fast_count"": ""26"", ""charge_count"": ""26"", ""TAZID"": ""775""}"
1064,"深圳-2061","深圳市 · UrbanEV历史站点（详细地址未提供）",114.095443,22.547058,150,online,"2026-09-08 00:53:31",2061,"{""station_id"": ""2061"", ""longitude"": ""114.095443"", ""latitude"": ""22.547058"", ""slow_count"": ""3"", ""fast_count"": ""0"", ""charge_count"": ""3"", ""TAZID"": ""212""}"
1065,"深圳-2062","深圳市 · UrbanEV历史站点（详细地址未提供）",114.095517,22.53903,150,online,"2026-09-08 00:53:31",2062,"{""station_id"": ""2062"", ""longitude"": ""114.095517"", ""latitude"": ""22.53903"", ""slow_count"": ""4"", ""fast_count"": ""0"", ""charge_count"": ""4"", ""TAZID"": ""213""}"
1066,"深圳-2063","深圳市 · UrbanEV历史站点（详细地址未提供）",114.096934,22.540144,150,online,"2026-09-08 00:53:31",2063,"{""station_id"": ""2063"", ""longitude"": ""114.096934"", ""latitude"": ""22.540144"", ""slow_count"": ""5"", ""fast_count"": ""0"", ""charge_count"": ""5"", ""TAZID"": ""213""}"
1067,"深圳-2064","深圳市 · UrbanEV历史站点（详细地址未提供）",114.096978,22.538175,150,online,"2026-09-08 00:53:31",2064,"{""station_id"": ""2064"", ""longitude"": ""114.096978"", ""latitude"": ""22.538175"", ""slow_count"": ""12"", ""fast_count"": ""0"", ""charge_count"": ""12"", ""TAZID"": ""213""}"
1068,"深圳-2065","深圳市 · UrbanEV历史站点（详细地址未提供）",114.097493,22.551725,150,online,"2026-09-08 00:53:31",2065,"{""station_id"": ""2065"", ""longitude"": ""114.097493"", ""latitude"": ""22.551725"", ""slow_count"": ""6"", ""fast_count"": ""0"", ""charge_count"": ""6"", ""TAZID"": ""212""}"
1069,"深圳-2066","深圳市 · UrbanEV历史站点（详细地址未提供）",114.097808,22.563943,150,online,"2026-09-08 00:53:31",2066,"{""station_id"": ""2066"", ""longitude"": ""114.097808"", ""latitude"": ""22.563943"", ""slow_count"": ""6"", ""fast_count"": ""0"", ""charge_count"": ""6"", ""TAZID"": ""208""}"
1070,"深圳-2067","深圳市 · UrbanEV历史站点（详细地址未提供）",114.097899,22.564484,150,online,"2026-09-08 00:53:31",2067,"{""station_id"": ""2067"", ""longitude"": ""114.097899"", ""latitude"": ""22.564484"", ""slow_count"": ""7"", ""fast_count"": ""0"", ""charge_count"": ""7"", ""TAZID"": ""208""}"
1071,"深圳-2068","深圳市 · UrbanEV历史站点（详细地址未提供）",114.098984,22.552116,150,online,"2026-09-08 00:53:31",2068,"{""station_id"": ""2068"", ""longitude"": ""114.098984"", ""latitude"": ""22.552116"", ""slow_count"": ""3"", ""fast_count"": ""0"", ""charge_count"": ""3"", ""TAZID"": ""1121""}"
1072,"深圳-2069","深圳市 · UrbanEV历史站点（详细地址未提供）",114.099783,22.539617,150,online,"2026-09-08 00:53:31",2069,"{""station_id"": ""2069"", ""longitude"": ""114.099783"", ""latitude"": ""22.539617"", ""slow_count"": ""12"", ""fast_count"": ""0"", ""charge_count"": ""12"", ""TAZID"": ""102""}"
1073,"深圳-2070","深圳市 · UrbanEV历史站点（详细地址未提供）",114.100803,22.563115,150,online,"2026-09-08 00:53:31",2070,"{""station_id"": ""2070"", ""longitude"": ""114.100803"", ""latitude"": ""22.563115"", ""slow_count"": ""15"", ""fast_count"": ""0"", ""charge_count"": ""15"", ""TAZID"": ""1126""}"
1074,"深圳-2071","深圳市 · UrbanEV历史站点（详细地址未提供）",114.101209,22.625045,150,online,"2026-09-08 00:53:31",2071,"{""station_id"": ""2071"", ""longitude"": ""114.101209"", ""latitude"": ""22.625045"", ""slow_count"": ""102"", ""fast_count"": ""0"", ""charge_count"": ""102"", ""TAZID"": ""965""}"
1075,"深圳-2072","深圳市 · UrbanEV历史站点（详细地址未提供）",114.101647,22.567775,150,online,"2026-09-08 00:53:31",2072,"{""station_id"": ""2072"", ""longitude"": ""114.101647"", ""latitude"": ""22.567775"", ""slow_count"": ""4"", ""fast_count"": ""0"", ""charge_count"": ""4"", ""TAZID"": ""1125""}"
1076,"深圳-2073","深圳市 · UrbanEV历史站点（详细地址未提供）",114.101861,22.564367,150,online,"2026-09-08 00:53:31",2073,"{""station_id"": ""2073"", ""longitude"": ""114.101861"", ""latitude"": ""22.564367"", ""slow_count"": ""9"", ""fast_count"": ""0"", ""charge_count"": ""9"", ""TAZID"": ""1126""}"
1077,"深圳-2074","深圳市 · UrbanEV历史站点（详细地址未提供）",114.10187,22.5525,150,online,"2026-09-08 00:53:31",2074,"{""station_id"": ""2074"", ""longitude"": ""114.10187"", ""latitude"": ""22.5525"", ""slow_count"": ""3"", ""fast_count"": ""0"", ""charge_count"": ""3"", ""TAZID"": ""1122""}"
1078,"深圳-2075","深圳市 · UrbanEV历史站点（详细地址未提供）",114.102079,22.602804,150,online,"2026-09-08 00:53:31",2075,"{""station_id"": ""2075"", ""longitude"": ""114.102079"", ""latitude"": ""22.602804"", ""slow_count"": ""12"", ""fast_count"": ""0"", ""charge_count"": ""12"", ""TAZID"": ""967""}"
1079,"深圳-2076","深圳市 · UrbanEV历史站点（详细地址未提供）",114.102366,22.536434,150,online,"2026-09-08 00:53:31",2076,"{""station_id"": ""2076"", ""longitude"": ""114.102366"", ""latitude"": ""22.536434"", ""slow_count"": ""3"", ""fast_count"": ""0"", ""charge_count"": ""3"", ""TAZID"": ""102""}"
1080,"深圳-2077","深圳市 · UrbanEV历史站点（详细地址未提供）",114.102541,22.707336,150,online,"2026-09-08 00:53:31",2077,"{""station_id"": ""2077"", ""longitude"": ""114.102541"", ""latitude"": ""22.707336"", ""slow_count"": ""0"", ""fast_count"": ""12"", ""charge_count"": ""12"", ""TAZID"": ""806""}"
1081,"深圳-2078","深圳市 · UrbanEV历史站点（详细地址未提供）",114.103032,22.562183,150,online,"2026-09-08 00:53:31",2078,"{""station_id"": ""2078"", ""longitude"": ""114.103032"", ""latitude"": ""22.562183"", ""slow_count"": ""10"", ""fast_count"": ""0"", ""charge_count"": ""10"", ""TAZID"": ""1126""}"
1082,"深圳-2079","深圳市 · UrbanEV历史站点（详细地址未提供）",114.103192,22.558398,150,online,"2026-09-08 00:53:31",2079,"{""station_id"": ""2079"", ""longitude"": ""114.103192"", ""latitude"": ""22.558398"", ""slow_count"": ""6"", ""fast_count"": ""0"", ""charge_count"": ""6"", ""TAZID"": ""1121""}"
1083,"深圳-2080","深圳市 · UrbanEV历史站点（详细地址未提供）",114.103245,22.562474,150,online,"2026-09-08 00:53:31",2080,"{""station_id"": ""2080"", ""longitude"": ""114.103245"", ""latitude"": ""22.562474"", ""slow_count"": ""24"", ""fast_count"": ""0"", ""charge_count"": ""24"", ""TAZID"": ""1126""}"
1084,"深圳-2081","深圳市 · UrbanEV历史站点（详细地址未提供）",114.103439,22.613261,150,online,"2026-09-08 00:53:31",2081,"{""station_id"": ""2081"", ""longitude"": ""114.103439"", ""latitude"": ""22.613261"", ""slow_count"": ""27"", ""fast_count"": ""0"", ""charge_count"": ""27"", ""TAZID"": ""965""}"
1085,"深圳-2082","深圳市 · UrbanEV历史站点（详细地址未提供）",114.103548,22.624386,150,online,"2026-09-08 00:53:31",2082,"{""station_id"": ""2082"", ""longitude"": ""114.103548"", ""latitude"": ""22.624386"", ""slow_count"": ""24"", ""fast_count"": ""0"", ""charge_count"": ""24"", ""TAZID"": ""966""}"
1086,"深圳-2083","深圳市 · UrbanEV历史站点（详细地址未提供）",114.103848,22.626514,150,online,"2026-09-08 00:53:31",2083,"{""station_id"": ""2083"", ""longitude"": ""114.103848"", ""latitude"": ""22.626514"", ""slow_count"": ""70"", ""fast_count"": ""0"", ""charge_count"": ""70"", ""TAZID"": ""795""}"
1087,"深圳-2084","深圳市 · UrbanEV历史站点（详细地址未提供）",114.103966,22.538029,150,online,"2026-09-08 00:53:31",2084,"{""station_id"": ""2084"", ""longitude"": ""114.103966"", ""latitude"": ""22.538029"", ""slow_count"": ""12"", ""fast_count"": ""0"", ""charge_count"": ""12"", ""TAZID"": ""102""}"
1088,"深圳-2085","深圳市 · UrbanEV历史站点（详细地址未提供）",114.103998,22.624303,150,online,"2026-09-08 00:53:31",2085,"{""station_id"": ""2085"", ""longitude"": ""114.103998"", ""latitude"": ""22.624303"", ""slow_count"": ""80"", ""fast_count"": ""0"", ""charge_count"": ""80"", ""TAZID"": ""966""}"
1089,"深圳-2086","深圳市 · UrbanEV历史站点（详细地址未提供）",114.104294,22.611468,150,online,"2026-09-08 00:53:31",2086,"{""station_id"": ""2086"", ""longitude"": ""114.104294"", ""latitude"": ""22.611468"", ""slow_count"": ""18"", ""fast_count"": ""0"", ""charge_count"": ""18"", ""TAZID"": ""966""}"
1090,"深圳-2087","深圳市 · UrbanEV历史站点（详细地址未提供）",114.104702,22.611474,150,online,"2026-09-08 00:53:31",2087,"{""station_id"": ""2087"", ""longitude"": ""114.104702"", ""latitude"": ""22.611474"", ""slow_count"": ""12"", ""fast_count"": ""0"", ""charge_count"": ""12"", ""TAZID"": ""966""}"
1091,"深圳-2088","深圳市 · UrbanEV历史站点（详细地址未提供）",114.104779,22.624926,150,online,"2026-09-08 00:53:31",2088,"{""station_id"": ""2088"", ""longitude"": ""114.104779"", ""latitude"": ""22.624926"", ""slow_count"": ""12"", ""fast_count"": ""0"", ""charge_count"": ""12"", ""TAZID"": ""795""}"
1092,"深圳-2089","深圳市 · UrbanEV历史站点（详细地址未提供）",114.104934,22.545534,150,online,"2026-09-08 00:53:31",2089,"{""station_id"": ""2089"", ""longitude"": ""114.104934"", ""latitude"": ""22.545534"", ""slow_count"": ""6"", ""fast_count"": ""0"", ""charge_count"": ""6"", ""TAZID"": ""1122""}"
1093,"深圳-2090","深圳市 · UrbanEV历史站点（详细地址未提供）",114.104966,22.546067,150,online,"2026-09-08 00:53:31",2090,"{""station_id"": ""2090"", ""longitude"": ""114.104966"", ""latitude"": ""22.546067"", ""slow_count"": ""6"", ""fast_count"": ""0"", ""charge_count"": ""6"", ""TAZID"": ""1122""}"
1094,"深圳-2091","深圳市 · UrbanEV历史站点（详细地址未提供）",114.105277,22.545241,150,online,"2026-09-08 00:53:31",2091,"{""station_id"": ""2091"", ""longitude"": ""114.105277"", ""latitude"": ""22.545241"", ""slow_count"": ""6"", ""fast_count"": ""0"", ""charge_count"": ""6"", ""TAZID"": ""1122""}"
1095,"深圳-2092","深圳市 · UrbanEV历史站点（详细地址未提供）",114.105314,22.550542,150,online,"2026-09-08 00:53:31",2092,"{""station_id"": ""2092"", ""longitude"": ""114.105314"", ""latitude"": ""22.550542"", ""slow_count"": ""18"", ""fast_count"": ""0"", ""charge_count"": ""18"", ""TAZID"": ""1122""}"
1096,"深圳-2093","深圳市 · UrbanEV历史站点（详细地址未提供）",114.105314,22.550542,150,online,"2026-09-08 00:53:31",2093,"{""station_id"": ""2093"", ""longitude"": ""114.105314"", ""latitude"": ""22.550542"", ""slow_count"": ""12"", ""fast_count"": ""0"", ""charge_count"": ""12"", ""TAZID"": ""1122""}"
1097,"深圳-2094","深圳市 · UrbanEV历史站点（详细地址未提供）",114.105538,22.552862,150,online,"2026-09-08 00:53:31",2094,"{""station_id"": ""2094"", ""longitude"": ""114.105538"", ""latitude"": ""22.552862"", ""slow_count"": ""5"", ""fast_count"": ""0"", ""charge_count"": ""5"", ""TAZID"": ""1122""}"
1098,"深圳-2095","深圳市 · UrbanEV历史站点（详细地址未提供）",114.105663,22.539278,150,online,"2026-09-08 00:53:31",2095,"{""station_id"": ""2095"", ""longitude"": ""114.105663"", ""latitude"": ""22.539278"", ""slow_count"": ""0"", ""fast_count"": ""3"", ""charge_count"": ""3"", ""TAZID"": ""102""}"
1099,"深圳-2096","深圳市 · UrbanEV历史站点（详细地址未提供）",114.105736,22.554161,150,online,"2026-09-08 00:53:31",2096,"{""station_id"": ""2096"", ""longitude"": ""114.105736"", ""latitude"": ""22.554161"", ""slow_count"": ""8"", ""fast_count"": ""0"", ""charge_count"": ""8"", ""TAZID"": ""1121""}"
1100,"深圳-2097","深圳市 · UrbanEV历史站点（详细地址未提供）",114.106376,22.584902,150,online,"2026-09-08 00:53:31",2097,"{""station_id"": ""2097"", ""longitude"": ""114.106376"", ""latitude"": ""22.584902"", ""slow_count"": ""6"", ""fast_count"": ""0"", ""charge_count"": ""6"", ""TAZID"": ""1131""}"
1101,"深圳-2098","深圳市 · UrbanEV历史站点（详细地址未提供）",114.106492,22.586961,150,online,"2026-09-08 00:53:31",2098,"{""station_id"": ""2098"", ""longitude"": ""114.106492"", ""latitude"": ""22.586961"", ""slow_count"": ""0"", ""fast_count"": ""86"", ""charge_count"": ""86"", ""TAZID"": ""1131""}"
1102,"深圳-2099","深圳市 · UrbanEV历史站点（详细地址未提供）",114.106492,22.586961,150,online,"2026-09-08 00:53:31",2099,"{""station_id"": ""2099"", ""longitude"": ""114.106492"", ""latitude"": ""22.586961"", ""slow_count"": ""0"", ""fast_count"": ""70"", ""charge_count"": ""70"", ""TAZID"": ""1131""}"
1103,"深圳-2100","深圳市 · UrbanEV历史站点（详细地址未提供）",114.106492,22.586961,150,online,"2026-09-08 00:53:31",2100,"{""station_id"": ""2100"", ""longitude"": ""114.106492"", ""latitude"": ""22.586961"", ""slow_count"": ""0"", ""fast_count"": ""70"", ""charge_count"": ""70"", ""TAZID"": ""1131""}"
1104,"深圳-2101","深圳市 · UrbanEV历史站点（详细地址未提供）",114.10666,22.569612,150,online,"2026-09-08 00:53:31",2101,"{""station_id"": ""2101"", ""longitude"": ""114.10666"", ""latitude"": ""22.569612"", ""slow_count"": ""6"", ""fast_count"": ""0"", ""charge_count"": ""6"", ""TAZID"": ""1125""}"
1105,"深圳-2102","深圳市 · UrbanEV历史站点（详细地址未提供）",114.106792,22.533902,150,online,"2026-09-08 00:53:31",2102,"{""station_id"": ""2102"", ""longitude"": ""114.106792"", ""latitude"": ""22.533902"", ""slow_count"": ""18"", ""fast_count"": ""0"", ""charge_count"": ""18"", ""TAZID"": ""1120""}"
1106,"深圳-2103","深圳市 · UrbanEV历史站点（详细地址未提供）",114.106953,22.533986,150,online,"2026-09-08 00:53:31",2103,"{""station_id"": ""2103"", ""longitude"": ""114.106953"", ""latitude"": ""22.533986"", ""slow_count"": ""36"", ""fast_count"": ""0"", ""charge_count"": ""36"", ""TAZID"": ""1120""}"
1107,"深圳-2104","深圳市 · UrbanEV历史站点（详细地址未提供）",114.106996,22.616438,150,online,"2026-09-08 00:53:31",2104,"{""station_id"": ""2104"", ""longitude"": ""114.106996"", ""latitude"": ""22.616438"", ""slow_count"": ""18"", ""fast_count"": ""0"", ""charge_count"": ""18"", ""TAZID"": ""966""}"
1108,"深圳-2105","深圳市 · UrbanEV历史站点（详细地址未提供）",114.107023,22.595678,150,online,"2026-09-08 00:53:31",2105,"{""station_id"": ""2105"", ""longitude"": ""114.107023"", ""latitude"": ""22.595678"", ""slow_count"": ""12"", ""fast_count"": ""0"", ""charge_count"": ""12"", ""TAZID"": ""967""}"
1109,"深圳-2106","深圳市 · UrbanEV历史站点（详细地址未提供）",114.107042,22.555516,150,online,"2026-09-08 00:53:31",2106,"{""station_id"": ""2106"", ""longitude"": ""114.107042"", ""latitude"": ""22.555516"", ""slow_count"": ""14"", ""fast_count"": ""0"", ""charge_count"": ""14"", ""TAZID"": ""1121""}"
1110,"深圳-2107","深圳市 · UrbanEV历史站点（详细地址未提供）",114.10737,22.53956,150,online,"2026-09-08 00:53:31",2107,"{""station_id"": ""2107"", ""longitude"": ""114.10737"", ""latitude"": ""22.53956"", ""slow_count"": ""6"", ""fast_count"": ""0"", ""charge_count"": ""6"", ""TAZID"": ""1120""}"
1111,"深圳-2108","深圳市 · UrbanEV历史站点（详细地址未提供）",114.107556,22.594503,150,online,"2026-09-08 00:53:31",2108,"{""station_id"": ""2108"", ""longitude"": ""114.107556"", ""latitude"": ""22.594503"", ""slow_count"": ""6"", ""fast_count"": ""0"", ""charge_count"": ""6"", ""TAZID"": ""1163""}"
1112,"深圳-2109","深圳市 · UrbanEV历史站点（详细地址未提供）",114.107729,22.535133,150,online,"2026-09-08 00:53:31",2109,"{""station_id"": ""2109"", ""longitude"": ""114.107729"", ""latitude"": ""22.535133"", ""slow_count"": ""5"", ""fast_count"": ""0"", ""charge_count"": ""5"", ""TAZID"": ""1120""}"
1113,"深圳-2110","深圳市 · UrbanEV历史站点（详细地址未提供）",114.107819,22.555318,150,online,"2026-09-08 00:53:31",2110,"{""station_id"": ""2110"", ""longitude"": ""114.107819"", ""latitude"": ""22.555318"", ""slow_count"": ""6"", ""fast_count"": ""0"", ""charge_count"": ""6"", ""TAZID"": ""1121""}"
1114,"深圳-2111","深圳市 · UrbanEV历史站点（详细地址未提供）",114.107833,22.559771,150,online,"2026-09-08 00:53:31",2111,"{""station_id"": ""2111"", ""longitude"": ""114.107833"", ""latitude"": ""22.559771"", ""slow_count"": ""6"", ""fast_count"": ""0"", ""charge_count"": ""6"", ""TAZID"": ""1124""}"
1115,"深圳-2112","深圳市 · UrbanEV历史站点（详细地址未提供）",114.107969,22.540577,150,online,"2026-09-08 00:53:31",2112,"{""station_id"": ""2112"", ""longitude"": ""114.107969"", ""latitude"": ""22.540577"", ""slow_count"": ""2"", ""fast_count"": ""0"", ""charge_count"": ""2"", ""TAZID"": ""1120""}"
1116,"深圳-2113","深圳市 · UrbanEV历史站点（详细地址未提供）",114.108052,22.62382,150,online,"2026-09-08 00:53:31",2113,"{""station_id"": ""2113"", ""longitude"": ""114.108052"", ""latitude"": ""22.62382"", ""slow_count"": ""8"", ""fast_count"": ""0"", ""charge_count"": ""8"", ""TAZID"": ""795""}"
1117,"深圳-2114","深圳市 · UrbanEV历史站点（详细地址未提供）",114.108052,22.62382,150,online,"2026-09-08 00:53:31",2114,"{""station_id"": ""2114"", ""longitude"": ""114.108052"", ""latitude"": ""22.62382"", ""slow_count"": ""8"", ""fast_count"": ""0"", ""charge_count"": ""8"", ""TAZID"": ""795""}"
1118,"深圳-2115","深圳市 · UrbanEV历史站点（详细地址未提供）",114.108075,22.542674,150,online,"2026-09-08 00:53:31",2115,"{""station_id"": ""2115"", ""longitude"": ""114.108075"", ""latitude"": ""22.542674"", ""slow_count"": ""6"", ""fast_count"": ""0"", ""charge_count"": ""6"", ""TAZID"": ""1120""}"
1119,"深圳-2116","深圳市 · UrbanEV历史站点（详细地址未提供）",114.108547,22.540539,150,online,"2026-09-08 00:53:31",2116,"{""station_id"": ""2116"", ""longitude"": ""114.108547"", ""latitude"": ""22.540539"", ""slow_count"": ""6"", ""fast_count"": ""0"", ""charge_count"": ""6"", ""TAZID"": ""1120""}"
1120,"深圳-2117","深圳市 · UrbanEV历史站点（详细地址未提供）",114.108731,22.5338,150,online,"2026-09-08 00:53:31",2117,"{""station_id"": ""2117"", ""longitude"": ""114.108731"", ""latitude"": ""22.5338"", ""slow_count"": ""18"", ""fast_count"": ""0"", ""charge_count"": ""18"", ""TAZID"": ""1120""}"
1121,"深圳-2118","深圳市 · UrbanEV历史站点（详细地址未提供）",114.109352,22.540594,150,online,"2026-09-08 00:53:31",2118,"{""station_id"": ""2118"", ""longitude"": ""114.109352"", ""latitude"": ""22.540594"", ""slow_count"": ""16"", ""fast_count"": ""0"", ""charge_count"": ""16"", ""TAZID"": ""1120""}"
1122,"深圳-2119","深圳市 · UrbanEV历史站点（详细地址未提供）",114.109352,22.540594,150,online,"2026-09-08 00:53:31",2119,"{""station_id"": ""2119"", ""longitude"": ""114.109352"", ""latitude"": ""22.540594"", ""slow_count"": ""16"", ""fast_count"": ""0"", ""charge_count"": ""16"", ""TAZID"": ""1120""}"
1123,"深圳-2120","深圳市 · UrbanEV历史站点（详细地址未提供）",114.109366,22.53626,150,online,"2026-09-08 00:53:31",2120,"{""station_id"": ""2120"", ""longitude"": ""114.109366"", ""latitude"": ""22.53626"", ""slow_count"": ""10"", ""fast_count"": ""0"", ""charge_count"": ""10"", ""TAZID"": ""1120""}"
1124,"深圳-2121","深圳市 · UrbanEV历史站点（详细地址未提供）",114.109376,22.559902,150,online,"2026-09-08 00:53:31",2121,"{""station_id"": ""2121"", ""longitude"": ""114.109376"", ""latitude"": ""22.559902"", ""slow_count"": ""6"", ""fast_count"": ""0"", ""charge_count"": ""6"", ""TAZID"": ""1124""}"
1125,"深圳-2122","深圳市 · UrbanEV历史站点（详细地址未提供）",114.109398,22.549683,150,online,"2026-09-08 00:53:31",2122,"{""station_id"": ""2122"", ""longitude"": ""114.109398"", ""latitude"": ""22.549683"", ""slow_count"": ""6"", ""fast_count"": ""0"", ""charge_count"": ""6"", ""TAZID"": ""1122""}"
1126,"深圳-2123","深圳市 · UrbanEV历史站点（详细地址未提供）",114.109765,22.58963,150,online,"2026-09-08 00:53:31",2123,"{""station_id"": ""2123"", ""longitude"": ""114.109765"", ""latitude"": ""22.58963"", ""slow_count"": ""4"", ""fast_count"": ""0"", ""charge_count"": ""4"", ""TAZID"": ""1138""}"
1127,"深圳-2124","深圳市 · UrbanEV历史站点（详细地址未提供）",114.110003,22.572651,150,online,"2026-09-08 00:53:31",2124,"{""station_id"": ""2124"", ""longitude"": ""114.110003"", ""latitude"": ""22.572651"", ""slow_count"": ""6"", ""fast_count"": ""0"", ""charge_count"": ""6"", ""TAZID"": ""1124""}"
1128,"深圳-2125","深圳市 · UrbanEV历史站点（详细地址未提供）",114.110013,22.541075,150,online,"2026-09-08 00:53:31",2125,"{""station_id"": ""2125"", ""longitude"": ""114.110013"", ""latitude"": ""22.541075"", ""slow_count"": ""0"", ""fast_count"": ""1"", ""charge_count"": ""1"", ""TAZID"": ""1120""}"
1129,"深圳-2126","深圳市 · UrbanEV历史站点（详细地址未提供）",114.110176,22.594104,150,online,"2026-09-08 00:53:31",2126,"{""station_id"": ""2126"", ""longitude"": ""114.110176"", ""latitude"": ""22.594104"", ""slow_count"": ""3"", ""fast_count"": ""0"", ""charge_count"": ""3"", ""TAZID"": ""1164""}"
1130,"深圳-2127","深圳市 · UrbanEV历史站点（详细地址未提供）",114.11051,22.55545,150,online,"2026-09-08 00:53:31",2127,"{""station_id"": ""2127"", ""longitude"": ""114.11051"", ""latitude"": ""22.55545"", ""slow_count"": ""12"", ""fast_count"": ""0"", ""charge_count"": ""12"", ""TAZID"": ""104""}"
1131,"深圳-2128","深圳市 · UrbanEV历史站点（详细地址未提供）",114.110524,22.618137,150,online,"2026-09-08 00:53:31",2128,"{""station_id"": ""2128"", ""longitude"": ""114.110524"", ""latitude"": ""22.618137"", ""slow_count"": ""45"", ""fast_count"": ""0"", ""charge_count"": ""45"", ""TAZID"": ""966""}"
1132,"深圳-2129","深圳市 · UrbanEV历史站点（详细地址未提供）",114.110524,22.618137,150,online,"2026-09-08 00:53:31",2129,"{""station_id"": ""2129"", ""longitude"": ""114.110524"", ""latitude"": ""22.618137"", ""slow_count"": ""66"", ""fast_count"": ""0"", ""charge_count"": ""66"", ""TAZID"": ""966""}"
1133,"深圳-2130","深圳市 · UrbanEV历史站点（详细地址未提供）",114.110969,22.593903,150,online,"2026-09-08 00:53:31",2130,"{""station_id"": ""2130"", ""longitude"": ""114.110969"", ""latitude"": ""22.593903"", ""slow_count"": ""10"", ""fast_count"": ""0"", ""charge_count"": ""10"", ""TAZID"": ""1164""}"
1134,"深圳-2131","深圳市 · UrbanEV历史站点（详细地址未提供）",114.110972,22.548991,150,online,"2026-09-08 00:53:31",2131,"{""station_id"": ""2131"", ""longitude"": ""114.110972"", ""latitude"": ""22.548991"", ""slow_count"": ""5"", ""fast_count"": ""0"", ""charge_count"": ""5"", ""TAZID"": ""104""}"
1135,"深圳-2132","深圳市 · UrbanEV历史站点（详细地址未提供）",114.111163,22.591227,150,online,"2026-09-08 00:53:31",2132,"{""station_id"": ""2132"", ""longitude"": ""114.111163"", ""latitude"": ""22.591227"", ""slow_count"": ""6"", ""fast_count"": ""0"", ""charge_count"": ""6"", ""TAZID"": ""1138""}"
1136,"深圳-2133","深圳市 · UrbanEV历史站点（详细地址未提供）",114.111247,22.566896,150,online,"2026-09-08 00:53:31",2133,"{""station_id"": ""2133"", ""longitude"": ""114.111247"", ""latitude"": ""22.566896"", ""slow_count"": ""6"", ""fast_count"": ""0"", ""charge_count"": ""6"", ""TAZID"": ""1124""}"
1137,"深圳-2134","深圳市 · UrbanEV历史站点（详细地址未提供）",114.111376,22.628281,150,online,"2026-09-08 00:53:31",2134,"{""station_id"": ""2134"", ""longitude"": ""114.111376"", ""latitude"": ""22.628281"", ""slow_count"": ""12"", ""fast_count"": ""0"", ""charge_count"": ""12"", ""TAZID"": ""795""}"
1138,"深圳-2135","深圳市 · UrbanEV历史站点（详细地址未提供）",114.111378,22.605216,150,online,"2026-09-08 00:53:31",2135,"{""station_id"": ""2135"", ""longitude"": ""114.111378"", ""latitude"": ""22.605216"", ""slow_count"": ""12"", ""fast_count"": ""0"", ""charge_count"": ""12"", ""TAZID"": ""1163""}"
1139,"深圳-2136","深圳市 · UrbanEV历史站点（详细地址未提供）",114.112,22.61371,150,online,"2026-09-08 00:53:31",2136,"{""station_id"": ""2136"", ""longitude"": ""114.112"", ""latitude"": ""22.61371"", ""slow_count"": ""6"", ""fast_count"": ""0"", ""charge_count"": ""6"", ""TAZID"": ""966""}"
1140,"深圳-2137","深圳市 · UrbanEV历史站点（详细地址未提供）",114.112139,22.53963,150,online,"2026-09-08 00:53:31",2137,"{""station_id"": ""2137"", ""longitude"": ""114.112139"", ""latitude"": ""22.53963"", ""slow_count"": ""12"", ""fast_count"": ""0"", ""charge_count"": ""12"", ""TAZID"": ""1120""}"
1141,"深圳-2138","深圳市 · UrbanEV历史站点（详细地址未提供）",114.112399,22.574182,150,online,"2026-09-08 00:53:31",2138,"{""station_id"": ""2138"", ""longitude"": ""114.112399"", ""latitude"": ""22.574182"", ""slow_count"": ""0"", ""fast_count"": ""37"", ""charge_count"": ""37"", ""TAZID"": ""1124""}"
1142,"深圳-2139","深圳市 · UrbanEV历史站点（详细地址未提供）",114.112399,22.574182,150,online,"2026-09-08 00:53:31",2139,"{""station_id"": ""2139"", ""longitude"": ""114.112399"", ""latitude"": ""22.574182"", ""slow_count"": ""0"", ""fast_count"": ""37"", ""charge_count"": ""37"", ""TAZID"": ""1124""}"
1143,"深圳-2140","深圳市 · UrbanEV历史站点（详细地址未提供）",114.112401,22.543339,150,online,"2026-09-08 00:53:31",2140,"{""station_id"": ""2140"", ""longitude"": ""114.112401"", ""latitude"": ""22.543339"", ""slow_count"": ""6"", ""fast_count"": ""0"", ""charge_count"": ""6"", ""TAZID"": ""1119""}"
1144,"深圳-2141","深圳市 · UrbanEV历史站点（详细地址未提供）",114.11246,22.651252,150,online,"2026-09-08 00:53:31",2141,"{""station_id"": ""2141"", ""longitude"": ""114.11246"", ""latitude"": ""22.651252"", ""slow_count"": ""6"", ""fast_count"": ""0"", ""charge_count"": ""6"", ""TAZID"": ""802""}"
1145,"深圳-2142","深圳市 · UrbanEV历史站点（详细地址未提供）",114.112605,22.595404,150,online,"2026-09-08 00:53:31",2142,"{""station_id"": ""2142"", ""longitude"": ""114.112605"", ""latitude"": ""22.595404"", ""slow_count"": ""12"", ""fast_count"": ""0"", ""charge_count"": ""12"", ""TAZID"": ""1164""}"
1146,"深圳-2143","深圳市 · UrbanEV历史站点（详细地址未提供）",114.112734,22.534084,150,online,"2026-09-08 00:53:31",2143,"{""station_id"": ""2143"", ""longitude"": ""114.112734"", ""latitude"": ""22.534084"", ""slow_count"": ""8"", ""fast_count"": ""0"", ""charge_count"": ""8"", ""TAZID"": ""1120""}"
1147,"深圳-2144","深圳市 · UrbanEV历史站点（详细地址未提供）",114.113351,22.649804,150,online,"2026-09-08 00:53:31",2144,"{""station_id"": ""2144"", ""longitude"": ""114.113351"", ""latitude"": ""22.649804"", ""slow_count"": ""6"", ""fast_count"": ""0"", ""charge_count"": ""6"", ""TAZID"": ""802""}"
1148,"深圳-2145","深圳市 · UrbanEV历史站点（详细地址未提供）",114.113831,22.53834,150,online,"2026-09-08 00:53:31",2145,"{""station_id"": ""2145"", ""longitude"": ""114.113831"", ""latitude"": ""22.53834"", ""slow_count"": ""6"", ""fast_count"": ""0"", ""charge_count"": ""6"", ""TAZID"": ""1119""}"
1149,"深圳-2146","深圳市 · UrbanEV历史站点（详细地址未提供）",114.113921,22.574039,150,online,"2026-09-08 00:53:31",2146,"{""station_id"": ""2146"", ""longitude"": ""114.113921"", ""latitude"": ""22.574039"", ""slow_count"": ""11"", ""fast_count"": ""0"", ""charge_count"": ""11"", ""TAZID"": ""115""}"
1150,"深圳-2147","深圳市 · UrbanEV历史站点（详细地址未提供）",114.114015,22.595637,150,online,"2026-09-08 00:53:31",2147,"{""station_id"": ""2147"", ""longitude"": ""114.114015"", ""latitude"": ""22.595637"", ""slow_count"": ""10"", ""fast_count"": ""0"", ""charge_count"": ""10"", ""TAZID"": ""1164""}"
1151,"深圳-2148","深圳市 · UrbanEV历史站点（详细地址未提供）",114.114493,22.543569,150,online,"2026-09-08 00:53:31",2148,"{""station_id"": ""2148"", ""longitude"": ""114.114493"", ""latitude"": ""22.543569"", ""slow_count"": ""32"", ""fast_count"": ""0"", ""charge_count"": ""32"", ""TAZID"": ""1119""}"
1152,"深圳-2149","深圳市 · UrbanEV历史站点（详细地址未提供）",114.114493,22.543569,150,online,"2026-09-08 00:53:31",2149,"{""station_id"": ""2149"", ""longitude"": ""114.114493"", ""latitude"": ""22.543569"", ""slow_count"": ""32"", ""fast_count"": ""0"", ""charge_count"": ""32"", ""TAZID"": ""1119""}"
1153,"深圳-2150","深圳市 · UrbanEV历史站点（详细地址未提供）",114.114584,22.611487,150,online,"2026-09-08 00:53:31",2150,"{""station_id"": ""2150"", ""longitude"": ""114.114584"", ""latitude"": ""22.611487"", ""slow_count"": ""4"", ""fast_count"": ""0"", ""charge_count"": ""4"", ""TAZID"": ""799""}"
1154,"深圳-2151","深圳市 · UrbanEV历史站点（详细地址未提供）",114.114883,22.650269,150,online,"2026-09-08 00:53:31",2151,"{""station_id"": ""2151"", ""longitude"": ""114.114883"", ""latitude"": ""22.650269"", ""slow_count"": ""34"", ""fast_count"": ""0"", ""charge_count"": ""34"", ""TAZID"": ""802""}"
1155,"深圳-2152","深圳市 · UrbanEV历史站点（详细地址未提供）",114.115226,22.534342,150,online,"2026-09-08 00:53:31",2152,"{""station_id"": ""2152"", ""longitude"": ""114.115226"", ""latitude"": ""22.534342"", ""slow_count"": ""8"", ""fast_count"": ""0"", ""charge_count"": ""8"", ""TAZID"": ""1119""}"
1156,"深圳-2153","深圳市 · UrbanEV历史站点（详细地址未提供）",114.115226,22.534342,150,online,"2026-09-08 00:53:31",2153,"{""station_id"": ""2153"", ""longitude"": ""114.115226"", ""latitude"": ""22.534342"", ""slow_count"": ""8"", ""fast_count"": ""0"", ""charge_count"": ""8"", ""TAZID"": ""1119""}"
1157,"深圳-2154","深圳市 · UrbanEV历史站点（详细地址未提供）",114.115531,22.536688,150,online,"2026-09-08 00:53:31",2154,"{""station_id"": ""2154"", ""longitude"": ""114.115531"", ""latitude"": ""22.536688"", ""slow_count"": ""6"", ""fast_count"": ""0"", ""charge_count"": ""6"", ""TAZID"": ""1119""}"
1158,"深圳-2155","深圳市 · UrbanEV历史站点（详细地址未提供）",114.115531,22.536688,150,online,"2026-09-08 00:53:31",2155,"{""station_id"": ""2155"", ""longitude"": ""114.115531"", ""latitude"": ""22.536688"", ""slow_count"": ""6"", ""fast_count"": ""0"", ""charge_count"": ""6"", ""TAZID"": ""1119""}"
1159,"深圳-2156","深圳市 · UrbanEV历史站点（详细地址未提供）",114.115588,22.6072,150,online,"2026-09-08 00:53:31",2156,"{""station_id"": ""2156"", ""longitude"": ""114.115588"", ""latitude"": ""22.6072"", ""slow_count"": ""6"", ""fast_count"": ""0"", ""charge_count"": ""6"", ""TAZID"": ""799""}"
1160,"深圳-2157","深圳市 · UrbanEV历史站点（详细地址未提供）",114.115894,22.656069,150,online,"2026-09-08 00:53:31",2157,"{""station_id"": ""2157"", ""longitude"": ""114.115894"", ""latitude"": ""22.656069"", ""slow_count"": ""12"", ""fast_count"": ""0"", ""charge_count"": ""12"", ""TAZID"": ""802""}"
1161,"深圳-2158","深圳市 · UrbanEV历史站点（详细地址未提供）",114.116112,22.607966,150,online,"2026-09-08 00:53:31",2158,"{""station_id"": ""2158"", ""longitude"": ""114.116112"", ""latitude"": ""22.607966"", ""slow_count"": ""9"", ""fast_count"": ""0"", ""charge_count"": ""9"", ""TAZID"": ""799""}"
1162,"深圳-2159","深圳市 · UrbanEV历史站点（详细地址未提供）",114.11624,22.558061,150,online,"2026-09-08 00:53:31",2159,"{""station_id"": ""2159"", ""longitude"": ""114.11624"", ""latitude"": ""22.558061"", ""slow_count"": ""2"", ""fast_count"": ""0"", ""charge_count"": ""2"", ""TAZID"": ""104""}"
1163,"深圳-2160","深圳市 · UrbanEV历史站点（详细地址未提供）",114.116405,22.574419,150,online,"2026-09-08 00:53:31",2160,"{""station_id"": ""2160"", ""longitude"": ""114.116405"", ""latitude"": ""22.574419"", ""slow_count"": ""12"", ""fast_count"": ""0"", ""charge_count"": ""12"", ""TAZID"": ""115""}"
1164,"深圳-2161","深圳市 · UrbanEV历史站点（详细地址未提供）",114.11661,22.579,150,online,"2026-09-08 00:53:31",2161,"{""station_id"": ""2161"", ""longitude"": ""114.11661"", ""latitude"": ""22.579"", ""slow_count"": ""43"", ""fast_count"": ""0"", ""charge_count"": ""43"", ""TAZID"": ""1137""}"
1165,"深圳-2162","深圳市 · UrbanEV历史站点（详细地址未提供）",114.11661,22.579,150,online,"2026-09-08 00:53:31",2162,"{""station_id"": ""2162"", ""longitude"": ""114.11661"", ""latitude"": ""22.579"", ""slow_count"": ""43"", ""fast_count"": ""0"", ""charge_count"": ""43"", ""TAZID"": ""1137""}"
1166,"深圳-2163","深圳市 · UrbanEV历史站点（详细地址未提供）",114.117133,22.606366,150,online,"2026-09-08 00:53:31",2163,"{""station_id"": ""2163"", ""longitude"": ""114.117133"", ""latitude"": ""22.606366"", ""slow_count"": ""34"", ""fast_count"": ""0"", ""charge_count"": ""34"", ""TAZID"": ""799""}"
1167,"深圳-2164","深圳市 · UrbanEV历史站点（详细地址未提供）",114.117167,22.648621,150,online,"2026-09-08 00:53:31",2164,"{""station_id"": ""2164"", ""longitude"": ""114.117167"", ""latitude"": ""22.648621"", ""slow_count"": ""12"", ""fast_count"": ""0"", ""charge_count"": ""12"", ""TAZID"": ""805""}"
1168,"深圳-2165","深圳市 · UrbanEV历史站点（详细地址未提供）",114.117286,22.54421,150,online,"2026-09-08 00:53:31",2165,"{""station_id"": ""2165"", ""longitude"": ""114.117286"", ""latitude"": ""22.54421"", ""slow_count"": ""1"", ""fast_count"": ""0"", ""charge_count"": ""1"", ""TAZID"": ""106""}"
1169,"深圳-2166","深圳市 · UrbanEV历史站点（详细地址未提供）",114.117329,22.613633,150,online,"2026-09-08 00:53:31",2166,"{""station_id"": ""2166"", ""longitude"": ""114.117329"", ""latitude"": ""22.613633"", ""slow_count"": ""24"", ""fast_count"": ""0"", ""charge_count"": ""24"", ""TAZID"": ""799""}"
1170,"深圳-2167","深圳市 · UrbanEV历史站点（详细地址未提供）",114.117989,22.535828,150,online,"2026-09-08 00:53:31",2167,"{""station_id"": ""2167"", ""longitude"": ""114.117989"", ""latitude"": ""22.535828"", ""slow_count"": ""10"", ""fast_count"": ""0"", ""charge_count"": ""10"", ""TAZID"": ""1119""}"
1171,"深圳-2168","深圳市 · UrbanEV历史站点（详细地址未提供）",114.11911,22.693393,150,online,"2026-09-08 00:53:31",2168,"{""station_id"": ""2168"", ""longitude"": ""114.11911"", ""latitude"": ""22.693393"", ""slow_count"": ""56"", ""fast_count"": ""0"", ""charge_count"": ""56"", ""TAZID"": ""809""}"
1172,"深圳-2169","深圳市 · UrbanEV历史站点（详细地址未提供）",114.119249,22.585026,150,online,"2026-09-08 00:53:31",2169,"{""station_id"": ""2169"", ""longitude"": ""114.119249"", ""latitude"": ""22.585026"", ""slow_count"": ""12"", ""fast_count"": ""0"", ""charge_count"": ""12"", ""TAZID"": ""1137""}"
1173,"深圳-2170","深圳市 · UrbanEV历史站点（详细地址未提供）",114.119255,22.537699,150,online,"2026-09-08 00:53:31",2170,"{""station_id"": ""2170"", ""longitude"": ""114.119255"", ""latitude"": ""22.537699"", ""slow_count"": ""20"", ""fast_count"": ""0"", ""charge_count"": ""20"", ""TAZID"": ""1119""}"
1174,"深圳-2171","深圳市 · UrbanEV历史站点（详细地址未提供）",114.119307,22.548148,150,online,"2026-09-08 00:53:31",2171,"{""station_id"": ""2171"", ""longitude"": ""114.119307"", ""latitude"": ""22.548148"", ""slow_count"": ""6"", ""fast_count"": ""0"", ""charge_count"": ""6"", ""TAZID"": ""105""}"
1175,"深圳-2172","深圳市 · UrbanEV历史站点（详细地址未提供）",114.119388,22.542734,150,online,"2026-09-08 00:53:31",2172,"{""station_id"": ""2172"", ""longitude"": ""114.119388"", ""latitude"": ""22.542734"", ""slow_count"": ""16"", ""fast_count"": ""0"", ""charge_count"": ""16"", ""TAZID"": ""106""}"
1176,"深圳-2173","深圳市 · UrbanEV历史站点（详细地址未提供）",114.119416,22.541244,150,online,"2026-09-08 00:53:31",2173,"{""station_id"": ""2173"", ""longitude"": ""114.119416"", ""latitude"": ""22.541244"", ""slow_count"": ""12"", ""fast_count"": ""0"", ""charge_count"": ""12"", ""TAZID"": ""1119""}"
1177,"深圳-2174","深圳市 · UrbanEV历史站点（详细地址未提供）",114.119416,22.541244,150,online,"2026-09-08 00:53:31",2174,"{""station_id"": ""2174"", ""longitude"": ""114.119416"", ""latitude"": ""22.541244"", ""slow_count"": ""20"", ""fast_count"": ""0"", ""charge_count"": ""20"", ""TAZID"": ""1119""}"
1178,"深圳-2175","深圳市 · UrbanEV历史站点（详细地址未提供）",114.119618,22.581101,150,online,"2026-09-08 00:53:31",2175,"{""station_id"": ""2175"", ""longitude"": ""114.119618"", ""latitude"": ""22.581101"", ""slow_count"": ""20"", ""fast_count"": ""0"", ""charge_count"": ""20"", ""TAZID"": ""1137""}"
1179,"深圳-2176","深圳市 · UrbanEV历史站点（详细地址未提供）",114.120011,22.543209,150,online,"2026-09-08 00:53:31",2176,"{""station_id"": ""2176"", ""longitude"": ""114.120011"", ""latitude"": ""22.543209"", ""slow_count"": ""1"", ""fast_count"": ""0"", ""charge_count"": ""1"", ""TAZID"": ""106""}"
1180,"深圳-2177","深圳市 · UrbanEV历史站点（详细地址未提供）",114.120024,22.555031,150,online,"2026-09-08 00:53:31",2177,"{""station_id"": ""2177"", ""longitude"": ""114.120024"", ""latitude"": ""22.555031"", ""slow_count"": ""4"", ""fast_count"": ""0"", ""charge_count"": ""4"", ""TAZID"": ""105""}"
1181,"深圳-2178","深圳市 · UrbanEV历史站点（详细地址未提供）",114.120186,22.55928,150,online,"2026-09-08 00:53:31",2178,"{""station_id"": ""2178"", ""longitude"": ""114.120186"", ""latitude"": ""22.55928"", ""slow_count"": ""9"", ""fast_count"": ""0"", ""charge_count"": ""9"", ""TAZID"": ""111""}"
1182,"深圳-2179","深圳市 · UrbanEV历史站点（详细地址未提供）",114.120191,22.555374,150,online,"2026-09-08 00:53:31",2179,"{""station_id"": ""2179"", ""longitude"": ""114.120191"", ""latitude"": ""22.555374"", ""slow_count"": ""4"", ""fast_count"": ""0"", ""charge_count"": ""4"", ""TAZID"": ""105""}"
1183,"深圳-2180","深圳市 · UrbanEV历史站点（详细地址未提供）",114.120259,22.681643,150,online,"2026-09-08 00:53:31",2180,"{""station_id"": ""2180"", ""longitude"": ""114.120259"", ""latitude"": ""22.681643"", ""slow_count"": ""0"", ""fast_count"": ""12"", ""charge_count"": ""12"", ""TAZID"": ""781""}"
1184,"深圳-2181","深圳市 · UrbanEV历史站点（详细地址未提供）",114.120259,22.681643,150,online,"2026-09-08 00:53:31",2181,"{""station_id"": ""2181"", ""longitude"": ""114.120259"", ""latitude"": ""22.681643"", ""slow_count"": ""0"", ""fast_count"": ""12"", ""charge_count"": ""12"", ""TAZID"": ""781""}"
1185,"深圳-2182","深圳市 · UrbanEV历史站点（详细地址未提供）",114.120443,22.547744,150,online,"2026-09-08 00:53:31",2182,"{""station_id"": ""2182"", ""longitude"": ""114.120443"", ""latitude"": ""22.547744"", ""slow_count"": ""6"", ""fast_count"": ""0"", ""charge_count"": ""6"", ""TAZID"": ""105""}"
1186,"深圳-2183","深圳市 · UrbanEV历史站点（详细地址未提供）",114.120736,22.684912,150,online,"2026-09-08 00:53:31",2183,"{""station_id"": ""2183"", ""longitude"": ""114.120736"", ""latitude"": ""22.684912"", ""slow_count"": ""6"", ""fast_count"": ""0"", ""charge_count"": ""6"", ""TAZID"": ""809""}"
1187,"深圳-2184","深圳市 · UrbanEV历史站点（详细地址未提供）",114.121059,22.597764,150,online,"2026-09-08 00:53:31",2184,"{""station_id"": ""2184"", ""longitude"": ""114.121059"", ""latitude"": ""22.597764"", ""slow_count"": ""4"", ""fast_count"": ""0"", ""charge_count"": ""4"", ""TAZID"": ""1164""}"
1188,"深圳-2185","深圳市 · UrbanEV历史站点（详细地址未提供）",114.121143,22.550343,150,online,"2026-09-08 00:53:31",2185,"{""station_id"": ""2185"", ""longitude"": ""114.121143"", ""latitude"": ""22.550343"", ""slow_count"": ""4"", ""fast_count"": ""0"", ""charge_count"": ""4"", ""TAZID"": ""105""}"
1189,"深圳-2186","深圳市 · UrbanEV历史站点（详细地址未提供）",114.121201,22.577544,150,online,"2026-09-08 00:53:31",2186,"{""station_id"": ""2186"", ""longitude"": ""114.121201"", ""latitude"": ""22.577544"", ""slow_count"": ""0"", ""fast_count"": ""87"", ""charge_count"": ""87"", ""TAZID"": ""1137""}"
1190,"深圳-2187","深圳市 · UrbanEV历史站点（详细地址未提供）",114.121201,22.577544,150,online,"2026-09-08 00:53:31",2187,"{""station_id"": ""2187"", ""longitude"": ""114.121201"", ""latitude"": ""22.577544"", ""slow_count"": ""0"", ""fast_count"": ""87"", ""charge_count"": ""87"", ""TAZID"": ""1137""}"
1191,"深圳-2188","深圳市 · UrbanEV历史站点（详细地址未提供）",114.121224,22.681845,150,online,"2026-09-08 00:53:31",2188,"{""station_id"": ""2188"", ""longitude"": ""114.121224"", ""latitude"": ""22.681845"", ""slow_count"": ""11"", ""fast_count"": ""0"", ""charge_count"": ""11"", ""TAZID"": ""781""}"
1192,"深圳-2189","深圳市 · UrbanEV历史站点（详细地址未提供）",114.121224,22.681845,150,online,"2026-09-08 00:53:31",2189,"{""station_id"": ""2189"", ""longitude"": ""114.121224"", ""latitude"": ""22.681845"", ""slow_count"": ""11"", ""fast_count"": ""0"", ""charge_count"": ""11"", ""TAZID"": ""781""}"
1193,"深圳-2190","深圳市 · UrbanEV历史站点（详细地址未提供）",114.121234,22.610245,150,online,"2026-09-08 00:53:31",2190,"{""station_id"": ""2190"", ""longitude"": ""114.121234"", ""latitude"": ""22.610245"", ""slow_count"": ""2"", ""fast_count"": ""12"", ""charge_count"": ""14"", ""TAZID"": ""799""}"
1194,"深圳-2191","深圳市 · UrbanEV历史站点（详细地址未提供）",114.121266,22.582333,150,online,"2026-09-08 00:53:31",2191,"{""station_id"": ""2191"", ""longitude"": ""114.121266"", ""latitude"": ""22.582333"", ""slow_count"": ""2"", ""fast_count"": ""0"", ""charge_count"": ""2"", ""TAZID"": ""1137""}"
1195,"深圳-2192","深圳市 · UrbanEV历史站点（详细地址未提供）",114.12136,22.533659,150,online,"2026-09-08 00:53:31",2192,"{""station_id"": ""2192"", ""longitude"": ""114.12136"", ""latitude"": ""22.533659"", ""slow_count"": ""6"", ""fast_count"": ""0"", ""charge_count"": ""6"", ""TAZID"": ""1119""}"
1196,"深圳-2193","深圳市 · UrbanEV历史站点（详细地址未提供）",114.121466,22.652676,150,online,"2026-09-08 00:53:31",2193,"{""station_id"": ""2193"", ""longitude"": ""114.121466"", ""latitude"": ""22.652676"", ""slow_count"": ""0"", ""fast_count"": ""28"", ""charge_count"": ""28"", ""TAZID"": ""805""}"
1197,"深圳-2194","深圳市 · UrbanEV历史站点（详细地址未提供）",114.121593,22.544974,150,online,"2026-09-08 00:53:31",2194,"{""station_id"": ""2194"", ""longitude"": ""114.121593"", ""latitude"": ""22.544974"", ""slow_count"": ""3"", ""fast_count"": ""0"", ""charge_count"": ""3"", ""TAZID"": ""106""}"
1198,"深圳-2195","深圳市 · UrbanEV历史站点（详细地址未提供）",114.12177,22.607928,150,online,"2026-09-08 00:53:31",2195,"{""station_id"": ""2195"", ""longitude"": ""114.12177"", ""latitude"": ""22.607928"", ""slow_count"": ""6"", ""fast_count"": ""0"", ""charge_count"": ""6"", ""TAZID"": ""1166""}"
1199,"深圳-2196","深圳市 · UrbanEV历史站点（详细地址未提供）",114.121773,22.59678,150,online,"2026-09-08 00:53:31",2196,"{""station_id"": ""2196"", ""longitude"": ""114.121773"", ""latitude"": ""22.59678"", ""slow_count"": ""6"", ""fast_count"": ""0"", ""charge_count"": ""6"", ""TAZID"": ""1164""}"
1200,"深圳-2197","深圳市 · UrbanEV历史站点（详细地址未提供）",114.121943,22.585337,150,online,"2026-09-08 00:53:31",2197,"{""station_id"": ""2197"", ""longitude"": ""114.121943"", ""latitude"": ""22.585337"", ""slow_count"": ""4"", ""fast_count"": ""0"", ""charge_count"": ""4"", ""TAZID"": ""1137""}"
1201,"深圳-2198","深圳市 · UrbanEV历史站点（详细地址未提供）",114.121985,22.586413,150,online,"2026-09-08 00:53:31",2198,"{""station_id"": ""2198"", ""longitude"": ""114.121985"", ""latitude"": ""22.586413"", ""slow_count"": ""12"", ""fast_count"": ""0"", ""charge_count"": ""12"", ""TAZID"": ""1137""}"
1202,"深圳-2199","深圳市 · UrbanEV历史站点（详细地址未提供）",114.12211,22.60597,150,online,"2026-09-08 00:53:31",2199,"{""station_id"": ""2199"", ""longitude"": ""114.12211"", ""latitude"": ""22.60597"", ""slow_count"": ""6"", ""fast_count"": ""0"", ""charge_count"": ""6"", ""TAZID"": ""1166""}"
1203,"深圳-2200","深圳市 · UrbanEV历史站点（详细地址未提供）",114.122204,22.549756,150,online,"2026-09-08 00:53:31",2200,"{""station_id"": ""2200"", ""longitude"": ""114.122204"", ""latitude"": ""22.549756"", ""slow_count"": ""6"", ""fast_count"": ""0"", ""charge_count"": ""6"", ""TAZID"": ""105""}"
1204,"深圳-2201","深圳市 · UrbanEV历史站点（详细地址未提供）",114.122269,22.541043,150,online,"2026-09-08 00:53:31",2201,"{""station_id"": ""2201"", ""longitude"": ""114.122269"", ""latitude"": ""22.541043"", ""slow_count"": ""12"", ""fast_count"": ""0"", ""charge_count"": ""12"", ""TAZID"": ""106""}"
1205,"深圳-2202","深圳市 · UrbanEV历史站点（详细地址未提供）",114.122505,22.536754,150,online,"2026-09-08 00:53:31",2202,"{""station_id"": ""2202"", ""longitude"": ""114.122505"", ""latitude"": ""22.536754"", ""slow_count"": ""7"", ""fast_count"": ""0"", ""charge_count"": ""7"", ""TAZID"": ""1119""}"
1206,"深圳-2203","深圳市 · UrbanEV历史站点（详细地址未提供）",114.122582,22.549527,150,online,"2026-09-08 00:53:31",2203,"{""station_id"": ""2203"", ""longitude"": ""114.122582"", ""latitude"": ""22.549527"", ""slow_count"": ""20"", ""fast_count"": ""0"", ""charge_count"": ""20"", ""TAZID"": ""105""}"
1207,"深圳-2204","深圳市 · UrbanEV历史站点（详细地址未提供）",114.122822,22.583215,150,online,"2026-09-08 00:53:31",2204,"{""station_id"": ""2204"", ""longitude"": ""114.122822"", ""latitude"": ""22.583215"", ""slow_count"": ""5"", ""fast_count"": ""0"", ""charge_count"": ""5"", ""TAZID"": ""1137""}"
1208,"深圳-2205","深圳市 · UrbanEV历史站点（详细地址未提供）",114.122837,22.542639,150,online,"2026-09-08 00:53:31",2205,"{""station_id"": ""2205"", ""longitude"": ""114.122837"", ""latitude"": ""22.542639"", ""slow_count"": ""60"", ""fast_count"": ""0"", ""charge_count"": ""60"", ""TAZID"": ""106""}"
1209,"深圳-2206","深圳市 · UrbanEV历史站点（详细地址未提供）",114.123166,22.551099,150,online,"2026-09-08 00:53:31",2206,"{""station_id"": ""2206"", ""longitude"": ""114.123166"", ""latitude"": ""22.551099"", ""slow_count"": ""6"", ""fast_count"": ""0"", ""charge_count"": ""6"", ""TAZID"": ""105""}"
1210,"深圳-2207","深圳市 · UrbanEV历史站点（详细地址未提供）",114.123217,22.595835,150,online,"2026-09-08 00:53:31",2207,"{""station_id"": ""2207"", ""longitude"": ""114.123217"", ""latitude"": ""22.595835"", ""slow_count"": ""3"", ""fast_count"": ""0"", ""charge_count"": ""3"", ""TAZID"": ""1164""}"
1211,"深圳-2208","深圳市 · UrbanEV历史站点（详细地址未提供）",114.123278,22.567738,150,online,"2026-09-08 00:53:31",2208,"{""station_id"": ""2208"", ""longitude"": ""114.123278"", ""latitude"": ""22.567738"", ""slow_count"": ""3"", ""fast_count"": ""0"", ""charge_count"": ""3"", ""TAZID"": ""1130""}"
1212,"深圳-2209","深圳市 · UrbanEV历史站点（详细地址未提供）",114.123417,22.568873,150,online,"2026-09-08 00:53:31",2209,"{""station_id"": ""2209"", ""longitude"": ""114.123417"", ""latitude"": ""22.568873"", ""slow_count"": ""5"", ""fast_count"": ""0"", ""charge_count"": ""5"", ""TAZID"": ""1130""}"
1213,"深圳-2210","深圳市 · UrbanEV历史站点（详细地址未提供）",114.123481,22.59271,150,online,"2026-09-08 00:53:31",2210,"{""station_id"": ""2210"", ""longitude"": ""114.123481"", ""latitude"": ""22.59271"", ""slow_count"": ""1"", ""fast_count"": ""0"", ""charge_count"": ""1"", ""TAZID"": ""1164""}"
1214,"深圳-2211","深圳市 · UrbanEV历史站点（详细地址未提供）",114.12361,22.54147,150,online,"2026-09-08 00:53:31",2211,"{""station_id"": ""2211"", ""longitude"": ""114.12361"", ""latitude"": ""22.54147"", ""slow_count"": ""4"", ""fast_count"": ""0"", ""charge_count"": ""4"", ""TAZID"": ""106""}"
1215,"深圳-2212","深圳市 · UrbanEV历史站点（详细地址未提供）",114.123727,22.551652,150,online,"2026-09-08 00:53:31",2212,"{""station_id"": ""2212"", ""longitude"": ""114.123727"", ""latitude"": ""22.551652"", ""slow_count"": ""18"", ""fast_count"": ""0"", ""charge_count"": ""18"", ""TAZID"": ""105""}"
1216,"深圳-2213","深圳市 · UrbanEV历史站点（详细地址未提供）",114.123872,22.594177,150,online,"2026-09-08 00:53:31",2213,"{""station_id"": ""2213"", ""longitude"": ""114.123872"", ""latitude"": ""22.594177"", ""slow_count"": ""6"", ""fast_count"": ""0"", ""charge_count"": ""6"", ""TAZID"": ""1164""}"
1217,"深圳-2214","深圳市 · UrbanEV历史站点（详细地址未提供）",114.124021,22.587754,150,online,"2026-09-08 00:53:31",2214,"{""station_id"": ""2214"", ""longitude"": ""114.124021"", ""latitude"": ""22.587754"", ""slow_count"": ""6"", ""fast_count"": ""0"", ""charge_count"": ""6"", ""TAZID"": ""1138""}"
1218,"深圳-2215","深圳市 · UrbanEV历史站点（详细地址未提供）",114.124197,22.575963,150,online,"2026-09-08 00:53:31",2215,"{""station_id"": ""2215"", ""longitude"": ""114.124197"", ""latitude"": ""22.575963"", ""slow_count"": ""6"", ""fast_count"": ""0"", ""charge_count"": ""6"", ""TAZID"": ""1134""}"
1219,"深圳-2216","深圳市 · UrbanEV历史站点（详细地址未提供）",114.124312,22.669333,150,online,"2026-09-08 00:53:31",2216,"{""station_id"": ""2216"", ""longitude"": ""114.124312"", ""latitude"": ""22.669333"", ""slow_count"": ""12"", ""fast_count"": ""0"", ""charge_count"": ""12"", ""TAZID"": ""781""}"
1220,"深圳-2217","深圳市 · UrbanEV历史站点（详细地址未提供）",114.124387,22.566256,150,online,"2026-09-08 00:53:31",2217,"{""station_id"": ""2217"", ""longitude"": ""114.124387"", ""latitude"": ""22.566256"", ""slow_count"": ""6"", ""fast_count"": ""0"", ""charge_count"": ""6"", ""TAZID"": ""1130""}"
1221,"深圳-2218","深圳市 · UrbanEV历史站点（详细地址未提供）",114.124433,22.696008,150,online,"2026-09-08 00:53:31",2218,"{""station_id"": ""2218"", ""longitude"": ""114.124433"", ""latitude"": ""22.696008"", ""slow_count"": ""6"", ""fast_count"": ""0"", ""charge_count"": ""6"", ""TAZID"": ""809""}"
1222,"深圳-2219","深圳市 · UrbanEV历史站点（详细地址未提供）",114.124449,22.596638,150,online,"2026-09-08 00:53:31",2219,"{""station_id"": ""2219"", ""longitude"": ""114.124449"", ""latitude"": ""22.596638"", ""slow_count"": ""2"", ""fast_count"": ""0"", ""charge_count"": ""2"", ""TAZID"": ""1164""}"
1223,"深圳-2220","深圳市 · UrbanEV历史站点（详细地址未提供）",114.124469,22.541225,150,online,"2026-09-08 00:53:31",2220,"{""station_id"": ""2220"", ""longitude"": ""114.124469"", ""latitude"": ""22.541225"", ""slow_count"": ""12"", ""fast_count"": ""0"", ""charge_count"": ""12"", ""TAZID"": ""106""}"
1224,"深圳-2221","深圳市 · UrbanEV历史站点（详细地址未提供）",114.124529,22.551752,150,online,"2026-09-08 00:53:31",2221,"{""station_id"": ""2221"", ""longitude"": ""114.124529"", ""latitude"": ""22.551752"", ""slow_count"": ""6"", ""fast_count"": ""0"", ""charge_count"": ""6"", ""TAZID"": ""105""}"
1225,"深圳-2222","深圳市 · UrbanEV历史站点（详细地址未提供）",114.124673,22.609673,150,online,"2026-09-08 00:53:31",2222,"{""station_id"": ""2222"", ""longitude"": ""114.124673"", ""latitude"": ""22.609673"", ""slow_count"": ""5"", ""fast_count"": ""0"", ""charge_count"": ""5"", ""TAZID"": ""1166""}"
1226,"深圳-2223","深圳市 · UrbanEV历史站点（详细地址未提供）",114.124704,22.667527,150,online,"2026-09-08 00:53:31",2223,"{""station_id"": ""2223"", ""longitude"": ""114.124704"", ""latitude"": ""22.667527"", ""slow_count"": ""97"", ""fast_count"": ""0"", ""charge_count"": ""97"", ""TAZID"": ""782""}"
1227,"深圳-2224","深圳市 · UrbanEV历史站点（详细地址未提供）",114.124796,22.594572,150,online,"2026-09-08 00:53:31",2224,"{""station_id"": ""2224"", ""longitude"": ""114.124796"", ""latitude"": ""22.594572"", ""slow_count"": ""4"", ""fast_count"": ""0"", ""charge_count"": ""4"", ""TAZID"": ""1164""}"
1228,"深圳-2225","深圳市 · UrbanEV历史站点（详细地址未提供）",114.124909,22.611117,150,online,"2026-09-08 00:53:31",2225,"{""station_id"": ""2225"", ""longitude"": ""114.124909"", ""latitude"": ""22.611117"", ""slow_count"": ""6"", ""fast_count"": ""0"", ""charge_count"": ""6"", ""TAZID"": ""799""}"
1229,"深圳-2226","深圳市 · UrbanEV历史站点（详细地址未提供）",114.124912,22.537577,150,online,"2026-09-08 00:53:31",2226,"{""station_id"": ""2226"", ""longitude"": ""114.124912"", ""latitude"": ""22.537577"", ""slow_count"": ""6"", ""fast_count"": ""0"", ""charge_count"": ""6"", ""TAZID"": ""1119""}"
1230,"深圳-2227","深圳市 · UrbanEV历史站点（详细地址未提供）",114.124983,22.587633,150,online,"2026-09-08 00:53:31",2227,"{""station_id"": ""2227"", ""longitude"": ""114.124983"", ""latitude"": ""22.587633"", ""slow_count"": ""10"", ""fast_count"": ""0"", ""charge_count"": ""10"", ""TAZID"": ""1137""}"
1231,"深圳-2228","深圳市 · UrbanEV历史站点（详细地址未提供）",114.124993,22.641906,150,online,"2026-09-08 00:53:31",2228,"{""station_id"": ""2228"", ""longitude"": ""114.124993"", ""latitude"": ""22.641906"", ""slow_count"": ""40"", ""fast_count"": ""0"", ""charge_count"": ""40"", ""TAZID"": ""804""}"
1232,"深圳-2229","深圳市 · UrbanEV历史站点（详细地址未提供）",114.124993,22.641906,150,online,"2026-09-08 00:53:31",2229,"{""station_id"": ""2229"", ""longitude"": ""114.124993"", ""latitude"": ""22.641906"", ""slow_count"": ""40"", ""fast_count"": ""0"", ""charge_count"": ""40"", ""TAZID"": ""804""}"
1233,"深圳-2230","深圳市 · UrbanEV历史站点（详细地址未提供）",114.125009,22.576101,150,online,"2026-09-08 00:53:31",2230,"{""station_id"": ""2230"", ""longitude"": ""114.125009"", ""latitude"": ""22.576101"", ""slow_count"": ""6"", ""fast_count"": ""0"", ""charge_count"": ""6"", ""TAZID"": ""1134""}"
1234,"深圳-2231","深圳市 · UrbanEV历史站点（详细地址未提供）",114.125015,22.550237,150,online,"2026-09-08 00:53:31",2231,"{""station_id"": ""2231"", ""longitude"": ""114.125015"", ""latitude"": ""22.550237"", ""slow_count"": ""6"", ""fast_count"": ""0"", ""charge_count"": ""6"", ""TAZID"": ""105""}"
1235,"深圳-2232","深圳市 · UrbanEV历史站点（详细地址未提供）",114.125083,22.55104,150,online,"2026-09-08 00:53:31",2232,"{""station_id"": ""2232"", ""longitude"": ""114.125083"", ""latitude"": ""22.55104"", ""slow_count"": ""7"", ""fast_count"": ""0"", ""charge_count"": ""7"", ""TAZID"": ""105""}"
1236,"深圳-2233","深圳市 · UrbanEV历史站点（详细地址未提供）",114.125263,22.591877,150,online,"2026-09-08 00:53:31",2233,"{""station_id"": ""2233"", ""longitude"": ""114.125263"", ""latitude"": ""22.591877"", ""slow_count"": ""0"", ""fast_count"": ""2"", ""charge_count"": ""2"", ""TAZID"": ""1167""}"
1237,"深圳-2234","深圳市 · UrbanEV历史站点（详细地址未提供）",114.125288,22.538149,150,online,"2026-09-08 00:53:31",2234,"{""station_id"": ""2234"", ""longitude"": ""114.125288"", ""latitude"": ""22.538149"", ""slow_count"": ""5"", ""fast_count"": ""0"", ""charge_count"": ""5"", ""TAZID"": ""106""}"
1238,"深圳-2235","深圳市 · UrbanEV历史站点（详细地址未提供）",114.125373,22.5775,150,online,"2026-09-08 00:53:31",2235,"{""station_id"": ""2235"", ""longitude"": ""114.125373"", ""latitude"": ""22.5775"", ""slow_count"": ""6"", ""fast_count"": ""0"", ""charge_count"": ""6"", ""TAZID"": ""1137""}"
1239,"深圳-2236","深圳市 · UrbanEV历史站点（详细地址未提供）",114.125901,22.614035,150,online,"2026-09-08 00:53:31",2236,"{""station_id"": ""2236"", ""longitude"": ""114.125901"", ""latitude"": ""22.614035"", ""slow_count"": ""12"", ""fast_count"": ""0"", ""charge_count"": ""12"", ""TAZID"": ""969""}"
1240,"深圳-2237","深圳市 · UrbanEV历史站点（详细地址未提供）",114.126081,22.577473,150,online,"2026-09-08 00:53:31",2237,"{""station_id"": ""2237"", ""longitude"": ""114.126081"", ""latitude"": ""22.577473"", ""slow_count"": ""6"", ""fast_count"": ""0"", ""charge_count"": ""6"", ""TAZID"": ""1137""}"
1241,"深圳-2238","深圳市 · UrbanEV历史站点（详细地址未提供）",114.126209,22.602562,150,online,"2026-09-08 00:53:31",2238,"{""station_id"": ""2238"", ""longitude"": ""114.126209"", ""latitude"": ""22.602562"", ""slow_count"": ""12"", ""fast_count"": ""0"", ""charge_count"": ""12"", ""TAZID"": ""1166""}"
1242,"深圳-2239","深圳市 · UrbanEV历史站点（详细地址未提供）",114.126261,22.592606,150,online,"2026-09-08 00:53:31",2239,"{""station_id"": ""2239"", ""longitude"": ""114.126261"", ""latitude"": ""22.592606"", ""slow_count"": ""0"", ""fast_count"": ""4"", ""charge_count"": ""4"", ""TAZID"": ""1167""}"
1243,"深圳-2240","深圳市 · UrbanEV历史站点（详细地址未提供）",114.126329,22.578417,150,online,"2026-09-08 00:53:31",2240,"{""station_id"": ""2240"", ""longitude"": ""114.126329"", ""latitude"": ""22.578417"", ""slow_count"": ""6"", ""fast_count"": ""0"", ""charge_count"": ""6"", ""TAZID"": ""1137""}"
1244,"深圳-2241","深圳市 · UrbanEV历史站点（详细地址未提供）",114.126468,22.565746,150,online,"2026-09-08 00:53:31",2241,"{""station_id"": ""2241"", ""longitude"": ""114.126468"", ""latitude"": ""22.565746"", ""slow_count"": ""6"", ""fast_count"": ""0"", ""charge_count"": ""6"", ""TAZID"": ""111""}"
1245,"深圳-2242","深圳市 · UrbanEV历史站点（详细地址未提供）",114.126695,22.540041,150,online,"2026-09-08 00:53:31",2242,"{""station_id"": ""2242"", ""longitude"": ""114.126695"", ""latitude"": ""22.540041"", ""slow_count"": ""12"", ""fast_count"": ""0"", ""charge_count"": ""12"", ""TAZID"": ""107""}"
1246,"深圳-2243","深圳市 · UrbanEV历史站点（详细地址未提供）",114.126728,22.562855,150,online,"2026-09-08 00:53:31",2243,"{""station_id"": ""2243"", ""longitude"": ""114.126728"", ""latitude"": ""22.562855"", ""slow_count"": ""6"", ""fast_count"": ""0"", ""charge_count"": ""6"", ""TAZID"": ""111""}"
1247,"深圳-2244","深圳市 · UrbanEV历史站点（详细地址未提供）",114.126831,22.590117,150,online,"2026-09-08 00:53:31",2244,"{""station_id"": ""2244"", ""longitude"": ""114.126831"", ""latitude"": ""22.590117"", ""slow_count"": ""10"", ""fast_count"": ""0"", ""charge_count"": ""10"", ""TAZID"": ""1167""}"
1248,"深圳-2245","深圳市 · UrbanEV历史站点（详细地址未提供）",114.126909,22.598395,150,online,"2026-09-08 00:53:31",2245,"{""station_id"": ""2245"", ""longitude"": ""114.126909"", ""latitude"": ""22.598395"", ""slow_count"": ""8"", ""fast_count"": ""0"", ""charge_count"": ""8"", ""TAZID"": ""1164""}"
1249,"深圳-2246","深圳市 · UrbanEV历史站点（详细地址未提供）",114.126979,22.576912,150,online,"2026-09-08 00:53:31",2246,"{""station_id"": ""2246"", ""longitude"": ""114.126979"", ""latitude"": ""22.576912"", ""slow_count"": ""6"", ""fast_count"": ""0"", ""charge_count"": ""6"", ""TAZID"": ""1134""}"
1250,"深圳-2247","深圳市 · UrbanEV历史站点（详细地址未提供）",114.126986,22.610517,150,online,"2026-09-08 00:53:31",2247,"{""station_id"": ""2247"", ""longitude"": ""114.126986"", ""latitude"": ""22.610517"", ""slow_count"": ""2"", ""fast_count"": ""0"", ""charge_count"": ""2"", ""TAZID"": ""1166""}"
1251,"深圳-2248","深圳市 · UrbanEV历史站点（详细地址未提供）",114.126988,22.602994,150,online,"2026-09-08 00:53:31",2248,"{""station_id"": ""2248"", ""longitude"": ""114.126988"", ""latitude"": ""22.602994"", ""slow_count"": ""5"", ""fast_count"": ""0"", ""charge_count"": ""5"", ""TAZID"": ""1166""}"
1252,"深圳-2249","深圳市 · UrbanEV历史站点（详细地址未提供）",114.126998,22.573115,150,online,"2026-09-08 00:53:31",2249,"{""station_id"": ""2249"", ""longitude"": ""114.126998"", ""latitude"": ""22.573115"", ""slow_count"": ""12"", ""fast_count"": ""0"", ""charge_count"": ""12"", ""TAZID"": ""1134""}"
1253,"深圳-2250","深圳市 · UrbanEV历史站点（详细地址未提供）",114.127054,22.543792,150,online,"2026-09-08 00:53:31",2250,"{""station_id"": ""2250"", ""longitude"": ""114.127054"", ""latitude"": ""22.543792"", ""slow_count"": ""2"", ""fast_count"": ""0"", ""charge_count"": ""2"", ""TAZID"": ""107""}"
1254,"深圳-2251","深圳市 · UrbanEV历史站点（详细地址未提供）",114.127089,22.56704,150,online,"2026-09-08 00:53:31",2251,"{""station_id"": ""2251"", ""longitude"": ""114.127089"", ""latitude"": ""22.56704"", ""slow_count"": ""6"", ""fast_count"": ""0"", ""charge_count"": ""6"", ""TAZID"": ""111""}"
1255,"深圳-2252","深圳市 · UrbanEV历史站点（详细地址未提供）",114.127111,22.550273,150,online,"2026-09-08 00:53:31",2252,"{""station_id"": ""2252"", ""longitude"": ""114.127111"", ""latitude"": ""22.550273"", ""slow_count"": ""6"", ""fast_count"": ""0"", ""charge_count"": ""6"", ""TAZID"": ""108""}"
1256,"深圳-2253","深圳市 · UrbanEV历史站点（详细地址未提供）",114.127148,22.553301,150,online,"2026-09-08 00:53:31",2253,"{""station_id"": ""2253"", ""longitude"": ""114.127148"", ""latitude"": ""22.553301"", ""slow_count"": ""6"", ""fast_count"": ""0"", ""charge_count"": ""6"", ""TAZID"": ""108""}"
1257,"深圳-2254","深圳市 · UrbanEV历史站点（详细地址未提供）",114.127152,22.612619,150,online,"2026-09-08 00:53:31",2254,"{""station_id"": ""2254"", ""longitude"": ""114.127152"", ""latitude"": ""22.612619"", ""slow_count"": ""6"", ""fast_count"": ""0"", ""charge_count"": ""6"", ""TAZID"": ""969""}"
1258,"深圳-2255","深圳市 · UrbanEV历史站点（详细地址未提供）",114.127307,22.5652,150,online,"2026-09-08 00:53:31",2255,"{""station_id"": ""2255"", ""longitude"": ""114.127307"", ""latitude"": ""22.5652"", ""slow_count"": ""9"", ""fast_count"": ""0"", ""charge_count"": ""9"", ""TAZID"": ""111""}"
1259,"深圳-2256","深圳市 · UrbanEV历史站点（详细地址未提供）",114.1275,22.549992,150,online,"2026-09-08 00:53:31",2256,"{""station_id"": ""2256"", ""longitude"": ""114.1275"", ""latitude"": ""22.549992"", ""slow_count"": ""6"", ""fast_count"": ""0"", ""charge_count"": ""6"", ""TAZID"": ""108""}"
1260,"深圳-2257","深圳市 · UrbanEV历史站点（详细地址未提供）",114.127579,22.625121,150,online,"2026-09-08 00:53:31",2257,"{""station_id"": ""2257"", ""longitude"": ""114.127579"", ""latitude"": ""22.625121"", ""slow_count"": ""14"", ""fast_count"": ""0"", ""charge_count"": ""14"", ""TAZID"": ""969""}"
1261,"深圳-2258","深圳市 · UrbanEV历史站点（详细地址未提供）",114.127665,22.53786,150,online,"2026-09-08 00:53:31",2258,"{""station_id"": ""2258"", ""longitude"": ""114.127665"", ""latitude"": ""22.53786"", ""slow_count"": ""9"", ""fast_count"": ""0"", ""charge_count"": ""9"", ""TAZID"": ""107""}"
1262,"深圳-2259","深圳市 · UrbanEV历史站点（详细地址未提供）",114.127726,22.597976,150,online,"2026-09-08 00:53:31",2259,"{""station_id"": ""2259"", ""longitude"": ""114.127726"", ""latitude"": ""22.597976"", ""slow_count"": ""12"", ""fast_count"": ""0"", ""charge_count"": ""12"", ""TAZID"": ""1164""}"
1263,"深圳-2260","深圳市 · UrbanEV历史站点（详细地址未提供）",114.127763,22.567324,150,online,"2026-09-08 00:53:31",2260,"{""station_id"": ""2260"", ""longitude"": ""114.127763"", ""latitude"": ""22.567324"", ""slow_count"": ""11"", ""fast_count"": ""0"", ""charge_count"": ""11"", ""TAZID"": ""111""}"
1264,"深圳-2261","深圳市 · UrbanEV历史站点（详细地址未提供）",114.127911,22.593046,150,online,"2026-09-08 00:53:31",2261,"{""station_id"": ""2261"", ""longitude"": ""114.127911"", ""latitude"": ""22.593046"", ""slow_count"": ""3"", ""fast_count"": ""0"", ""charge_count"": ""3"", ""TAZID"": ""1167""}"
1265,"深圳-2262","深圳市 · UrbanEV历史站点（详细地址未提供）",114.127926,22.577798,150,online,"2026-09-08 00:53:31",2262,"{""station_id"": ""2262"", ""longitude"": ""114.127926"", ""latitude"": ""22.577798"", ""slow_count"": ""4"", ""fast_count"": ""0"", ""charge_count"": ""4"", ""TAZID"": ""1137""}"
1266,"深圳-2263","深圳市 · UrbanEV历史站点（详细地址未提供）",114.127957,22.598743,150,online,"2026-09-08 00:53:31",2263,"{""station_id"": ""2263"", ""longitude"": ""114.127957"", ""latitude"": ""22.598743"", ""slow_count"": ""8"", ""fast_count"": ""0"", ""charge_count"": ""8"", ""TAZID"": ""1164""}"
1267,"深圳-2264","深圳市 · UrbanEV历史站点（详细地址未提供）",114.12807,22.570852,150,online,"2026-09-08 00:53:31",2264,"{""station_id"": ""2264"", ""longitude"": ""114.12807"", ""latitude"": ""22.570852"", ""slow_count"": ""10"", ""fast_count"": ""0"", ""charge_count"": ""10"", ""TAZID"": ""111""}"
1268,"深圳-2265","深圳市 · UrbanEV历史站点（详细地址未提供）",114.12822,22.570986,150,online,"2026-09-08 00:53:31",2265,"{""station_id"": ""2265"", ""longitude"": ""114.12822"", ""latitude"": ""22.570986"", ""slow_count"": ""12"", ""fast_count"": ""0"", ""charge_count"": ""12"", ""TAZID"": ""111""}"
1269,"深圳-2266","深圳市 · UrbanEV历史站点（详细地址未提供）",114.128365,22.547337,150,online,"2026-09-08 00:53:31",2266,"{""station_id"": ""2266"", ""longitude"": ""114.128365"", ""latitude"": ""22.547337"", ""slow_count"": ""6"", ""fast_count"": ""0"", ""charge_count"": ""6"", ""TAZID"": ""107""}"
1270,"深圳-2267","深圳市 · UrbanEV历史站点（详细地址未提供）",114.128481,22.571743,150,online,"2026-09-08 00:53:31",2267,"{""station_id"": ""2267"", ""longitude"": ""114.128481"", ""latitude"": ""22.571743"", ""slow_count"": ""10"", ""fast_count"": ""0"", ""charge_count"": ""10"", ""TAZID"": ""1134""}"
1271,"深圳-2268","深圳市 · UrbanEV历史站点（详细地址未提供）",114.128721,22.623946,150,online,"2026-09-08 00:53:31",2268,"{""station_id"": ""2268"", ""longitude"": ""114.128721"", ""latitude"": ""22.623946"", ""slow_count"": ""12"", ""fast_count"": ""0"", ""charge_count"": ""12"", ""TAZID"": ""969""}"
1272,"深圳-2269","深圳市 · UrbanEV历史站点（详细地址未提供）",114.128861,22.598809,150,online,"2026-09-08 00:53:31",2269,"{""station_id"": ""2269"", ""longitude"": ""114.128861"", ""latitude"": ""22.598809"", ""slow_count"": ""15"", ""fast_count"": ""0"", ""charge_count"": ""15"", ""TAZID"": ""1164""}"
1273,"深圳-2270","深圳市 · UrbanEV历史站点（详细地址未提供）",114.129022,22.572176,150,online,"2026-09-08 00:53:31",2270,"{""station_id"": ""2270"", ""longitude"": ""114.129022"", ""latitude"": ""22.572176"", ""slow_count"": ""6"", ""fast_count"": ""0"", ""charge_count"": ""6"", ""TAZID"": ""1134""}"
1274,"深圳-2271","深圳市 · UrbanEV历史站点（详细地址未提供）",114.129048,22.56207,150,online,"2026-09-08 00:53:31",2271,"{""station_id"": ""2271"", ""longitude"": ""114.129048"", ""latitude"": ""22.56207"", ""slow_count"": ""6"", ""fast_count"": ""0"", ""charge_count"": ""6"", ""TAZID"": ""111""}"
1275,"深圳-2272","深圳市 · UrbanEV历史站点（详细地址未提供）",114.129235,22.559604,150,online,"2026-09-08 00:53:31",2272,"{""station_id"": ""2272"", ""longitude"": ""114.129235"", ""latitude"": ""22.559604"", ""slow_count"": ""6"", ""fast_count"": ""0"", ""charge_count"": ""6"", ""TAZID"": ""111""}"
1276,"深圳-2273","深圳市 · UrbanEV历史站点（详细地址未提供）",114.129661,22.697634,150,online,"2026-09-08 00:53:31",2273,"{""station_id"": ""2273"", ""longitude"": ""114.129661"", ""latitude"": ""22.697634"", ""slow_count"": ""10"", ""fast_count"": ""0"", ""charge_count"": ""10"", ""TAZID"": ""786""}"
1277,"深圳-2274","深圳市 · UrbanEV历史站点（详细地址未提供）",114.129702,22.573866,150,online,"2026-09-08 00:53:31",2274,"{""station_id"": ""2274"", ""longitude"": ""114.129702"", ""latitude"": ""22.573866"", ""slow_count"": ""6"", ""fast_count"": ""0"", ""charge_count"": ""6"", ""TAZID"": ""1134""}"
1278,"深圳-2275","深圳市 · UrbanEV历史站点（详细地址未提供）",114.129753,22.610624,150,online,"2026-09-08 00:53:31",2275,"{""station_id"": ""2275"", ""longitude"": ""114.129753"", ""latitude"": ""22.610624"", ""slow_count"": ""6"", ""fast_count"": ""0"", ""charge_count"": ""6"", ""TAZID"": ""1166""}"
1279,"深圳-2276","深圳市 · UrbanEV历史站点（详细地址未提供）",114.129981,22.540382,150,online,"2026-09-08 00:53:31",2276,"{""station_id"": ""2276"", ""longitude"": ""114.129981"", ""latitude"": ""22.540382"", ""slow_count"": ""12"", ""fast_count"": ""0"", ""charge_count"": ""12"", ""TAZID"": ""107""}"
1280,"深圳-2277","深圳市 · UrbanEV历史站点（详细地址未提供）",114.130016,22.602071,150,online,"2026-09-08 00:53:31",2277,"{""station_id"": ""2277"", ""longitude"": ""114.130016"", ""latitude"": ""22.602071"", ""slow_count"": ""22"", ""fast_count"": ""0"", ""charge_count"": ""22"", ""TAZID"": ""1166""}"
1281,"深圳-2278","深圳市 · UrbanEV历史站点（详细地址未提供）",114.130084,22.55229,150,online,"2026-09-08 00:53:31",2278,"{""station_id"": ""2278"", ""longitude"": ""114.130084"", ""latitude"": ""22.55229"", ""slow_count"": ""9"", ""fast_count"": ""0"", ""charge_count"": ""9"", ""TAZID"": ""108""}"
1282,"深圳-2279","深圳市 · UrbanEV历史站点（详细地址未提供）",114.130265,22.551492,150,online,"2026-09-08 00:53:31",2279,"{""station_id"": ""2279"", ""longitude"": ""114.130265"", ""latitude"": ""22.551492"", ""slow_count"": ""6"", ""fast_count"": ""0"", ""charge_count"": ""6"", ""TAZID"": ""108""}"
1283,"深圳-2280","深圳市 · UrbanEV历史站点（详细地址未提供）",114.130297,22.586247,150,online,"2026-09-08 00:53:31",2280,"{""station_id"": ""2280"", ""longitude"": ""114.130297"", ""latitude"": ""22.586247"", ""slow_count"": ""4"", ""fast_count"": ""0"", ""charge_count"": ""4"", ""TAZID"": ""1135""}"
1284,"深圳-2281","深圳市 · UrbanEV历史站点（详细地址未提供）",114.130425,22.624973,150,online,"2026-09-08 00:53:31",2281,"{""station_id"": ""2281"", ""longitude"": ""114.130425"", ""latitude"": ""22.624973"", ""slow_count"": ""6"", ""fast_count"": ""0"", ""charge_count"": ""6"", ""TAZID"": ""969""}"
1285,"深圳-2282","深圳市 · UrbanEV历史站点（详细地址未提供）",114.130531,22.548873,150,online,"2026-09-08 00:53:31",2282,"{""station_id"": ""2282"", ""longitude"": ""114.130531"", ""latitude"": ""22.548873"", ""slow_count"": ""6"", ""fast_count"": ""0"", ""charge_count"": ""6"", ""TAZID"": ""107""}"
1286,"深圳-2283","深圳市 · UrbanEV历史站点（详细地址未提供）",114.130863,22.593816,150,online,"2026-09-08 00:53:31",2283,"{""station_id"": ""2283"", ""longitude"": ""114.130863"", ""latitude"": ""22.593816"", ""slow_count"": ""13"", ""fast_count"": ""0"", ""charge_count"": ""13"", ""TAZID"": ""1167""}"
1287,"深圳-2284","深圳市 · UrbanEV历史站点（详细地址未提供）",114.131059,22.551252,150,online,"2026-09-08 00:53:31",2284,"{""station_id"": ""2284"", ""longitude"": ""114.131059"", ""latitude"": ""22.551252"", ""slow_count"": ""6"", ""fast_count"": ""0"", ""charge_count"": ""6"", ""TAZID"": ""108""}"
1288,"深圳-2285","深圳市 · UrbanEV历史站点（详细地址未提供）",114.13163,22.607267,150,online,"2026-09-08 00:53:31",2285,"{""station_id"": ""2285"", ""longitude"": ""114.13163"", ""latitude"": ""22.607267"", ""slow_count"": ""40"", ""fast_count"": ""0"", ""charge_count"": ""40"", ""TAZID"": ""1166""}"
1289,"深圳-2286","深圳市 · UrbanEV历史站点（详细地址未提供）",114.13163,22.607267,150,online,"2026-09-08 00:53:31",2286,"{""station_id"": ""2286"", ""longitude"": ""114.13163"", ""latitude"": ""22.607267"", ""slow_count"": ""40"", ""fast_count"": ""0"", ""charge_count"": ""40"", ""TAZID"": ""1166""}"
1290,"深圳-2287","深圳市 · UrbanEV历史站点（详细地址未提供）",114.131835,22.594494,150,online,"2026-09-08 00:53:31",2287,"{""station_id"": ""2287"", ""longitude"": ""114.131835"", ""latitude"": ""22.594494"", ""slow_count"": ""24"", ""fast_count"": ""0"", ""charge_count"": ""24"", ""TAZID"": ""1167""}"
1291,"深圳-2288","深圳市 · UrbanEV历史站点（详细地址未提供）",114.131896,22.541298,150,online,"2026-09-08 00:53:31",2288,"{""station_id"": ""2288"", ""longitude"": ""114.131896"", ""latitude"": ""22.541298"", ""slow_count"": ""12"", ""fast_count"": ""0"", ""charge_count"": ""12"", ""TAZID"": ""107""}"
1292,"深圳-2289","深圳市 · UrbanEV历史站点（详细地址未提供）",114.132008,22.591237,150,online,"2026-09-08 00:53:31",2289,"{""station_id"": ""2289"", ""longitude"": ""114.132008"", ""latitude"": ""22.591237"", ""slow_count"": ""24"", ""fast_count"": ""0"", ""charge_count"": ""24"", ""TAZID"": ""1167""}"
1293,"深圳-2290","深圳市 · UrbanEV历史站点（详细地址未提供）",114.132647,22.566642,150,online,"2026-09-08 00:53:31",2290,"{""station_id"": ""2290"", ""longitude"": ""114.132647"", ""latitude"": ""22.566642"", ""slow_count"": ""4"", ""fast_count"": ""0"", ""charge_count"": ""4"", ""TAZID"": ""111""}"
1294,"深圳-2291","深圳市 · UrbanEV历史站点（详细地址未提供）",114.13345,22.546389,150,online,"2026-09-08 00:53:31",2291,"{""station_id"": ""2291"", ""longitude"": ""114.13345"", ""latitude"": ""22.546389"", ""slow_count"": ""5"", ""fast_count"": ""2"", ""charge_count"": ""7"", ""TAZID"": ""107""}"
1295,"深圳-2292","深圳市 · UrbanEV历史站点（详细地址未提供）",114.13345,22.546389,150,online,"2026-09-08 00:53:31",2292,"{""station_id"": ""2292"", ""longitude"": ""114.13345"", ""latitude"": ""22.546389"", ""slow_count"": ""5"", ""fast_count"": ""2"", ""charge_count"": ""7"", ""TAZID"": ""107""}"
1296,"深圳-2293","深圳市 · UrbanEV历史站点（详细地址未提供）",114.134147,22.574122,150,online,"2026-09-08 00:53:31",2293,"{""station_id"": ""2293"", ""longitude"": ""114.134147"", ""latitude"": ""22.574122"", ""slow_count"": ""6"", ""fast_count"": ""0"", ""charge_count"": ""6"", ""TAZID"": ""1134""}"
1297,"深圳-2294","深圳市 · UrbanEV历史站点（详细地址未提供）",114.134172,22.582067,150,online,"2026-09-08 00:53:31",2294,"{""station_id"": ""2294"", ""longitude"": ""114.134172"", ""latitude"": ""22.582067"", ""slow_count"": ""12"", ""fast_count"": ""0"", ""charge_count"": ""12"", ""TAZID"": ""1135""}"
1298,"深圳-2295","深圳市 · UrbanEV历史站点（详细地址未提供）",114.134341,22.700154,150,online,"2026-09-08 00:53:31",2295,"{""station_id"": ""2295"", ""longitude"": ""114.134341"", ""latitude"": ""22.700154"", ""slow_count"": ""10"", ""fast_count"": ""0"", ""charge_count"": ""10"", ""TAZID"": ""777""}"
1299,"深圳-2296","深圳市 · UrbanEV历史站点（详细地址未提供）",114.135152,22.606852,150,online,"2026-09-08 00:53:31",2296,"{""station_id"": ""2296"", ""longitude"": ""114.135152"", ""latitude"": ""22.606852"", ""slow_count"": ""11"", ""fast_count"": ""0"", ""charge_count"": ""11"", ""TAZID"": ""1166""}"
1300,"深圳-2297","深圳市 · UrbanEV历史站点（详细地址未提供）",114.135157,22.681539,150,online,"2026-09-08 00:53:31",2297,"{""station_id"": ""2297"", ""longitude"": ""114.135157"", ""latitude"": ""22.681539"", ""slow_count"": ""0"", ""fast_count"": ""8"", ""charge_count"": ""8"", ""TAZID"": ""784""}"
1301,"深圳-2298","深圳市 · UrbanEV历史站点（详细地址未提供）",114.135157,22.681539,150,online,"2026-09-08 00:53:31",2298,"{""station_id"": ""2298"", ""longitude"": ""114.135157"", ""latitude"": ""22.681539"", ""slow_count"": ""0"", ""fast_count"": ""8"", ""charge_count"": ""8"", ""TAZID"": ""784""}"
1302,"深圳-2299","深圳市 · UrbanEV历史站点（详细地址未提供）",114.135713,22.54308,150,online,"2026-09-08 00:53:31",2299,"{""station_id"": ""2299"", ""longitude"": ""114.135713"", ""latitude"": ""22.54308"", ""slow_count"": ""8"", ""fast_count"": ""0"", ""charge_count"": ""8"", ""TAZID"": ""107""}"
1303,"深圳-2300","深圳市 · UrbanEV历史站点（详细地址未提供）",114.135737,22.606588,150,online,"2026-09-08 00:53:31",2300,"{""station_id"": ""2300"", ""longitude"": ""114.135737"", ""latitude"": ""22.606588"", ""slow_count"": ""6"", ""fast_count"": ""0"", ""charge_count"": ""6"", ""TAZID"": ""1166""}"
1304,"深圳-2301","深圳市 · UrbanEV历史站点（详细地址未提供）",114.13591,22.646368,150,online,"2026-09-08 00:53:31",2301,"{""station_id"": ""2301"", ""longitude"": ""114.13591"", ""latitude"": ""22.646368"", ""slow_count"": ""0"", ""fast_count"": ""7"", ""charge_count"": ""7"", ""TAZID"": ""804""}"
1305,"深圳-2302","深圳市 · UrbanEV历史站点（详细地址未提供）",114.135914,22.546632,150,online,"2026-09-08 00:53:31",2302,"{""station_id"": ""2302"", ""longitude"": ""114.135914"", ""latitude"": ""22.546632"", ""slow_count"": ""11"", ""fast_count"": ""0"", ""charge_count"": ""11"", ""TAZID"": ""110""}"
1306,"深圳-2303","深圳市 · UrbanEV历史站点（详细地址未提供）",114.135914,22.546632,150,online,"2026-09-08 00:53:31",2303,"{""station_id"": ""2303"", ""longitude"": ""114.135914"", ""latitude"": ""22.546632"", ""slow_count"": ""11"", ""fast_count"": ""0"", ""charge_count"": ""11"", ""TAZID"": ""110""}"
1307,"深圳-2304","深圳市 · UrbanEV历史站点（详细地址未提供）",114.136194,22.625702,150,online,"2026-09-08 00:53:31",2304,"{""station_id"": ""2304"", ""longitude"": ""114.136194"", ""latitude"": ""22.625702"", ""slow_count"": ""18"", ""fast_count"": ""0"", ""charge_count"": ""18"", ""TAZID"": ""972""}"
1308,"深圳-2305","深圳市 · UrbanEV历史站点（详细地址未提供）",114.136688,22.578378,150,online,"2026-09-08 00:53:31",2305,"{""station_id"": ""2305"", ""longitude"": ""114.136688"", ""latitude"": ""22.578378"", ""slow_count"": ""6"", ""fast_count"": ""0"", ""charge_count"": ""6"", ""TAZID"": ""1135""}"
1309,"深圳-2306","深圳市 · UrbanEV历史站点（详细地址未提供）",114.137044,22.583252,150,online,"2026-09-08 00:53:31",2306,"{""station_id"": ""2306"", ""longitude"": ""114.137044"", ""latitude"": ""22.583252"", ""slow_count"": ""12"", ""fast_count"": ""0"", ""charge_count"": ""12"", ""TAZID"": ""1135""}"
1310,"深圳-2307","深圳市 · UrbanEV历史站点（详细地址未提供）",114.137048,22.62608,150,online,"2026-09-08 00:53:31",2307,"{""station_id"": ""2307"", ""longitude"": ""114.137048"", ""latitude"": ""22.62608"", ""slow_count"": ""10"", ""fast_count"": ""0"", ""charge_count"": ""10"", ""TAZID"": ""972""}"
1311,"深圳-2308","深圳市 · UrbanEV历史站点（详细地址未提供）",114.137096,22.626471,150,online,"2026-09-08 00:53:31",2308,"{""station_id"": ""2308"", ""longitude"": ""114.137096"", ""latitude"": ""22.626471"", ""slow_count"": ""10"", ""fast_count"": ""0"", ""charge_count"": ""10"", ""TAZID"": ""972""}"
1312,"深圳-2309","深圳市 · UrbanEV历史站点（详细地址未提供）",114.13733,22.542171,150,online,"2026-09-08 00:53:31",2309,"{""station_id"": ""2309"", ""longitude"": ""114.13733"", ""latitude"": ""22.542171"", ""slow_count"": ""4"", ""fast_count"": ""0"", ""charge_count"": ""4"", ""TAZID"": ""107""}"
1313,"深圳-2310","深圳市 · UrbanEV历史站点（详细地址未提供）",114.137335,22.562451,150,online,"2026-09-08 00:53:31",2310,"{""station_id"": ""2310"", ""longitude"": ""114.137335"", ""latitude"": ""22.562451"", ""slow_count"": ""6"", ""fast_count"": ""0"", ""charge_count"": ""6"", ""TAZID"": ""109""}"
1314,"深圳-2311","深圳市 · UrbanEV历史站点（详细地址未提供）",114.137379,22.541007,150,online,"2026-09-08 00:53:31",2311,"{""station_id"": ""2311"", ""longitude"": ""114.137379"", ""latitude"": ""22.541007"", ""slow_count"": ""10"", ""fast_count"": ""0"", ""charge_count"": ""10"", ""TAZID"": ""107""}"
1315,"深圳-2312","深圳市 · UrbanEV历史站点（详细地址未提供）",114.138043,22.584809,150,online,"2026-09-08 00:53:31",2312,"{""station_id"": ""2312"", ""longitude"": ""114.138043"", ""latitude"": ""22.584809"", ""slow_count"": ""6"", ""fast_count"": ""0"", ""charge_count"": ""6"", ""TAZID"": ""1135""}"
1316,"深圳-2313","深圳市 · UrbanEV历史站点（详细地址未提供）",114.138337,22.700087,150,online,"2026-09-08 00:53:31",2313,"{""station_id"": ""2313"", ""longitude"": ""114.138337"", ""latitude"": ""22.700087"", ""slow_count"": ""5"", ""fast_count"": ""0"", ""charge_count"": ""5"", ""TAZID"": ""777""}"
1317,"深圳-2314","深圳市 · UrbanEV历史站点（详细地址未提供）",114.138345,22.612226,150,online,"2026-09-08 00:53:31",2314,"{""station_id"": ""2314"", ""longitude"": ""114.138345"", ""latitude"": ""22.612226"", ""slow_count"": ""36"", ""fast_count"": ""0"", ""charge_count"": ""36"", ""TAZID"": ""974""}"
1318,"深圳-2315","深圳市 · UrbanEV历史站点（详细地址未提供）",114.138345,22.612226,150,online,"2026-09-08 00:53:31",2315,"{""station_id"": ""2315"", ""longitude"": ""114.138345"", ""latitude"": ""22.612226"", ""slow_count"": ""36"", ""fast_count"": ""0"", ""charge_count"": ""36"", ""TAZID"": ""974""}"
1319,"深圳-2316","深圳市 · UrbanEV历史站点（详细地址未提供）",114.138995,22.580591,150,online,"2026-09-08 00:53:31",2316,"{""station_id"": ""2316"", ""longitude"": ""114.138995"", ""latitude"": ""22.580591"", ""slow_count"": ""8"", ""fast_count"": ""0"", ""charge_count"": ""8"", ""TAZID"": ""1135""}"
1320,"深圳-2317","深圳市 · UrbanEV历史站点（详细地址未提供）",114.139536,22.617098,150,online,"2026-09-08 00:53:31",2317,"{""station_id"": ""2317"", ""longitude"": ""114.139536"", ""latitude"": ""22.617098"", ""slow_count"": ""18"", ""fast_count"": ""0"", ""charge_count"": ""18"", ""TAZID"": ""974""}"
1321,"深圳-2318","深圳市 · UrbanEV历史站点（详细地址未提供）",114.139728,22.563993,150,online,"2026-09-08 00:53:31",2318,"{""station_id"": ""2318"", ""longitude"": ""114.139728"", ""latitude"": ""22.563993"", ""slow_count"": ""5"", ""fast_count"": ""0"", ""charge_count"": ""5"", ""TAZID"": ""109""}"
1322,"深圳-2319","深圳市 · UrbanEV历史站点（详细地址未提供）",114.14036,22.618235,150,online,"2026-09-08 00:53:31",2319,"{""station_id"": ""2319"", ""longitude"": ""114.14036"", ""latitude"": ""22.618235"", ""slow_count"": ""6"", ""fast_count"": ""0"", ""charge_count"": ""6"", ""TAZID"": ""974""}"
1323,"深圳-2320","深圳市 · UrbanEV历史站点（详细地址未提供）",114.140841,22.695284,150,online,"2026-09-08 00:53:31",2320,"{""station_id"": ""2320"", ""longitude"": ""114.140841"", ""latitude"": ""22.695284"", ""slow_count"": ""12"", ""fast_count"": ""0"", ""charge_count"": ""12"", ""TAZID"": ""777""}"
1324,"深圳-2321","深圳市 · UrbanEV历史站点（详细地址未提供）",114.140877,22.625511,150,online,"2026-09-08 00:53:31",2321,"{""station_id"": ""2321"", ""longitude"": ""114.140877"", ""latitude"": ""22.625511"", ""slow_count"": ""25"", ""fast_count"": ""0"", ""charge_count"": ""25"", ""TAZID"": ""972""}"
1325,"深圳-2322","深圳市 · UrbanEV历史站点（详细地址未提供）",114.140972,22.614081,150,online,"2026-09-08 00:53:31",2322,"{""station_id"": ""2322"", ""longitude"": ""114.140972"", ""latitude"": ""22.614081"", ""slow_count"": ""6"", ""fast_count"": ""0"", ""charge_count"": ""6"", ""TAZID"": ""974""}"
1326,"深圳-2323","深圳市 · UrbanEV历史站点（详细地址未提供）",114.141123,22.581157,150,online,"2026-09-08 00:53:31",2323,"{""station_id"": ""2323"", ""longitude"": ""114.141123"", ""latitude"": ""22.581157"", ""slow_count"": ""6"", ""fast_count"": ""0"", ""charge_count"": ""6"", ""TAZID"": ""123""}"
1327,"深圳-2324","深圳市 · UrbanEV历史站点（详细地址未提供）",114.141152,22.623967,150,online,"2026-09-08 00:53:31",2324,"{""station_id"": ""2324"", ""longitude"": ""114.141152"", ""latitude"": ""22.623967"", ""slow_count"": ""12"", ""fast_count"": ""0"", ""charge_count"": ""12"", ""TAZID"": ""972""}"
1328,"深圳-2325","深圳市 · UrbanEV历史站点（详细地址未提供）",114.141554,22.712034,150,online,"2026-09-08 00:53:31",2325,"{""station_id"": ""2325"", ""longitude"": ""114.141554"", ""latitude"": ""22.712034"", ""slow_count"": ""0"", ""fast_count"": ""60"", ""charge_count"": ""60"", ""TAZID"": ""777""}"
1329,"深圳-2326","深圳市 · UrbanEV历史站点（详细地址未提供）",114.141554,22.712034,150,online,"2026-09-08 00:53:31",2326,"{""station_id"": ""2326"", ""longitude"": ""114.141554"", ""latitude"": ""22.712034"", ""slow_count"": ""0"", ""fast_count"": ""60"", ""charge_count"": ""60"", ""TAZID"": ""777""}"
1330,"深圳-2327","深圳市 · UrbanEV历史站点（详细地址未提供）",114.141662,22.561583,150,online,"2026-09-08 00:53:31",2327,"{""station_id"": ""2327"", ""longitude"": ""114.141662"", ""latitude"": ""22.561583"", ""slow_count"": ""6"", ""fast_count"": ""0"", ""charge_count"": ""6"", ""TAZID"": ""109""}"
1331,"深圳-2328","深圳市 · UrbanEV历史站点（详细地址未提供）",114.141997,22.621988,150,online,"2026-09-08 00:53:31",2328,"{""station_id"": ""2328"", ""longitude"": ""114.141997"", ""latitude"": ""22.621988"", ""slow_count"": ""12"", ""fast_count"": ""0"", ""charge_count"": ""12"", ""TAZID"": ""974""}"
1332,"深圳-2329","深圳市 · UrbanEV历史站点（详细地址未提供）",114.142001,22.562021,150,online,"2026-09-08 00:53:31",2329,"{""station_id"": ""2329"", ""longitude"": ""114.142001"", ""latitude"": ""22.562021"", ""slow_count"": ""10"", ""fast_count"": ""0"", ""charge_count"": ""10"", ""TAZID"": ""109""}"
1333,"深圳-2330","深圳市 · UrbanEV历史站点（详细地址未提供）",114.14202,22.55538,150,online,"2026-09-08 00:53:31",2330,"{""station_id"": ""2330"", ""longitude"": ""114.14202"", ""latitude"": ""22.55538"", ""slow_count"": ""6"", ""fast_count"": ""0"", ""charge_count"": ""6"", ""TAZID"": ""110""}"
1334,"深圳-2331","深圳市 · UrbanEV历史站点（详细地址未提供）",114.142112,22.712706,150,online,"2026-09-08 00:53:31",2331,"{""station_id"": ""2331"", ""longitude"": ""114.142112"", ""latitude"": ""22.712706"", ""slow_count"": ""0"", ""fast_count"": ""20"", ""charge_count"": ""20"", ""TAZID"": ""777""}"
1335,"深圳-2332","深圳市 · UrbanEV历史站点（详细地址未提供）",114.142112,22.712706,150,online,"2026-09-08 00:53:31",2332,"{""station_id"": ""2332"", ""longitude"": ""114.142112"", ""latitude"": ""22.712706"", ""slow_count"": ""0"", ""fast_count"": ""20"", ""charge_count"": ""20"", ""TAZID"": ""777""}"
1336,"深圳-2333","深圳市 · UrbanEV历史站点（详细地址未提供）",114.142375,22.581459,150,online,"2026-09-08 00:53:31",2333,"{""station_id"": ""2333"", ""longitude"": ""114.142375"", ""latitude"": ""22.581459"", ""slow_count"": ""12"", ""fast_count"": ""0"", ""charge_count"": ""12"", ""TAZID"": ""123""}"
1337,"深圳-2334","深圳市 · UrbanEV历史站点（详细地址未提供）",114.142569,22.547743,150,online,"2026-09-08 00:53:31",2334,"{""station_id"": ""2334"", ""longitude"": ""114.142569"", ""latitude"": ""22.547743"", ""slow_count"": ""23"", ""fast_count"": ""0"", ""charge_count"": ""23"", ""TAZID"": ""110""}"
1338,"深圳-2335","深圳市 · UrbanEV历史站点（详细地址未提供）",114.142704,22.547473,150,online,"2026-09-08 00:53:31",2335,"{""station_id"": ""2335"", ""longitude"": ""114.142704"", ""latitude"": ""22.547473"", ""slow_count"": ""26"", ""fast_count"": ""0"", ""charge_count"": ""26"", ""TAZID"": ""110""}"
1339,"深圳-2336","深圳市 · UrbanEV历史站点（详细地址未提供）",114.14276,22.54804,150,online,"2026-09-08 00:53:31",2336,"{""station_id"": ""2336"", ""longitude"": ""114.14276"", ""latitude"": ""22.54804"", ""slow_count"": ""14"", ""fast_count"": ""0"", ""charge_count"": ""14"", ""TAZID"": ""110""}"
1340,"深圳-2337","深圳市 · UrbanEV历史站点（详细地址未提供）",114.14276,22.54804,150,online,"2026-09-08 00:53:31",2337,"{""station_id"": ""2337"", ""longitude"": ""114.14276"", ""latitude"": ""22.54804"", ""slow_count"": ""50"", ""fast_count"": ""0"", ""charge_count"": ""50"", ""TAZID"": ""110""}"
1341,"深圳-2338","深圳市 · UrbanEV历史站点（详细地址未提供）",114.142799,22.561254,150,online,"2026-09-08 00:53:31",2338,"{""station_id"": ""2338"", ""longitude"": ""114.142799"", ""latitude"": ""22.561254"", ""slow_count"": ""12"", ""fast_count"": ""0"", ""charge_count"": ""12"", ""TAZID"": ""109""}"
1342,"深圳-2339","深圳市 · UrbanEV历史站点（详细地址未提供）",114.143019,22.696234,150,online,"2026-09-08 00:53:31",2339,"{""station_id"": ""2339"", ""longitude"": ""114.143019"", ""latitude"": ""22.696234"", ""slow_count"": ""28"", ""fast_count"": ""0"", ""charge_count"": ""28"", ""TAZID"": ""777""}"
1343,"深圳-2340","深圳市 · UrbanEV历史站点（详细地址未提供）",114.143096,22.580585,150,online,"2026-09-08 00:53:31",2340,"{""station_id"": ""2340"", ""longitude"": ""114.143096"", ""latitude"": ""22.580585"", ""slow_count"": ""10"", ""fast_count"": ""0"", ""charge_count"": ""10"", ""TAZID"": ""123""}"
1344,"深圳-2341","深圳市 · UrbanEV历史站点（详细地址未提供）",114.143799,22.546129,150,online,"2026-09-08 00:53:31",2341,"{""station_id"": ""2341"", ""longitude"": ""114.143799"", ""latitude"": ""22.546129"", ""slow_count"": ""6"", ""fast_count"": ""0"", ""charge_count"": ""6"", ""TAZID"": ""110""}"
1345,"深圳-2342","深圳市 · UrbanEV历史站点（详细地址未提供）",114.143938,22.605798,150,online,"2026-09-08 00:53:31",2342,"{""station_id"": ""2342"", ""longitude"": ""114.143938"", ""latitude"": ""22.605798"", ""slow_count"": ""12"", ""fast_count"": ""0"", ""charge_count"": ""12"", ""TAZID"": ""1167""}"
1346,"深圳-2343","深圳市 · UrbanEV历史站点（详细地址未提供）",114.14498,22.617917,150,online,"2026-09-08 00:53:31",2343,"{""station_id"": ""2343"", ""longitude"": ""114.14498"", ""latitude"": ""22.617917"", ""slow_count"": ""6"", ""fast_count"": ""0"", ""charge_count"": ""6"", ""TAZID"": ""974""}"
1347,"深圳-2344","深圳市 · UrbanEV历史站点（详细地址未提供）",114.145044,22.695784,150,online,"2026-09-08 00:53:31",2344,"{""station_id"": ""2344"", ""longitude"": ""114.145044"", ""latitude"": ""22.695784"", ""slow_count"": ""6"", ""fast_count"": ""0"", ""charge_count"": ""6"", ""TAZID"": ""777""}"
1348,"深圳-2345","深圳市 · UrbanEV历史站点（详细地址未提供）",114.146513,22.603742,150,online,"2026-09-08 00:53:31",2345,"{""station_id"": ""2345"", ""longitude"": ""114.146513"", ""latitude"": ""22.603742"", ""slow_count"": ""0"", ""fast_count"": ""9"", ""charge_count"": ""9"", ""TAZID"": ""1167""}"
1349,"深圳-2346","深圳市 · UrbanEV历史站点（详细地址未提供）",114.146835,22.607674,150,online,"2026-09-08 00:53:31",2346,"{""station_id"": ""2346"", ""longitude"": ""114.146835"", ""latitude"": ""22.607674"", ""slow_count"": ""6"", ""fast_count"": ""0"", ""charge_count"": ""6"", ""TAZID"": ""1167""}"
1350,"深圳-2347","深圳市 · UrbanEV历史站点（详细地址未提供）",114.148179,22.550506,150,online,"2026-09-08 00:53:31",2347,"{""station_id"": ""2347"", ""longitude"": ""114.148179"", ""latitude"": ""22.550506"", ""slow_count"": ""4"", ""fast_count"": ""0"", ""charge_count"": ""4"", ""TAZID"": ""110""}"
1351,"深圳-2348","深圳市 · UrbanEV历史站点（详细地址未提供）",114.1484,22.541942,150,online,"2026-09-08 00:53:31",2348,"{""station_id"": ""2348"", ""longitude"": ""114.1484"", ""latitude"": ""22.541942"", ""slow_count"": ""6"", ""fast_count"": ""0"", ""charge_count"": ""6"", ""TAZID"": ""110""}"
1352,"深圳-2349","深圳市 · UrbanEV历史站点（详细地址未提供）",114.149414,22.602618,150,online,"2026-09-08 00:53:31",2349,"{""station_id"": ""2349"", ""longitude"": ""114.149414"", ""latitude"": ""22.602618"", ""slow_count"": ""0"", ""fast_count"": ""6"", ""charge_count"": ""6"", ""TAZID"": ""1167""}"
1353,"深圳-2350","深圳市 · UrbanEV历史站点（详细地址未提供）",114.149644,22.548124,150,online,"2026-09-08 00:53:31",2350,"{""station_id"": ""2350"", ""longitude"": ""114.149644"", ""latitude"": ""22.548124"", ""slow_count"": ""8"", ""fast_count"": ""0"", ""charge_count"": ""8"", ""TAZID"": ""110""}"
1354,"深圳-2351","深圳市 · UrbanEV历史站点（详细地址未提供）",114.149896,22.61672,150,online,"2026-09-08 00:53:31",2351,"{""station_id"": ""2351"", ""longitude"": ""114.149896"", ""latitude"": ""22.61672"", ""slow_count"": ""7"", ""fast_count"": ""0"", ""charge_count"": ""7"", ""TAZID"": ""974""}"
1355,"深圳-2352","深圳市 · UrbanEV历史站点（详细地址未提供）",114.149952,22.618932,150,online,"2026-09-08 00:53:31",2352,"{""station_id"": ""2352"", ""longitude"": ""114.149952"", ""latitude"": ""22.618932"", ""slow_count"": ""24"", ""fast_count"": ""0"", ""charge_count"": ""24"", ""TAZID"": ""974""}"
1356,"深圳-2353","深圳市 · UrbanEV历史站点（详细地址未提供）",114.149992,22.617273,150,online,"2026-09-08 00:53:31",2353,"{""station_id"": ""2353"", ""longitude"": ""114.149992"", ""latitude"": ""22.617273"", ""slow_count"": ""34"", ""fast_count"": ""0"", ""charge_count"": ""34"", ""TAZID"": ""974""}"
1357,"深圳-2354","深圳市 · UrbanEV历史站点（详细地址未提供）",114.150084,22.619093,150,online,"2026-09-08 00:53:31",2354,"{""station_id"": ""2354"", ""longitude"": ""114.150084"", ""latitude"": ""22.619093"", ""slow_count"": ""10"", ""fast_count"": ""0"", ""charge_count"": ""10"", ""TAZID"": ""974""}"
1358,"深圳-2355","深圳市 · UrbanEV历史站点（详细地址未提供）",114.150944,22.548142,150,online,"2026-09-08 00:53:31",2355,"{""station_id"": ""2355"", ""longitude"": ""114.150944"", ""latitude"": ""22.548142"", ""slow_count"": ""2"", ""fast_count"": ""0"", ""charge_count"": ""2"", ""TAZID"": ""110""}"
1359,"深圳-2356","深圳市 · UrbanEV历史站点（详细地址未提供）",114.152076,22.553756,150,online,"2026-09-08 00:53:31",2356,"{""station_id"": ""2356"", ""longitude"": ""114.152076"", ""latitude"": ""22.553756"", ""slow_count"": ""6"", ""fast_count"": ""0"", ""charge_count"": ""6"", ""TAZID"": ""110""}"
1360,"深圳-2357","深圳市 · UrbanEV历史站点（详细地址未提供）",114.152113,22.548052,150,online,"2026-09-08 00:53:31",2357,"{""station_id"": ""2357"", ""longitude"": ""114.152113"", ""latitude"": ""22.548052"", ""slow_count"": ""2"", ""fast_count"": ""0"", ""charge_count"": ""2"", ""TAZID"": ""110""}"
1361,"深圳-2358","深圳市 · UrbanEV历史站点（详细地址未提供）",114.152602,22.603256,150,online,"2026-09-08 00:53:31",2358,"{""station_id"": ""2358"", ""longitude"": ""114.152602"", ""latitude"": ""22.603256"", ""slow_count"": ""3"", ""fast_count"": ""0"", ""charge_count"": ""3"", ""TAZID"": ""1167""}"
1362,"深圳-2359","深圳市 · UrbanEV历史站点（详细地址未提供）",114.15406,22.542538,150,online,"2026-09-08 00:53:31",2359,"{""station_id"": ""2359"", ""longitude"": ""114.15406"", ""latitude"": ""22.542538"", ""slow_count"": ""4"", ""fast_count"": ""0"", ""charge_count"": ""4"", ""TAZID"": ""110""}"
1363,"深圳-2360","深圳市 · UrbanEV历史站点（详细地址未提供）",114.156189,22.607534,150,online,"2026-09-08 00:53:31",2360,"{""station_id"": ""2360"", ""longitude"": ""114.156189"", ""latitude"": ""22.607534"", ""slow_count"": ""32"", ""fast_count"": ""0"", ""charge_count"": ""32"", ""TAZID"": ""1167""}"
1364,"深圳-2361","深圳市 · UrbanEV历史站点（详细地址未提供）",114.156293,22.619325,150,online,"2026-09-08 00:53:31",2361,"{""station_id"": ""2361"", ""longitude"": ""114.156293"", ""latitude"": ""22.619325"", ""slow_count"": ""12"", ""fast_count"": ""0"", ""charge_count"": ""12"", ""TAZID"": ""773""}"
1365,"深圳-2362","深圳市 · UrbanEV历史站点（详细地址未提供）",114.156346,22.619699,150,online,"2026-09-08 00:53:31",2362,"{""station_id"": ""2362"", ""longitude"": ""114.156346"", ""latitude"": ""22.619699"", ""slow_count"": ""28"", ""fast_count"": ""0"", ""charge_count"": ""28"", ""TAZID"": ""773""}"
1366,"深圳-2363","深圳市 · UrbanEV历史站点（详细地址未提供）",114.156743,22.607446,150,online,"2026-09-08 00:53:31",2363,"{""station_id"": ""2363"", ""longitude"": ""114.156743"", ""latitude"": ""22.607446"", ""slow_count"": ""24"", ""fast_count"": ""0"", ""charge_count"": ""24"", ""TAZID"": ""1167""}"
1367,"深圳-2364","深圳市 · UrbanEV历史站点（详细地址未提供）",114.156786,22.606186,150,online,"2026-09-08 00:53:31",2364,"{""station_id"": ""2364"", ""longitude"": ""114.156786"", ""latitude"": ""22.606186"", ""slow_count"": ""24"", ""fast_count"": ""0"", ""charge_count"": ""24"", ""TAZID"": ""1167""}"
1368,"深圳-2365","深圳市 · UrbanEV历史站点（详细地址未提供）",114.158081,22.605939,150,online,"2026-09-08 00:53:31",2365,"{""station_id"": ""2365"", ""longitude"": ""114.158081"", ""latitude"": ""22.605939"", ""slow_count"": ""24"", ""fast_count"": ""0"", ""charge_count"": ""24"", ""TAZID"": ""1167""}"
1369,"深圳-2366","深圳市 · UrbanEV历史站点（详细地址未提供）",114.158081,22.605939,150,online,"2026-09-08 00:53:31",2366,"{""station_id"": ""2366"", ""longitude"": ""114.158081"", ""latitude"": ""22.605939"", ""slow_count"": ""24"", ""fast_count"": ""0"", ""charge_count"": ""24"", ""TAZID"": ""1167""}"
1370,"深圳-2367","深圳市 · UrbanEV历史站点（详细地址未提供）",114.158199,22.608236,150,online,"2026-09-08 00:53:31",2367,"{""station_id"": ""2367"", ""longitude"": ""114.158199"", ""latitude"": ""22.608236"", ""slow_count"": ""70"", ""fast_count"": ""0"", ""charge_count"": ""70"", ""TAZID"": ""1167""}"
1371,"深圳-2368","深圳市 · UrbanEV历史站点（详细地址未提供）",114.158691,22.607401,150,online,"2026-09-08 00:53:31",2368,"{""station_id"": ""2368"", ""longitude"": ""114.158691"", ""latitude"": ""22.607401"", ""slow_count"": ""16"", ""fast_count"": ""0"", ""charge_count"": ""16"", ""TAZID"": ""1167""}"
1372,"深圳-2369","深圳市 · UrbanEV历史站点（详细地址未提供）",114.15891,22.606902,150,online,"2026-09-08 00:53:31",2369,"{""station_id"": ""2369"", ""longitude"": ""114.15891"", ""latitude"": ""22.606902"", ""slow_count"": ""36"", ""fast_count"": ""0"", ""charge_count"": ""36"", ""TAZID"": ""1167""}"
1373,"深圳-2370","深圳市 · UrbanEV历史站点（详细地址未提供）",114.162049,22.612674,150,online,"2026-09-08 00:53:31",2370,"{""station_id"": ""2370"", ""longitude"": ""114.162049"", ""latitude"": ""22.612674"", ""slow_count"": ""0"", ""fast_count"": ""40"", ""charge_count"": ""40"", ""TAZID"": ""1167""}"
1374,"深圳-2371","深圳市 · UrbanEV历史站点（详细地址未提供）",114.162049,22.612674,150,online,"2026-09-08 00:53:31",2371,"{""station_id"": ""2371"", ""longitude"": ""114.162049"", ""latitude"": ""22.612674"", ""slow_count"": ""0"", ""fast_count"": ""40"", ""charge_count"": ""40"", ""TAZID"": ""1167""}"
1375,"深圳-2372","深圳市 · UrbanEV历史站点（详细地址未提供）",114.168989,22.564666,150,online,"2026-09-08 00:53:31",2372,"{""station_id"": ""2372"", ""longitude"": ""114.168989"", ""latitude"": ""22.564666"", ""slow_count"": ""12"", ""fast_count"": ""0"", ""charge_count"": ""12"", ""TAZID"": ""1146""}"
1376,"深圳-2373","深圳市 · UrbanEV历史站点（详细地址未提供）",114.169644,22.643016,150,online,"2026-09-08 00:53:31",2373,"{""station_id"": ""2373"", ""longitude"": ""114.169644"", ""latitude"": ""22.643016"", ""slow_count"": ""11"", ""fast_count"": ""0"", ""charge_count"": ""11"", ""TAZID"": ""983""}"
1377,"深圳-2374","深圳市 · UrbanEV历史站点（详细地址未提供）",114.170915,22.557759,150,online,"2026-09-08 00:53:31",2374,"{""station_id"": ""2374"", ""longitude"": ""114.170915"", ""latitude"": ""22.557759"", ""slow_count"": ""12"", ""fast_count"": ""0"", ""charge_count"": ""12"", ""TAZID"": ""1143""}"
1378,"深圳-2375","深圳市 · UrbanEV历史站点（详细地址未提供）",114.173782,22.566438,150,online,"2026-09-08 00:53:31",2375,"{""station_id"": ""2375"", ""longitude"": ""114.173782"", ""latitude"": ""22.566438"", ""slow_count"": ""12"", ""fast_count"": ""0"", ""charge_count"": ""12"", ""TAZID"": ""1144""}"
1379,"深圳-2376","深圳市 · UrbanEV历史站点（详细地址未提供）",114.173979,22.558608,150,online,"2026-09-08 00:53:31",2376,"{""station_id"": ""2376"", ""longitude"": ""114.173979"", ""latitude"": ""22.558608"", ""slow_count"": ""12"", ""fast_count"": ""0"", ""charge_count"": ""12"", ""TAZID"": ""1143""}"
1380,"深圳-2377","深圳市 · UrbanEV历史站点（详细地址未提供）",114.175273,22.560629,150,online,"2026-09-08 00:53:31",2377,"{""station_id"": ""2377"", ""longitude"": ""114.175273"", ""latitude"": ""22.560629"", ""slow_count"": ""2"", ""fast_count"": ""0"", ""charge_count"": ""2"", ""TAZID"": ""1143""}"
1381,"深圳-2378","深圳市 · UrbanEV历史站点（详细地址未提供）",114.17798,22.562698,150,online,"2026-09-08 00:53:31",2378,"{""station_id"": ""2378"", ""longitude"": ""114.17798"", ""latitude"": ""22.562698"", ""slow_count"": ""4"", ""fast_count"": ""0"", ""charge_count"": ""4"", ""TAZID"": ""1144""}"
1382,"深圳-2379","深圳市 · UrbanEV历史站点（详细地址未提供）",114.178269,22.646553,150,online,"2026-09-08 00:53:31",2379,"{""station_id"": ""2379"", ""longitude"": ""114.178269"", ""latitude"": ""22.646553"", ""slow_count"": ""18"", ""fast_count"": ""0"", ""charge_count"": ""18"", ""TAZID"": ""975""}"
1383,"深圳-2380","深圳市 · UrbanEV历史站点（详细地址未提供）",114.17848,22.563596,150,online,"2026-09-08 00:53:31",2380,"{""station_id"": ""2380"", ""longitude"": ""114.17848"", ""latitude"": ""22.563596"", ""slow_count"": ""5"", ""fast_count"": ""0"", ""charge_count"": ""5"", ""TAZID"": ""1144""}"
1384,"深圳-2381","深圳市 · UrbanEV历史站点（详细地址未提供）",114.178635,22.643895,150,online,"2026-09-08 00:53:31",2381,"{""station_id"": ""2381"", ""longitude"": ""114.178635"", ""latitude"": ""22.643895"", ""slow_count"": ""6"", ""fast_count"": ""0"", ""charge_count"": ""6"", ""TAZID"": ""983""}"
1385,"深圳-2382","深圳市 · UrbanEV历史站点（详细地址未提供）",114.178767,22.563354,150,online,"2026-09-08 00:53:31",2382,"{""station_id"": ""2382"", ""longitude"": ""114.178767"", ""latitude"": ""22.563354"", ""slow_count"": ""5"", ""fast_count"": ""0"", ""charge_count"": ""5"", ""TAZID"": ""1144""}"
1386,"深圳-2383","深圳市 · UrbanEV历史站点（详细地址未提供）",114.180101,22.644377,150,online,"2026-09-08 00:53:31",2383,"{""station_id"": ""2383"", ""longitude"": ""114.180101"", ""latitude"": ""22.644377"", ""slow_count"": ""4"", ""fast_count"": ""0"", ""charge_count"": ""4"", ""TAZID"": ""984""}"
1387,"深圳-2384","深圳市 · UrbanEV历史站点（详细地址未提供）",114.180614,22.559994,150,online,"2026-09-08 00:53:31",2384,"{""station_id"": ""2384"", ""longitude"": ""114.180614"", ""latitude"": ""22.559994"", ""slow_count"": ""12"", ""fast_count"": ""0"", ""charge_count"": ""12"", ""TAZID"": ""1144""}"
1388,"深圳-2385","深圳市 · UrbanEV历史站点（详细地址未提供）",114.181964,22.565137,150,online,"2026-09-08 00:53:31",2385,"{""station_id"": ""2385"", ""longitude"": ""114.181964"", ""latitude"": ""22.565137"", ""slow_count"": ""18"", ""fast_count"": ""0"", ""charge_count"": ""18"", ""TAZID"": ""1144""}"
1389,"深圳-2386","深圳市 · UrbanEV历史站点（详细地址未提供）",114.182055,22.563805,150,online,"2026-09-08 00:53:31",2386,"{""station_id"": ""2386"", ""longitude"": ""114.182055"", ""latitude"": ""22.563805"", ""slow_count"": ""12"", ""fast_count"": ""0"", ""charge_count"": ""12"", ""TAZID"": ""1144""}"
1390,"深圳-2387","深圳市 · UrbanEV历史站点（详细地址未提供）",114.182327,22.566156,150,online,"2026-09-08 00:53:31",2387,"{""station_id"": ""2387"", ""longitude"": ""114.182327"", ""latitude"": ""22.566156"", ""slow_count"": ""108"", ""fast_count"": ""0"", ""charge_count"": ""108"", ""TAZID"": ""124""}"
1391,"深圳-2388","深圳市 · UrbanEV历史站点（详细地址未提供）",114.185368,22.636284,150,online,"2026-09-08 00:53:31",2388,"{""station_id"": ""2388"", ""longitude"": ""114.185368"", ""latitude"": ""22.636284"", ""slow_count"": ""54"", ""fast_count"": ""3"", ""charge_count"": ""57"", ""TAZID"": ""986""}"
1392,"深圳-2389","深圳市 · UrbanEV历史站点（详细地址未提供）",114.185368,22.636284,150,online,"2026-09-08 00:53:31",2389,"{""station_id"": ""2389"", ""longitude"": ""114.185368"", ""latitude"": ""22.636284"", ""slow_count"": ""54"", ""fast_count"": ""0"", ""charge_count"": ""54"", ""TAZID"": ""986""}"
1393,"深圳-2390","深圳市 · UrbanEV历史站点（详细地址未提供）",114.185368,22.636284,150,online,"2026-09-08 00:53:31",2390,"{""station_id"": ""2390"", ""longitude"": ""114.185368"", ""latitude"": ""22.636284"", ""slow_count"": ""54"", ""fast_count"": ""3"", ""charge_count"": ""57"", ""TAZID"": ""986""}"
1394,"深圳-2391","深圳市 · UrbanEV历史站点（详细地址未提供）",114.185368,22.636284,150,online,"2026-09-08 00:53:31",2391,"{""station_id"": ""2391"", ""longitude"": ""114.185368"", ""latitude"": ""22.636284"", ""slow_count"": ""54"", ""fast_count"": ""0"", ""charge_count"": ""54"", ""TAZID"": ""986""}"
1395,"深圳-2392","深圳市 · UrbanEV历史站点（详细地址未提供）",114.18554,22.55585,150,online,"2026-09-08 00:53:31",2392,"{""station_id"": ""2392"", ""longitude"": ""114.18554"", ""latitude"": ""22.55585"", ""slow_count"": ""12"", ""fast_count"": ""0"", ""charge_count"": ""12"", ""TAZID"": ""124""}"
1396,"深圳-2393","深圳市 · UrbanEV历史站点（详细地址未提供）",114.185968,22.647552,150,online,"2026-09-08 00:53:31",2393,"{""station_id"": ""2393"", ""longitude"": ""114.185968"", ""latitude"": ""22.647552"", ""slow_count"": ""12"", ""fast_count"": ""0"", ""charge_count"": ""12"", ""TAZID"": ""984""}"
1397,"深圳-2394","深圳市 · UrbanEV历史站点（详细地址未提供）",114.187484,22.555249,150,online,"2026-09-08 00:53:31",2394,"{""station_id"": ""2394"", ""longitude"": ""114.187484"", ""latitude"": ""22.555249"", ""slow_count"": ""6"", ""fast_count"": ""0"", ""charge_count"": ""6"", ""TAZID"": ""124""}"
1398,"深圳-2395","深圳市 · UrbanEV历史站点（详细地址未提供）",114.187974,22.637125,150,online,"2026-09-08 00:53:31",2395,"{""station_id"": ""2395"", ""longitude"": ""114.187974"", ""latitude"": ""22.637125"", ""slow_count"": ""14"", ""fast_count"": ""0"", ""charge_count"": ""14"", ""TAZID"": ""986""}"
1399,"深圳-2396","深圳市 · UrbanEV历史站点（详细地址未提供）",114.188089,22.555199,150,online,"2026-09-08 00:53:31",2396,"{""station_id"": ""2396"", ""longitude"": ""114.188089"", ""latitude"": ""22.555199"", ""slow_count"": ""6"", ""fast_count"": ""0"", ""charge_count"": ""6"", ""TAZID"": ""124""}"
1400,"深圳-2397","深圳市 · UrbanEV历史站点（详细地址未提供）",114.188201,22.625585,150,online,"2026-09-08 00:53:31",2397,"{""station_id"": ""2397"", ""longitude"": ""114.188201"", ""latitude"": ""22.625585"", ""slow_count"": ""16"", ""fast_count"": ""0"", ""charge_count"": ""16"", ""TAZID"": ""979""}"
1401,"深圳-2398","深圳市 · UrbanEV历史站点（详细地址未提供）",114.188232,22.651583,150,online,"2026-09-08 00:53:31",2398,"{""station_id"": ""2398"", ""longitude"": ""114.188232"", ""latitude"": ""22.651583"", ""slow_count"": ""29"", ""fast_count"": ""0"", ""charge_count"": ""29"", ""TAZID"": ""977""}"
1402,"深圳-2399","深圳市 · UrbanEV历史站点（详细地址未提供）",114.188975,22.648847,150,online,"2026-09-08 00:53:31",2399,"{""station_id"": ""2399"", ""longitude"": ""114.188975"", ""latitude"": ""22.648847"", ""slow_count"": ""30"", ""fast_count"": ""0"", ""charge_count"": ""30"", ""TAZID"": ""988""}"
1403,"深圳-2400","深圳市 · UrbanEV历史站点（详细地址未提供）",114.189319,22.556623,150,online,"2026-09-08 00:53:31",2400,"{""station_id"": ""2400"", ""longitude"": ""114.189319"", ""latitude"": ""22.556623"", ""slow_count"": ""26"", ""fast_count"": ""0"", ""charge_count"": ""26"", ""TAZID"": ""124""}"
1404,"深圳-2401","深圳市 · UrbanEV历史站点（详细地址未提供）",114.190586,22.64817,150,online,"2026-09-08 00:53:31",2401,"{""station_id"": ""2401"", ""longitude"": ""114.190586"", ""latitude"": ""22.64817"", ""slow_count"": ""18"", ""fast_count"": ""0"", ""charge_count"": ""18"", ""TAZID"": ""988""}"
1405,"深圳-2402","深圳市 · UrbanEV历史站点（详细地址未提供）",114.192009,22.592859,150,online,"2026-09-08 00:53:31",2402,"{""station_id"": ""2402"", ""longitude"": ""114.192009"", ""latitude"": ""22.592859"", ""slow_count"": ""6"", ""fast_count"": ""0"", ""charge_count"": ""6"", ""TAZID"": ""124""}"
1406,"深圳-2403","深圳市 · UrbanEV历史站点（详细地址未提供）",114.192063,22.645317,150,online,"2026-09-08 00:53:31",2403,"{""station_id"": ""2403"", ""longitude"": ""114.192063"", ""latitude"": ""22.645317"", ""slow_count"": ""3"", ""fast_count"": ""0"", ""charge_count"": ""3"", ""TAZID"": ""988""}"
1407,"深圳-2404","深圳市 · UrbanEV历史站点（详细地址未提供）",114.196447,22.64452,150,online,"2026-09-08 00:53:31",2404,"{""station_id"": ""2404"", ""longitude"": ""114.196447"", ""latitude"": ""22.64452"", ""slow_count"": ""4"", ""fast_count"": ""0"", ""charge_count"": ""4"", ""TAZID"": ""981""}"
1408,"深圳-2405","深圳市 · UrbanEV历史站点（详细地址未提供）",114.196529,22.646869,150,online,"2026-09-08 00:53:31",2405,"{""station_id"": ""2405"", ""longitude"": ""114.196529"", ""latitude"": ""22.646869"", ""slow_count"": ""4"", ""fast_count"": ""0"", ""charge_count"": ""4"", ""TAZID"": ""988""}"
1409,"深圳-2406","深圳市 · UrbanEV历史站点（详细地址未提供）",114.200326,22.640714,150,online,"2026-09-08 00:53:31",2406,"{""station_id"": ""2406"", ""longitude"": ""114.200326"", ""latitude"": ""22.640714"", ""slow_count"": ""6"", ""fast_count"": ""0"", ""charge_count"": ""6"", ""TAZID"": ""982""}"
1410,"深圳-2407","深圳市 · UrbanEV历史站点（详细地址未提供）",114.202977,22.64332,150,online,"2026-09-08 00:53:31",2407,"{""station_id"": ""2407"", ""longitude"": ""114.202977"", ""latitude"": ""22.64332"", ""slow_count"": ""6"", ""fast_count"": ""0"", ""charge_count"": ""6"", ""TAZID"": ""982""}"
1411,"深圳-2408","深圳市 · UrbanEV历史站点（详细地址未提供）",114.204482,22.653983,150,online,"2026-09-08 00:53:31",2408,"{""station_id"": ""2408"", ""longitude"": ""114.204482"", ""latitude"": ""22.653983"", ""slow_count"": ""16"", ""fast_count"": ""0"", ""charge_count"": ""16"", ""TAZID"": ""987""}"
1412,"深圳-2409","深圳市 · UrbanEV历史站点（详细地址未提供）",114.20466,22.647403,150,online,"2026-09-08 00:53:31",2409,"{""station_id"": ""2409"", ""longitude"": ""114.20466"", ""latitude"": ""22.647403"", ""slow_count"": ""38"", ""fast_count"": ""4"", ""charge_count"": ""42"", ""TAZID"": ""981""}"
1413,"深圳-2410","深圳市 · UrbanEV历史站点（详细地址未提供）",114.20466,22.647403,150,online,"2026-09-08 00:53:31",2410,"{""station_id"": ""2410"", ""longitude"": ""114.20466"", ""latitude"": ""22.647403"", ""slow_count"": ""38"", ""fast_count"": ""4"", ""charge_count"": ""42"", ""TAZID"": ""981""}"
1414,"深圳-2411","深圳市 · UrbanEV历史站点（详细地址未提供）",114.20524,22.706233,150,online,"2026-09-08 00:53:31",2411,"{""station_id"": ""2411"", ""longitude"": ""114.20524"", ""latitude"": ""22.706233"", ""slow_count"": ""9"", ""fast_count"": ""0"", ""charge_count"": ""9"", ""TAZID"": ""1043""}"
1415,"深圳-2412","深圳市 · UrbanEV历史站点（详细地址未提供）",114.205713,22.705945,150,online,"2026-09-08 00:53:31",2412,"{""station_id"": ""2412"", ""longitude"": ""114.205713"", ""latitude"": ""22.705945"", ""slow_count"": ""3"", ""fast_count"": ""0"", ""charge_count"": ""3"", ""TAZID"": ""1043""}"
1416,"深圳-2413","深圳市 · UrbanEV历史站点（详细地址未提供）",114.205736,22.705507,150,online,"2026-09-08 00:53:31",2413,"{""station_id"": ""2413"", ""longitude"": ""114.205736"", ""latitude"": ""22.705507"", ""slow_count"": ""6"", ""fast_count"": ""0"", ""charge_count"": ""6"", ""TAZID"": ""1043""}"
1417,"深圳-2414","深圳市 · UrbanEV历史站点（详细地址未提供）",114.206376,22.657326,150,online,"2026-09-08 00:53:31",2414,"{""station_id"": ""2414"", ""longitude"": ""114.206376"", ""latitude"": ""22.657326"", ""slow_count"": ""26"", ""fast_count"": ""0"", ""charge_count"": ""26"", ""TAZID"": ""987""}"
1418,"深圳-2415","深圳市 · UrbanEV历史站点（详细地址未提供）",114.207009,22.647887,150,online,"2026-09-08 00:53:31",2415,"{""station_id"": ""2415"", ""longitude"": ""114.207009"", ""latitude"": ""22.647887"", ""slow_count"": ""3"", ""fast_count"": ""0"", ""charge_count"": ""3"", ""TAZID"": ""981""}"
1419,"深圳-2416","深圳市 · UrbanEV历史站点（详细地址未提供）",114.207205,22.70959,150,online,"2026-09-08 00:53:31",2416,"{""station_id"": ""2416"", ""longitude"": ""114.207205"", ""latitude"": ""22.70959"", ""slow_count"": ""20"", ""fast_count"": ""0"", ""charge_count"": ""20"", ""TAZID"": ""1043""}"
1420,"深圳-2417","深圳市 · UrbanEV历史站点（详细地址未提供）",114.207224,22.658614,150,online,"2026-09-08 00:53:31",2417,"{""station_id"": ""2417"", ""longitude"": ""114.207224"", ""latitude"": ""22.658614"", ""slow_count"": ""3"", ""fast_count"": ""0"", ""charge_count"": ""3"", ""TAZID"": ""987""}"
1421,"深圳-2418","深圳市 · UrbanEV历史站点（详细地址未提供）",114.207985,22.646863,150,online,"2026-09-08 00:53:31",2418,"{""station_id"": ""2418"", ""longitude"": ""114.207985"", ""latitude"": ""22.646863"", ""slow_count"": ""6"", ""fast_count"": ""0"", ""charge_count"": ""6"", ""TAZID"": ""982""}"
1422,"深圳-2419","深圳市 · UrbanEV历史站点（详细地址未提供）",114.208073,22.648985,150,online,"2026-09-08 00:53:31",2419,"{""station_id"": ""2419"", ""longitude"": ""114.208073"", ""latitude"": ""22.648985"", ""slow_count"": ""6"", ""fast_count"": ""0"", ""charge_count"": ""6"", ""TAZID"": ""792""}"
1423,"深圳-2420","深圳市 · UrbanEV历史站点（详细地址未提供）",114.208544,22.711042,150,online,"2026-09-08 00:53:31",2420,"{""station_id"": ""2420"", ""longitude"": ""114.208544"", ""latitude"": ""22.711042"", ""slow_count"": ""12"", ""fast_count"": ""0"", ""charge_count"": ""12"", ""TAZID"": ""1043""}"
1424,"深圳-2421","深圳市 · UrbanEV历史站点（详细地址未提供）",114.208851,22.710536,150,online,"2026-09-08 00:53:31",2421,"{""station_id"": ""2421"", ""longitude"": ""114.208851"", ""latitude"": ""22.710536"", ""slow_count"": ""18"", ""fast_count"": ""0"", ""charge_count"": ""18"", ""TAZID"": ""1043""}"
1425,"深圳-2422","深圳市 · UrbanEV历史站点（详细地址未提供）",114.211673,22.666011,150,online,"2026-09-08 00:53:31",2422,"{""station_id"": ""2422"", ""longitude"": ""114.211673"", ""latitude"": ""22.666011"", ""slow_count"": ""0"", ""fast_count"": ""9"", ""charge_count"": ""9"", ""TAZID"": ""788""}"
1426,"深圳-2423","深圳市 · UrbanEV历史站点（详细地址未提供）",114.212872,22.720053,150,online,"2026-09-08 00:53:31",2423,"{""station_id"": ""2423"", ""longitude"": ""114.212872"", ""latitude"": ""22.720053"", ""slow_count"": ""8"", ""fast_count"": ""0"", ""charge_count"": ""8"", ""TAZID"": ""989""}"
1427,"深圳-2424","深圳市 · UrbanEV历史站点（详细地址未提供）",114.216302,22.71042,150,online,"2026-09-08 00:53:31",2424,"{""station_id"": ""2424"", ""longitude"": ""114.216302"", ""latitude"": ""22.71042"", ""slow_count"": ""32"", ""fast_count"": ""0"", ""charge_count"": ""32"", ""TAZID"": ""989""}"
1428,"深圳-2425","深圳市 · UrbanEV历史站点（详细地址未提供）",114.216621,22.669431,150,online,"2026-09-08 00:53:31",2425,"{""station_id"": ""2425"", ""longitude"": ""114.216621"", ""latitude"": ""22.669431"", ""slow_count"": ""8"", ""fast_count"": ""0"", ""charge_count"": ""8"", ""TAZID"": ""790""}"
1429,"深圳-2426","深圳市 · UrbanEV历史站点（详细地址未提供）",114.216643,22.750283,150,online,"2026-09-08 00:53:31",2426,"{""station_id"": ""2426"", ""longitude"": ""114.216643"", ""latitude"": ""22.750283"", ""slow_count"": ""18"", ""fast_count"": ""0"", ""charge_count"": ""18"", ""TAZID"": ""858""}"
1430,"深圳-2427","深圳市 · UrbanEV历史站点（详细地址未提供）",114.216779,22.713865,150,online,"2026-09-08 00:53:31",2427,"{""station_id"": ""2427"", ""longitude"": ""114.216779"", ""latitude"": ""22.713865"", ""slow_count"": ""6"", ""fast_count"": ""0"", ""charge_count"": ""6"", ""TAZID"": ""989""}"
1431,"深圳-2428","深圳市 · UrbanEV历史站点（详细地址未提供）",114.217442,22.718557,150,online,"2026-09-08 00:53:31",2428,"{""station_id"": ""2428"", ""longitude"": ""114.217442"", ""latitude"": ""22.718557"", ""slow_count"": ""27"", ""fast_count"": ""0"", ""charge_count"": ""27"", ""TAZID"": ""989""}"
1432,"深圳-2429","深圳市 · UrbanEV历史站点（详细地址未提供）",114.217557,22.722642,150,online,"2026-09-08 00:53:31",2429,"{""station_id"": ""2429"", ""longitude"": ""114.217557"", ""latitude"": ""22.722642"", ""slow_count"": ""3"", ""fast_count"": ""0"", ""charge_count"": ""3"", ""TAZID"": ""855""}"
1433,"深圳-2430","深圳市 · UrbanEV历史站点（详细地址未提供）",114.217557,22.722642,150,online,"2026-09-08 00:53:31",2430,"{""station_id"": ""2430"", ""longitude"": ""114.217557"", ""latitude"": ""22.722642"", ""slow_count"": ""3"", ""fast_count"": ""0"", ""charge_count"": ""3"", ""TAZID"": ""855""}"
1434,"深圳-2431","深圳市 · UrbanEV历史站点（详细地址未提供）",114.217557,22.722642,150,online,"2026-09-08 00:53:31",2431,"{""station_id"": ""2431"", ""longitude"": ""114.217557"", ""latitude"": ""22.722642"", ""slow_count"": ""2"", ""fast_count"": ""0"", ""charge_count"": ""2"", ""TAZID"": ""855""}"
1435,"深圳-2432","深圳市 · UrbanEV历史站点（详细地址未提供）",114.217557,22.722642,150,online,"2026-09-08 00:53:31",2432,"{""station_id"": ""2432"", ""longitude"": ""114.217557"", ""latitude"": ""22.722642"", ""slow_count"": ""4"", ""fast_count"": ""0"", ""charge_count"": ""4"", ""TAZID"": ""855""}"
1436,"深圳-2433","深圳市 · UrbanEV历史站点（详细地址未提供）",114.217557,22.722642,150,online,"2026-09-08 00:53:31",2433,"{""station_id"": ""2433"", ""longitude"": ""114.217557"", ""latitude"": ""22.722642"", ""slow_count"": ""3"", ""fast_count"": ""0"", ""charge_count"": ""3"", ""TAZID"": ""855""}"
1437,"深圳-2434","深圳市 · UrbanEV历史站点（详细地址未提供）",114.21939,22.749667,150,online,"2026-09-08 00:53:31",2434,"{""station_id"": ""2434"", ""longitude"": ""114.21939"", ""latitude"": ""22.749667"", ""slow_count"": ""38"", ""fast_count"": ""0"", ""charge_count"": ""38"", ""TAZID"": ""858""}"
1438,"深圳-2435","深圳市 · UrbanEV历史站点（详细地址未提供）",114.220384,22.703845,150,online,"2026-09-08 00:53:31",2435,"{""station_id"": ""2435"", ""longitude"": ""114.220384"", ""latitude"": ""22.703845"", ""slow_count"": ""10"", ""fast_count"": ""0"", ""charge_count"": ""10"", ""TAZID"": ""989""}"
1439,"深圳-2436","深圳市 · UrbanEV历史站点（详细地址未提供）",114.220433,22.70446,150,online,"2026-09-08 00:53:31",2436,"{""station_id"": ""2436"", ""longitude"": ""114.220433"", ""latitude"": ""22.70446"", ""slow_count"": ""6"", ""fast_count"": ""0"", ""charge_count"": ""6"", ""TAZID"": ""989""}"
1440,"深圳-2437","深圳市 · UrbanEV历史站点（详细地址未提供）",114.220821,22.700105,150,online,"2026-09-08 00:53:31",2437,"{""station_id"": ""2437"", ""longitude"": ""114.220821"", ""latitude"": ""22.700105"", ""slow_count"": ""2"", ""fast_count"": ""0"", ""charge_count"": ""2"", ""TAZID"": ""991""}"
1441,"深圳-2438","深圳市 · UrbanEV历史站点（详细地址未提供）",114.220821,22.701179,150,online,"2026-09-08 00:53:31",2438,"{""station_id"": ""2438"", ""longitude"": ""114.220821"", ""latitude"": ""22.701179"", ""slow_count"": ""3"", ""fast_count"": ""0"", ""charge_count"": ""3"", ""TAZID"": ""991""}"
1442,"深圳-2439","深圳市 · UrbanEV历史站点（详细地址未提供）",114.221052,22.720163,150,online,"2026-09-08 00:53:31",2439,"{""station_id"": ""2439"", ""longitude"": ""114.221052"", ""latitude"": ""22.720163"", ""slow_count"": ""3"", ""fast_count"": ""0"", ""charge_count"": ""3"", ""TAZID"": ""989""}"
1443,"深圳-2440","深圳市 · UrbanEV历史站点（详细地址未提供）",114.221192,22.723155,150,online,"2026-09-08 00:53:31",2440,"{""station_id"": ""2440"", ""longitude"": ""114.221192"", ""latitude"": ""22.723155"", ""slow_count"": ""4"", ""fast_count"": ""0"", ""charge_count"": ""4"", ""TAZID"": ""855""}"
1444,"深圳-2441","深圳市 · UrbanEV历史站点（详细地址未提供）",114.221625,22.722822,150,online,"2026-09-08 00:53:31",2441,"{""station_id"": ""2441"", ""longitude"": ""114.221625"", ""latitude"": ""22.722822"", ""slow_count"": ""6"", ""fast_count"": ""0"", ""charge_count"": ""6"", ""TAZID"": ""855""}"
1445,"深圳-2442","深圳市 · UrbanEV历史站点（详细地址未提供）",114.221625,22.722822,150,online,"2026-09-08 00:53:31",2442,"{""station_id"": ""2442"", ""longitude"": ""114.221625"", ""latitude"": ""22.722822"", ""slow_count"": ""6"", ""fast_count"": ""0"", ""charge_count"": ""6"", ""TAZID"": ""855""}"
1446,"深圳-2443","深圳市 · UrbanEV历史站点（详细地址未提供）",114.221837,22.701614,150,online,"2026-09-08 00:53:31",2443,"{""station_id"": ""2443"", ""longitude"": ""114.221837"", ""latitude"": ""22.701614"", ""slow_count"": ""6"", ""fast_count"": ""0"", ""charge_count"": ""6"", ""TAZID"": ""991""}"
1447,"深圳-2444","深圳市 · UrbanEV历史站点（详细地址未提供）",114.22194,22.72642,150,online,"2026-09-08 00:53:31",2444,"{""station_id"": ""2444"", ""longitude"": ""114.22194"", ""latitude"": ""22.72642"", ""slow_count"": ""24"", ""fast_count"": ""0"", ""charge_count"": ""24"", ""TAZID"": ""855""}"
1448,"深圳-2445","深圳市 · UrbanEV历史站点（详细地址未提供）",114.223935,22.720387,150,online,"2026-09-08 00:53:31",2445,"{""station_id"": ""2445"", ""longitude"": ""114.223935"", ""latitude"": ""22.720387"", ""slow_count"": ""7"", ""fast_count"": ""0"", ""charge_count"": ""7"", ""TAZID"": ""989""}"
1449,"深圳-2446","深圳市 · UrbanEV历史站点（详细地址未提供）",114.22421,22.669546,150,online,"2026-09-08 00:53:31",2446,"{""station_id"": ""2446"", ""longitude"": ""114.22421"", ""latitude"": ""22.669546"", ""slow_count"": ""10"", ""fast_count"": ""0"", ""charge_count"": ""10"", ""TAZID"": ""790""}"
1450,"深圳-2447","深圳市 · UrbanEV历史站点（详细地址未提供）",114.224867,22.695413,150,online,"2026-09-08 00:53:31",2447,"{""station_id"": ""2447"", ""longitude"": ""114.224867"", ""latitude"": ""22.695413"", ""slow_count"": ""8"", ""fast_count"": ""0"", ""charge_count"": ""8"", ""TAZID"": ""991""}"
1451,"深圳-2448","深圳市 · UrbanEV历史站点（详细地址未提供）",114.225042,22.722649,150,online,"2026-09-08 00:53:31",2448,"{""station_id"": ""2448"", ""longitude"": ""114.225042"", ""latitude"": ""22.722649"", ""slow_count"": ""6"", ""fast_count"": ""0"", ""charge_count"": ""6"", ""TAZID"": ""855""}"
1452,"深圳-2449","深圳市 · UrbanEV历史站点（详细地址未提供）",114.225191,22.66961,150,online,"2026-09-08 00:53:31",2449,"{""station_id"": ""2449"", ""longitude"": ""114.225191"", ""latitude"": ""22.66961"", ""slow_count"": ""5"", ""fast_count"": ""0"", ""charge_count"": ""5"", ""TAZID"": ""790""}"
1453,"深圳-2450","深圳市 · UrbanEV历史站点（详细地址未提供）",114.225677,22.727691,150,online,"2026-09-08 00:53:31",2450,"{""station_id"": ""2450"", ""longitude"": ""114.225677"", ""latitude"": ""22.727691"", ""slow_count"": ""6"", ""fast_count"": ""0"", ""charge_count"": ""6"", ""TAZID"": ""855""}"
1454,"深圳-2451","深圳市 · UrbanEV历史站点（详细地址未提供）",114.226114,22.636336,150,online,"2026-09-08 00:53:31",2451,"{""station_id"": ""2451"", ""longitude"": ""114.226114"", ""latitude"": ""22.636336"", ""slow_count"": ""6"", ""fast_count"": ""0"", ""charge_count"": ""6"", ""TAZID"": ""811""}"
1455,"深圳-2452","深圳市 · UrbanEV历史站点（详细地址未提供）",114.226411,22.722655,150,online,"2026-09-08 00:53:31",2452,"{""station_id"": ""2452"", ""longitude"": ""114.226411"", ""latitude"": ""22.722655"", ""slow_count"": ""24"", ""fast_count"": ""0"", ""charge_count"": ""24"", ""TAZID"": ""855""}"
1456,"深圳-2453","深圳市 · UrbanEV历史站点（详细地址未提供）",114.22728,22.557666,150,online,"2026-09-08 00:53:31",2453,"{""station_id"": ""2453"", ""longitude"": ""114.22728"", ""latitude"": ""22.557666"", ""slow_count"": ""3"", ""fast_count"": ""0"", ""charge_count"": ""3"", ""TAZID"": ""1155""}"
1457,"深圳-2454","深圳市 · UrbanEV历史站点（详细地址未提供）",114.227573,22.692928,150,online,"2026-09-08 00:53:31",2454,"{""station_id"": ""2454"", ""longitude"": ""114.227573"", ""latitude"": ""22.692928"", ""slow_count"": ""6"", ""fast_count"": ""0"", ""charge_count"": ""6"", ""TAZID"": ""991""}"
1458,"深圳-2455","深圳市 · UrbanEV历史站点（详细地址未提供）",114.227929,22.703162,150,online,"2026-09-08 00:53:31",2455,"{""station_id"": ""2455"", ""longitude"": ""114.227929"", ""latitude"": ""22.703162"", ""slow_count"": ""12"", ""fast_count"": ""0"", ""charge_count"": ""12"", ""TAZID"": ""996""}"
1459,"深圳-2456","深圳市 · UrbanEV历史站点（详细地址未提供）",114.228405,22.553083,150,online,"2026-09-08 00:53:31",2456,"{""station_id"": ""2456"", ""longitude"": ""114.228405"", ""latitude"": ""22.553083"", ""slow_count"": ""9"", ""fast_count"": ""0"", ""charge_count"": ""9"", ""TAZID"": ""1154""}"
1460,"深圳-2457","深圳市 · UrbanEV历史站点（详细地址未提供）",114.228562,22.676867,150,online,"2026-09-08 00:53:31",2457,"{""station_id"": ""2457"", ""longitude"": ""114.228562"", ""latitude"": ""22.676867"", ""slow_count"": ""4"", ""fast_count"": ""0"", ""charge_count"": ""4"", ""TAZID"": ""790""}"
1461,"深圳-2458","深圳市 · UrbanEV历史站点（详细地址未提供）",114.228889,22.677294,150,online,"2026-09-08 00:53:31",2458,"{""station_id"": ""2458"", ""longitude"": ""114.228889"", ""latitude"": ""22.677294"", ""slow_count"": ""13"", ""fast_count"": ""0"", ""charge_count"": ""13"", ""TAZID"": ""790""}"
1462,"深圳-2459","深圳市 · UrbanEV历史站点（详细地址未提供）",114.228895,22.701285,150,online,"2026-09-08 00:53:31",2459,"{""station_id"": ""2459"", ""longitude"": ""114.228895"", ""latitude"": ""22.701285"", ""slow_count"": ""4"", ""fast_count"": ""0"", ""charge_count"": ""4"", ""TAZID"": ""996""}"
1463,"深圳-2460","深圳市 · UrbanEV历史站点（详细地址未提供）",114.229526,22.730965,150,online,"2026-09-08 00:53:31",2460,"{""station_id"": ""2460"", ""longitude"": ""114.229526"", ""latitude"": ""22.730965"", ""slow_count"": ""12"", ""fast_count"": ""0"", ""charge_count"": ""12"", ""TAZID"": ""855""}"
1464,"深圳-2461","深圳市 · UrbanEV历史站点（详细地址未提供）",114.229801,22.547564,150,online,"2026-09-08 00:53:31",2461,"{""station_id"": ""2461"", ""longitude"": ""114.229801"", ""latitude"": ""22.547564"", ""slow_count"": ""3"", ""fast_count"": ""0"", ""charge_count"": ""3"", ""TAZID"": ""1154""}"
1465,"深圳-2462","深圳市 · UrbanEV历史站点（详细地址未提供）",114.229951,22.70288,150,online,"2026-09-08 00:53:31",2462,"{""station_id"": ""2462"", ""longitude"": ""114.229951"", ""latitude"": ""22.70288"", ""slow_count"": ""6"", ""fast_count"": ""0"", ""charge_count"": ""6"", ""TAZID"": ""996""}"
1466,"深圳-2463","深圳市 · UrbanEV历史站点（详细地址未提供）",114.230023,22.550654,150,online,"2026-09-08 00:53:31",2463,"{""station_id"": ""2463"", ""longitude"": ""114.230023"", ""latitude"": ""22.550654"", ""slow_count"": ""12"", ""fast_count"": ""0"", ""charge_count"": ""12"", ""TAZID"": ""1156""}"
1467,"深圳-2464","深圳市 · UrbanEV历史站点（详细地址未提供）",114.230618,22.72115,150,online,"2026-09-08 00:53:31",2464,"{""station_id"": ""2464"", ""longitude"": ""114.230618"", ""latitude"": ""22.72115"", ""slow_count"": ""21"", ""fast_count"": ""0"", ""charge_count"": ""21"", ""TAZID"": ""989""}"
1468,"深圳-2465","深圳市 · UrbanEV历史站点（详细地址未提供）",114.231005,22.700405,150,online,"2026-09-08 00:53:31",2465,"{""station_id"": ""2465"", ""longitude"": ""114.231005"", ""latitude"": ""22.700405"", ""slow_count"": ""5"", ""fast_count"": ""0"", ""charge_count"": ""5"", ""TAZID"": ""996""}"
1469,"深圳-2466","深圳市 · UrbanEV历史站点（详细地址未提供）",114.231064,22.721148,150,online,"2026-09-08 00:53:31",2466,"{""station_id"": ""2466"", ""longitude"": ""114.231064"", ""latitude"": ""22.721148"", ""slow_count"": ""12"", ""fast_count"": ""0"", ""charge_count"": ""12"", ""TAZID"": ""989""}"
1470,"深圳-2467","深圳市 · UrbanEV历史站点（详细地址未提供）",114.231814,22.723864,150,online,"2026-09-08 00:53:31",2467,"{""station_id"": ""2467"", ""longitude"": ""114.231814"", ""latitude"": ""22.723864"", ""slow_count"": ""16"", ""fast_count"": ""0"", ""charge_count"": ""16"", ""TAZID"": ""855""}"
1471,"深圳-2468","深圳市 · UrbanEV历史站点（详细地址未提供）",114.231861,22.731066,150,online,"2026-09-08 00:53:31",2468,"{""station_id"": ""2468"", ""longitude"": ""114.231861"", ""latitude"": ""22.731066"", ""slow_count"": ""11"", ""fast_count"": ""0"", ""charge_count"": ""11"", ""TAZID"": ""855""}"
1472,"深圳-2469","深圳市 · UrbanEV历史站点（详细地址未提供）",114.231924,22.546579,150,online,"2026-09-08 00:53:31",2469,"{""station_id"": ""2469"", ""longitude"": ""114.231924"", ""latitude"": ""22.546579"", ""slow_count"": ""10"", ""fast_count"": ""0"", ""charge_count"": ""10"", ""TAZID"": ""1154""}"
1473,"深圳-2470","深圳市 · UrbanEV历史站点（详细地址未提供）",114.232465,22.725356,150,online,"2026-09-08 00:53:31",2470,"{""station_id"": ""2470"", ""longitude"": ""114.232465"", ""latitude"": ""22.725356"", ""slow_count"": ""14"", ""fast_count"": ""0"", ""charge_count"": ""14"", ""TAZID"": ""1011""}"
1474,"深圳-2471","深圳市 · UrbanEV历史站点（详细地址未提供）",114.233074,22.71966,150,online,"2026-09-08 00:53:31",2471,"{""station_id"": ""2471"", ""longitude"": ""114.233074"", ""latitude"": ""22.71966"", ""slow_count"": ""6"", ""fast_count"": ""0"", ""charge_count"": ""6"", ""TAZID"": ""1011""}"
1475,"深圳-2472","深圳市 · UrbanEV历史站点（详细地址未提供）",114.233132,22.720287,150,online,"2026-09-08 00:53:31",2472,"{""station_id"": ""2472"", ""longitude"": ""114.233132"", ""latitude"": ""22.720287"", ""slow_count"": ""12"", ""fast_count"": ""0"", ""charge_count"": ""12"", ""TAZID"": ""1011""}"
1476,"深圳-2473","深圳市 · UrbanEV历史站点（详细地址未提供）",114.233304,22.724483,150,online,"2026-09-08 00:53:31",2473,"{""station_id"": ""2473"", ""longitude"": ""114.233304"", ""latitude"": ""22.724483"", ""slow_count"": ""4"", ""fast_count"": ""0"", ""charge_count"": ""4"", ""TAZID"": ""1011""}"
1477,"深圳-2474","深圳市 · UrbanEV历史站点（详细地址未提供）",114.23353,22.726848,150,online,"2026-09-08 00:53:31",2474,"{""station_id"": ""2474"", ""longitude"": ""114.23353"", ""latitude"": ""22.726848"", ""slow_count"": ""14"", ""fast_count"": ""0"", ""charge_count"": ""14"", ""TAZID"": ""1011""}"
1478,"深圳-2475","深圳市 · UrbanEV历史站点（详细地址未提供）",114.233711,22.700939,150,online,"2026-09-08 00:53:31",2475,"{""station_id"": ""2475"", ""longitude"": ""114.233711"", ""latitude"": ""22.700939"", ""slow_count"": ""12"", ""fast_count"": ""0"", ""charge_count"": ""12"", ""TAZID"": ""996""}"
1479,"深圳-2476","深圳市 · UrbanEV历史站点（详细地址未提供）",114.233794,22.724369,150,online,"2026-09-08 00:53:31",2476,"{""station_id"": ""2476"", ""longitude"": ""114.233794"", ""latitude"": ""22.724369"", ""slow_count"": ""2"", ""fast_count"": ""0"", ""charge_count"": ""2"", ""TAZID"": ""1011""}"
1480,"深圳-2477","深圳市 · UrbanEV历史站点（详细地址未提供）",114.233941,22.6325,150,online,"2026-09-08 00:53:31",2477,"{""station_id"": ""2477"", ""longitude"": ""114.233941"", ""latitude"": ""22.6325"", ""slow_count"": ""24"", ""fast_count"": ""0"", ""charge_count"": ""24"", ""TAZID"": ""771""}"
1481,"深圳-2478","深圳市 · UrbanEV历史站点（详细地址未提供）",114.234041,22.721936,150,online,"2026-09-08 00:53:31",2478,"{""station_id"": ""2478"", ""longitude"": ""114.234041"", ""latitude"": ""22.721936"", ""slow_count"": ""15"", ""fast_count"": ""0"", ""charge_count"": ""15"", ""TAZID"": ""1011""}"
1482,"深圳-2479","深圳市 · UrbanEV历史站点（详细地址未提供）",114.234052,22.734261,150,online,"2026-09-08 00:53:31",2479,"{""station_id"": ""2479"", ""longitude"": ""114.234052"", ""latitude"": ""22.734261"", ""slow_count"": ""30"", ""fast_count"": ""0"", ""charge_count"": ""30"", ""TAZID"": ""855""}"
1483,"深圳-2480","深圳市 · UrbanEV历史站点（详细地址未提供）",114.234074,22.72649,150,online,"2026-09-08 00:53:31",2480,"{""station_id"": ""2480"", ""longitude"": ""114.234074"", ""latitude"": ""22.72649"", ""slow_count"": ""3"", ""fast_count"": ""0"", ""charge_count"": ""3"", ""TAZID"": ""1011""}"
1484,"深圳-2481","深圳市 · UrbanEV历史站点（详细地址未提供）",114.23415,22.725342,150,online,"2026-09-08 00:53:31",2481,"{""station_id"": ""2481"", ""longitude"": ""114.23415"", ""latitude"": ""22.725342"", ""slow_count"": ""2"", ""fast_count"": ""0"", ""charge_count"": ""2"", ""TAZID"": ""1011""}"
1485,"深圳-2482","深圳市 · UrbanEV历史站点（详细地址未提供）",114.234533,22.553258,150,online,"2026-09-08 00:53:31",2482,"{""station_id"": ""2482"", ""longitude"": ""114.234533"", ""latitude"": ""22.553258"", ""slow_count"": ""2"", ""fast_count"": ""0"", ""charge_count"": ""2"", ""TAZID"": ""1156""}"
1486,"深圳-2483","深圳市 · UrbanEV历史站点（详细地址未提供）",114.234642,22.722061,150,online,"2026-09-08 00:53:31",2483,"{""station_id"": ""2483"", ""longitude"": ""114.234642"", ""latitude"": ""22.722061"", ""slow_count"": ""5"", ""fast_count"": ""0"", ""charge_count"": ""5"", ""TAZID"": ""1011""}"
1487,"深圳-2484","深圳市 · UrbanEV历史站点（详细地址未提供）",114.234841,22.550737,150,online,"2026-09-08 00:53:31",2484,"{""station_id"": ""2484"", ""longitude"": ""114.234841"", ""latitude"": ""22.550737"", ""slow_count"": ""6"", ""fast_count"": ""0"", ""charge_count"": ""6"", ""TAZID"": ""1156""}"
1488,"深圳-2485","深圳市 · UrbanEV历史站点（详细地址未提供）",114.234906,22.720903,150,online,"2026-09-08 00:53:31",2485,"{""station_id"": ""2485"", ""longitude"": ""114.234906"", ""latitude"": ""22.720903"", ""slow_count"": ""3"", ""fast_count"": ""0"", ""charge_count"": ""3"", ""TAZID"": ""1011""}"
1489,"深圳-2486","深圳市 · UrbanEV历史站点（详细地址未提供）",114.234986,22.720152,150,online,"2026-09-08 00:53:31",2486,"{""station_id"": ""2486"", ""longitude"": ""114.234986"", ""latitude"": ""22.720152"", ""slow_count"": ""3"", ""fast_count"": ""0"", ""charge_count"": ""3"", ""TAZID"": ""1011""}"
1490,"深圳-2487","深圳市 · UrbanEV历史站点（详细地址未提供）",114.23509,22.551414,150,online,"2026-09-08 00:53:31",2487,"{""station_id"": ""2487"", ""longitude"": ""114.23509"", ""latitude"": ""22.551414"", ""slow_count"": ""6"", ""fast_count"": ""0"", ""charge_count"": ""6"", ""TAZID"": ""1156""}"
1491,"深圳-2488","深圳市 · UrbanEV历史站点（详细地址未提供）",114.235208,22.725587,150,online,"2026-09-08 00:53:31",2488,"{""station_id"": ""2488"", ""longitude"": ""114.235208"", ""latitude"": ""22.725587"", ""slow_count"": ""2"", ""fast_count"": ""0"", ""charge_count"": ""2"", ""TAZID"": ""1011""}"
1492,"深圳-2489","深圳市 · UrbanEV历史站点（详细地址未提供）",114.235423,22.723835,150,online,"2026-09-08 00:53:31",2489,"{""station_id"": ""2489"", ""longitude"": ""114.235423"", ""latitude"": ""22.723835"", ""slow_count"": ""12"", ""fast_count"": ""0"", ""charge_count"": ""12"", ""TAZID"": ""1011""}"
1493,"深圳-2490","深圳市 · UrbanEV历史站点（详细地址未提供）",114.236146,22.720042,150,online,"2026-09-08 00:53:31",2490,"{""station_id"": ""2490"", ""longitude"": ""114.236146"", ""latitude"": ""22.720042"", ""slow_count"": ""6"", ""fast_count"": ""0"", ""charge_count"": ""6"", ""TAZID"": ""1011""}"
1494,"深圳-2491","深圳市 · UrbanEV历史站点（详细地址未提供）",114.23616,22.722749,150,online,"2026-09-08 00:53:31",2491,"{""station_id"": ""2491"", ""longitude"": ""114.23616"", ""latitude"": ""22.722749"", ""slow_count"": ""1"", ""fast_count"": ""0"", ""charge_count"": ""1"", ""TAZID"": ""1011""}"
1495,"深圳-2492","深圳市 · UrbanEV历史站点（详细地址未提供）",114.236212,22.725119,150,online,"2026-09-08 00:53:31",2492,"{""station_id"": ""2492"", ""longitude"": ""114.236212"", ""latitude"": ""22.725119"", ""slow_count"": ""6"", ""fast_count"": ""0"", ""charge_count"": ""6"", ""TAZID"": ""1011""}"
1496,"深圳-2493","深圳市 · UrbanEV历史站点（详细地址未提供）",114.236244,22.721362,150,online,"2026-09-08 00:53:31",2493,"{""station_id"": ""2493"", ""longitude"": ""114.236244"", ""latitude"": ""22.721362"", ""slow_count"": ""1"", ""fast_count"": ""0"", ""charge_count"": ""1"", ""TAZID"": ""1011""}"
1497,"深圳-2494","深圳市 · UrbanEV历史站点（详细地址未提供）",114.236816,22.704524,150,online,"2026-09-08 00:53:31",2494,"{""station_id"": ""2494"", ""longitude"": ""114.236816"", ""latitude"": ""22.704524"", ""slow_count"": ""74"", ""fast_count"": ""0"", ""charge_count"": ""74"", ""TAZID"": ""996""}"
1498,"深圳-2495","深圳市 · UrbanEV历史站点（详细地址未提供）",114.237036,22.699834,150,online,"2026-09-08 00:53:31",2495,"{""station_id"": ""2495"", ""longitude"": ""114.237036"", ""latitude"": ""22.699834"", ""slow_count"": ""3"", ""fast_count"": ""0"", ""charge_count"": ""3"", ""TAZID"": ""996""}"
1499,"深圳-2496","深圳市 · UrbanEV历史站点（详细地址未提供）",114.23706,22.743456,150,online,"2026-09-08 00:53:31",2496,"{""station_id"": ""2496"", ""longitude"": ""114.23706"", ""latitude"": ""22.743456"", ""slow_count"": ""36"", ""fast_count"": ""0"", ""charge_count"": ""36"", ""TAZID"": ""858""}"
1500,"深圳-2497","深圳市 · UrbanEV历史站点（详细地址未提供）",114.237207,22.73181,150,online,"2026-09-08 00:53:31",2497,"{""station_id"": ""2497"", ""longitude"": ""114.237207"", ""latitude"": ""22.73181"", ""slow_count"": ""8"", ""fast_count"": ""0"", ""charge_count"": ""8"", ""TAZID"": ""855""}"
1501,"深圳-2498","深圳市 · UrbanEV历史站点（详细地址未提供）",114.237276,22.718709,150,online,"2026-09-08 00:53:31",2498,"{""station_id"": ""2498"", ""longitude"": ""114.237276"", ""latitude"": ""22.718709"", ""slow_count"": ""36"", ""fast_count"": ""0"", ""charge_count"": ""36"", ""TAZID"": ""1011""}"
1502,"深圳-2499","深圳市 · UrbanEV历史站点（详细地址未提供）",114.237407,22.721434,150,online,"2026-09-08 00:53:31",2499,"{""station_id"": ""2499"", ""longitude"": ""114.237407"", ""latitude"": ""22.721434"", ""slow_count"": ""7"", ""fast_count"": ""0"", ""charge_count"": ""7"", ""TAZID"": ""1011""}"
1503,"深圳-2500","深圳市 · UrbanEV历史站点（详细地址未提供）",114.237421,22.720276,150,online,"2026-09-08 00:53:31",2500,"{""station_id"": ""2500"", ""longitude"": ""114.237421"", ""latitude"": ""22.720276"", ""slow_count"": ""6"", ""fast_count"": ""0"", ""charge_count"": ""6"", ""TAZID"": ""1011""}"
1504,"深圳-2501","深圳市 · UrbanEV历史站点（详细地址未提供）",114.237461,22.723968,150,online,"2026-09-08 00:53:31",2501,"{""station_id"": ""2501"", ""longitude"": ""114.237461"", ""latitude"": ""22.723968"", ""slow_count"": ""7"", ""fast_count"": ""0"", ""charge_count"": ""7"", ""TAZID"": ""1011""}"
1505,"深圳-2502","深圳市 · UrbanEV历史站点（详细地址未提供）",114.237543,22.720036,150,online,"2026-09-08 00:53:31",2502,"{""station_id"": ""2502"", ""longitude"": ""114.237543"", ""latitude"": ""22.720036"", ""slow_count"": ""6"", ""fast_count"": ""0"", ""charge_count"": ""6"", ""TAZID"": ""1011""}"
1506,"深圳-2503","深圳市 · UrbanEV历史站点（详细地址未提供）",114.237844,22.553528,150,online,"2026-09-08 00:53:31",2503,"{""station_id"": ""2503"", ""longitude"": ""114.237844"", ""latitude"": ""22.553528"", ""slow_count"": ""4"", ""fast_count"": ""0"", ""charge_count"": ""4"", ""TAZID"": ""1156""}"
1507,"深圳-2504","深圳市 · UrbanEV历史站点（详细地址未提供）",114.237844,22.553528,150,online,"2026-09-08 00:53:31",2504,"{""station_id"": ""2504"", ""longitude"": ""114.237844"", ""latitude"": ""22.553528"", ""slow_count"": ""4"", ""fast_count"": ""0"", ""charge_count"": ""4"", ""TAZID"": ""1156""}"
1508,"深圳-2505","深圳市 · UrbanEV历史站点（详细地址未提供）",114.238067,22.55487,150,online,"2026-09-08 00:53:31",2505,"{""station_id"": ""2505"", ""longitude"": ""114.238067"", ""latitude"": ""22.55487"", ""slow_count"": ""24"", ""fast_count"": ""0"", ""charge_count"": ""24"", ""TAZID"": ""1149""}"
1509,"深圳-2506","深圳市 · UrbanEV历史站点（详细地址未提供）",114.238067,22.55487,150,online,"2026-09-08 00:53:31",2506,"{""station_id"": ""2506"", ""longitude"": ""114.238067"", ""latitude"": ""22.55487"", ""slow_count"": ""24"", ""fast_count"": ""0"", ""charge_count"": ""24"", ""TAZID"": ""1149""}"
1510,"深圳-2507","深圳市 · UrbanEV历史站点（详细地址未提供）",114.238111,22.711257,150,online,"2026-09-08 00:53:31",2507,"{""station_id"": ""2507"", ""longitude"": ""114.238111"", ""latitude"": ""22.711257"", ""slow_count"": ""2"", ""fast_count"": ""0"", ""charge_count"": ""2"", ""TAZID"": ""1011""}"
1511,"深圳-2508","深圳市 · UrbanEV历史站点（详细地址未提供）",114.238233,22.742955,150,online,"2026-09-08 00:53:31",2508,"{""station_id"": ""2508"", ""longitude"": ""114.238233"", ""latitude"": ""22.742955"", ""slow_count"": ""24"", ""fast_count"": ""0"", ""charge_count"": ""24"", ""TAZID"": ""858""}"
1512,"深圳-2509","深圳市 · UrbanEV历史站点（详细地址未提供）",114.239578,22.709621,150,online,"2026-09-08 00:53:31",2509,"{""station_id"": ""2509"", ""longitude"": ""114.239578"", ""latitude"": ""22.709621"", ""slow_count"": ""12"", ""fast_count"": ""0"", ""charge_count"": ""12"", ""TAZID"": ""1011""}"
1513,"深圳-2510","深圳市 · UrbanEV历史站点（详细地址未提供）",114.239907,22.728913,150,online,"2026-09-08 00:53:31",2510,"{""station_id"": ""2510"", ""longitude"": ""114.239907"", ""latitude"": ""22.728913"", ""slow_count"": ""22"", ""fast_count"": ""0"", ""charge_count"": ""22"", ""TAZID"": ""1011""}"
1514,"深圳-2511","深圳市 · UrbanEV历史站点（详细地址未提供）",114.240013,22.7172,150,online,"2026-09-08 00:53:31",2511,"{""station_id"": ""2511"", ""longitude"": ""114.240013"", ""latitude"": ""22.7172"", ""slow_count"": ""6"", ""fast_count"": ""0"", ""charge_count"": ""6"", ""TAZID"": ""1011""}"
1515,"深圳-2512","深圳市 · UrbanEV历史站点（详细地址未提供）",114.240689,22.589264,150,online,"2026-09-08 00:53:31",2512,"{""station_id"": ""2512"", ""longitude"": ""114.240689"", ""latitude"": ""22.589264"", ""slow_count"": ""12"", ""fast_count"": ""0"", ""charge_count"": ""12"", ""TAZID"": ""1162""}"
1516,"深圳-2513","深圳市 · UrbanEV历史站点（详细地址未提供）",114.240826,22.712068,150,online,"2026-09-08 00:53:31",2513,"{""station_id"": ""2513"", ""longitude"": ""114.240826"", ""latitude"": ""22.712068"", ""slow_count"": ""5"", ""fast_count"": ""0"", ""charge_count"": ""5"", ""TAZID"": ""1011""}"
1517,"深圳-2514","深圳市 · UrbanEV历史站点（详细地址未提供）",114.240894,22.714486,150,online,"2026-09-08 00:53:31",2514,"{""station_id"": ""2514"", ""longitude"": ""114.240894"", ""latitude"": ""22.714486"", ""slow_count"": ""3"", ""fast_count"": ""0"", ""charge_count"": ""3"", ""TAZID"": ""1011""}"
1518,"深圳-2515","深圳市 · UrbanEV历史站点（详细地址未提供）",114.240973,22.71214,150,online,"2026-09-08 00:53:31",2515,"{""station_id"": ""2515"", ""longitude"": ""114.240973"", ""latitude"": ""22.71214"", ""slow_count"": ""10"", ""fast_count"": ""0"", ""charge_count"": ""10"", ""TAZID"": ""1011""}"
1519,"深圳-2516","深圳市 · UrbanEV历史站点（详细地址未提供）",114.241036,22.717804,150,online,"2026-09-08 00:53:31",2516,"{""station_id"": ""2516"", ""longitude"": ""114.241036"", ""latitude"": ""22.717804"", ""slow_count"": ""2"", ""fast_count"": ""0"", ""charge_count"": ""2"", ""TAZID"": ""1011""}"
1520,"深圳-2517","深圳市 · UrbanEV历史站点（详细地址未提供）",114.241127,22.709709,150,online,"2026-09-08 00:53:31",2517,"{""station_id"": ""2517"", ""longitude"": ""114.241127"", ""latitude"": ""22.709709"", ""slow_count"": ""12"", ""fast_count"": ""0"", ""charge_count"": ""12"", ""TAZID"": ""1011""}"
1521,"深圳-2518","深圳市 · UrbanEV历史站点（详细地址未提供）",114.241301,22.747357,150,online,"2026-09-08 00:53:31",2518,"{""station_id"": ""2518"", ""longitude"": ""114.241301"", ""latitude"": ""22.747357"", ""slow_count"": ""0"", ""fast_count"": ""22"", ""charge_count"": ""22"", ""TAZID"": ""858""}"
1522,"深圳-2519","深圳市 · UrbanEV历史站点（详细地址未提供）",114.241974,22.732458,150,online,"2026-09-08 00:53:31",2519,"{""station_id"": ""2519"", ""longitude"": ""114.241974"", ""latitude"": ""22.732458"", ""slow_count"": ""2"", ""fast_count"": ""0"", ""charge_count"": ""2"", ""TAZID"": ""1011""}"
1523,"深圳-2520","深圳市 · UrbanEV历史站点（详细地址未提供）",114.241996,22.716239,150,online,"2026-09-08 00:53:31",2520,"{""station_id"": ""2520"", ""longitude"": ""114.241996"", ""latitude"": ""22.716239"", ""slow_count"": ""12"", ""fast_count"": ""0"", ""charge_count"": ""12"", ""TAZID"": ""1011""}"
1524,"深圳-2521","深圳市 · UrbanEV历史站点（详细地址未提供）",114.242084,22.586272,150,online,"2026-09-08 00:53:31",2521,"{""station_id"": ""2521"", ""longitude"": ""114.242084"", ""latitude"": ""22.586272"", ""slow_count"": ""10"", ""fast_count"": ""0"", ""charge_count"": ""10"", ""TAZID"": ""1162""}"
1525,"深圳-2522","深圳市 · UrbanEV历史站点（详细地址未提供）",114.242339,22.715112,150,online,"2026-09-08 00:53:31",2522,"{""station_id"": ""2522"", ""longitude"": ""114.242339"", ""latitude"": ""22.715112"", ""slow_count"": ""3"", ""fast_count"": ""0"", ""charge_count"": ""3"", ""TAZID"": ""1011""}"
1526,"深圳-2523","深圳市 · UrbanEV历史站点（详细地址未提供）",114.242872,22.709421,150,online,"2026-09-08 00:53:31",2523,"{""station_id"": ""2523"", ""longitude"": ""114.242872"", ""latitude"": ""22.709421"", ""slow_count"": ""3"", ""fast_count"": ""0"", ""charge_count"": ""3"", ""TAZID"": ""996""}"
1527,"深圳-2524","深圳市 · UrbanEV历史站点（详细地址未提供）",114.243,22.732252,150,online,"2026-09-08 00:53:31",2524,"{""station_id"": ""2524"", ""longitude"": ""114.243"", ""latitude"": ""22.732252"", ""slow_count"": ""2"", ""fast_count"": ""0"", ""charge_count"": ""2"", ""TAZID"": ""1011""}"
1528,"深圳-2525","深圳市 · UrbanEV历史站点（详细地址未提供）",114.243027,22.562833,150,online,"2026-09-08 00:53:31",2525,"{""station_id"": ""2525"", ""longitude"": ""114.243027"", ""latitude"": ""22.562833"", ""slow_count"": ""6"", ""fast_count"": ""0"", ""charge_count"": ""6"", ""TAZID"": ""1149""}"
1529,"深圳-2526","深圳市 · UrbanEV历史站点（详细地址未提供）",114.243036,22.709987,150,online,"2026-09-08 00:53:31",2526,"{""station_id"": ""2526"", ""longitude"": ""114.243036"", ""latitude"": ""22.709987"", ""slow_count"": ""30"", ""fast_count"": ""0"", ""charge_count"": ""30"", ""TAZID"": ""1011""}"
1530,"深圳-2527","深圳市 · UrbanEV历史站点（详细地址未提供）",114.243293,22.713534,150,online,"2026-09-08 00:53:31",2527,"{""station_id"": ""2527"", ""longitude"": ""114.243293"", ""latitude"": ""22.713534"", ""slow_count"": ""12"", ""fast_count"": ""0"", ""charge_count"": ""12"", ""TAZID"": ""1011""}"
1531,"深圳-2528","深圳市 · UrbanEV历史站点（详细地址未提供）",114.243324,22.554576,150,online,"2026-09-08 00:53:31",2528,"{""station_id"": ""2528"", ""longitude"": ""114.243324"", ""latitude"": ""22.554576"", ""slow_count"": ""6"", ""fast_count"": ""0"", ""charge_count"": ""6"", ""TAZID"": ""1149""}"
1532,"深圳-2529","深圳市 · UrbanEV历史站点（详细地址未提供）",114.244115,22.730787,150,online,"2026-09-08 00:53:31",2529,"{""station_id"": ""2529"", ""longitude"": ""114.244115"", ""latitude"": ""22.730787"", ""slow_count"": ""6"", ""fast_count"": ""0"", ""charge_count"": ""6"", ""TAZID"": ""1011""}"
1533,"深圳-2530","深圳市 · UrbanEV历史站点（详细地址未提供）",114.244243,22.71329,150,online,"2026-09-08 00:53:31",2530,"{""station_id"": ""2530"", ""longitude"": ""114.244243"", ""latitude"": ""22.71329"", ""slow_count"": ""24"", ""fast_count"": ""0"", ""charge_count"": ""24"", ""TAZID"": ""1011""}"
1534,"深圳-2531","深圳市 · UrbanEV历史站点（详细地址未提供）",114.244475,22.730364,150,online,"2026-09-08 00:53:31",2531,"{""station_id"": ""2531"", ""longitude"": ""114.244475"", ""latitude"": ""22.730364"", ""slow_count"": ""3"", ""fast_count"": ""0"", ""charge_count"": ""3"", ""TAZID"": ""1011""}"
1535,"深圳-2532","深圳市 · UrbanEV历史站点（详细地址未提供）",114.244616,22.732235,150,online,"2026-09-08 00:53:31",2532,"{""station_id"": ""2532"", ""longitude"": ""114.244616"", ""latitude"": ""22.732235"", ""slow_count"": ""3"", ""fast_count"": ""0"", ""charge_count"": ""3"", ""TAZID"": ""1011""}"
1536,"深圳-2533","深圳市 · UrbanEV历史站点（详细地址未提供）",114.245004,22.563638,150,online,"2026-09-08 00:53:31",2533,"{""station_id"": ""2533"", ""longitude"": ""114.245004"", ""latitude"": ""22.563638"", ""slow_count"": ""12"", ""fast_count"": ""0"", ""charge_count"": ""12"", ""TAZID"": ""1149""}"
1537,"深圳-2534","深圳市 · UrbanEV历史站点（详细地址未提供）",114.245705,22.734357,150,online,"2026-09-08 00:53:31",2534,"{""station_id"": ""2534"", ""longitude"": ""114.245705"", ""latitude"": ""22.734357"", ""slow_count"": ""12"", ""fast_count"": ""0"", ""charge_count"": ""12"", ""TAZID"": ""855""}"
1538,"深圳-2535","深圳市 · UrbanEV历史站点（详细地址未提供）",114.245841,22.737778,150,online,"2026-09-08 00:53:31",2535,"{""station_id"": ""2535"", ""longitude"": ""114.245841"", ""latitude"": ""22.737778"", ""slow_count"": ""6"", ""fast_count"": ""0"", ""charge_count"": ""6"", ""TAZID"": ""855""}"
1539,"深圳-2536","深圳市 · UrbanEV历史站点（详细地址未提供）",114.246453,22.705488,150,online,"2026-09-08 00:53:31",2536,"{""station_id"": ""2536"", ""longitude"": ""114.246453"", ""latitude"": ""22.705488"", ""slow_count"": ""20"", ""fast_count"": ""0"", ""charge_count"": ""20"", ""TAZID"": ""862""}"
1540,"深圳-2537","深圳市 · UrbanEV历史站点（详细地址未提供）",114.246943,22.724255,150,online,"2026-09-08 00:53:31",2537,"{""station_id"": ""2537"", ""longitude"": ""114.246943"", ""latitude"": ""22.724255"", ""slow_count"": ""12"", ""fast_count"": ""0"", ""charge_count"": ""12"", ""TAZID"": ""1009""}"
1541,"深圳-2538","深圳市 · UrbanEV历史站点（详细地址未提供）",114.248762,22.72471,150,online,"2026-09-08 00:53:31",2538,"{""station_id"": ""2538"", ""longitude"": ""114.248762"", ""latitude"": ""22.72471"", ""slow_count"": ""30"", ""fast_count"": ""0"", ""charge_count"": ""30"", ""TAZID"": ""1009""}"
1542,"深圳-2539","深圳市 · UrbanEV历史站点（详细地址未提供）",114.249002,22.728625,150,online,"2026-09-08 00:53:31",2539,"{""station_id"": ""2539"", ""longitude"": ""114.249002"", ""latitude"": ""22.728625"", ""slow_count"": ""10"", ""fast_count"": ""0"", ""charge_count"": ""10"", ""TAZID"": ""1009""}"
1543,"深圳-2540","深圳市 · UrbanEV历史站点（详细地址未提供）",114.249952,22.72683,150,online,"2026-09-08 00:53:31",2540,"{""station_id"": ""2540"", ""longitude"": ""114.249952"", ""latitude"": ""22.72683"", ""slow_count"": ""6"", ""fast_count"": ""0"", ""charge_count"": ""6"", ""TAZID"": ""1009""}"
1544,"深圳-2541","深圳市 · UrbanEV历史站点（详细地址未提供）",114.250392,22.737384,150,online,"2026-09-08 00:53:31",2541,"{""station_id"": ""2541"", ""longitude"": ""114.250392"", ""latitude"": ""22.737384"", ""slow_count"": ""50"", ""fast_count"": ""0"", ""charge_count"": ""50"", ""TAZID"": ""1009""}"
1545,"深圳-2542","深圳市 · UrbanEV历史站点（详细地址未提供）",114.251243,22.588544,150,online,"2026-09-08 00:53:31",2542,"{""station_id"": ""2542"", ""longitude"": ""114.251243"", ""latitude"": ""22.588544"", ""slow_count"": ""12"", ""fast_count"": ""0"", ""charge_count"": ""12"", ""TAZID"": ""1159""}"
1546,"深圳-2543","深圳市 · UrbanEV历史站点（详细地址未提供）",114.251401,22.730242,150,online,"2026-09-08 00:53:31",2543,"{""station_id"": ""2543"", ""longitude"": ""114.251401"", ""latitude"": ""22.730242"", ""slow_count"": ""16"", ""fast_count"": ""0"", ""charge_count"": ""16"", ""TAZID"": ""1009""}"
1547,"深圳-2544","深圳市 · UrbanEV历史站点（详细地址未提供）",114.251401,22.730242,150,online,"2026-09-08 00:53:31",2544,"{""station_id"": ""2544"", ""longitude"": ""114.251401"", ""latitude"": ""22.730242"", ""slow_count"": ""16"", ""fast_count"": ""0"", ""charge_count"": ""16"", ""TAZID"": ""1009""}"
1548,"深圳-2545","深圳市 · UrbanEV历史站点（详细地址未提供）",114.251442,22.710848,150,online,"2026-09-08 00:53:31",2545,"{""station_id"": ""2545"", ""longitude"": ""114.251442"", ""latitude"": ""22.710848"", ""slow_count"": ""12"", ""fast_count"": ""0"", ""charge_count"": ""12"", ""TAZID"": ""998""}"
1549,"深圳-2546","深圳市 · UrbanEV历史站点（详细地址未提供）",114.251553,22.710296,150,online,"2026-09-08 00:53:31",2546,"{""station_id"": ""2546"", ""longitude"": ""114.251553"", ""latitude"": ""22.710296"", ""slow_count"": ""24"", ""fast_count"": ""0"", ""charge_count"": ""24"", ""TAZID"": ""998""}"
1550,"深圳-2547","深圳市 · UrbanEV历史站点（详细地址未提供）",114.251684,22.740847,150,online,"2026-09-08 00:53:31",2547,"{""station_id"": ""2547"", ""longitude"": ""114.251684"", ""latitude"": ""22.740847"", ""slow_count"": ""32"", ""fast_count"": ""0"", ""charge_count"": ""32"", ""TAZID"": ""849""}"
1551,"深圳-2548","深圳市 · UrbanEV历史站点（详细地址未提供）",114.251822,22.702422,150,online,"2026-09-08 00:53:31",2548,"{""station_id"": ""2548"", ""longitude"": ""114.251822"", ""latitude"": ""22.702422"", ""slow_count"": ""12"", ""fast_count"": ""0"", ""charge_count"": ""12"", ""TAZID"": ""862""}"
1552,"深圳-2549","深圳市 · UrbanEV历史站点（详细地址未提供）",114.251971,22.588823,150,online,"2026-09-08 00:53:31",2549,"{""station_id"": ""2549"", ""longitude"": ""114.251971"", ""latitude"": ""22.588823"", ""slow_count"": ""12"", ""fast_count"": ""0"", ""charge_count"": ""12"", ""TAZID"": ""1159""}"
1553,"深圳-2550","深圳市 · UrbanEV历史站点（详细地址未提供）",114.252148,22.713825,150,online,"2026-09-08 00:53:31",2550,"{""station_id"": ""2550"", ""longitude"": ""114.252148"", ""latitude"": ""22.713825"", ""slow_count"": ""12"", ""fast_count"": ""0"", ""charge_count"": ""12"", ""TAZID"": ""998""}"
1554,"深圳-2551","深圳市 · UrbanEV历史站点（详细地址未提供）",114.253153,22.730557,150,online,"2026-09-08 00:53:31",2551,"{""station_id"": ""2551"", ""longitude"": ""114.253153"", ""latitude"": ""22.730557"", ""slow_count"": ""12"", ""fast_count"": ""0"", ""charge_count"": ""12"", ""TAZID"": ""1009""}"
1555,"深圳-2552","深圳市 · UrbanEV历史站点（详细地址未提供）",114.253211,22.72995,150,online,"2026-09-08 00:53:31",2552,"{""station_id"": ""2552"", ""longitude"": ""114.253211"", ""latitude"": ""22.72995"", ""slow_count"": ""12"", ""fast_count"": ""0"", ""charge_count"": ""12"", ""TAZID"": ""1009""}"
1556,"深圳-2553","深圳市 · UrbanEV历史站点（详细地址未提供）",114.25332,22.72878,150,online,"2026-09-08 00:53:31",2553,"{""station_id"": ""2553"", ""longitude"": ""114.25332"", ""latitude"": ""22.72878"", ""slow_count"": ""10"", ""fast_count"": ""0"", ""charge_count"": ""10"", ""TAZID"": ""1009""}"
1557,"深圳-2554","深圳市 · UrbanEV历史站点（详细地址未提供）",114.253704,22.718253,150,online,"2026-09-08 00:53:31",2554,"{""station_id"": ""2554"", ""longitude"": ""114.253704"", ""latitude"": ""22.718253"", ""slow_count"": ""13"", ""fast_count"": ""0"", ""charge_count"": ""13"", ""TAZID"": ""998""}"
1558,"深圳-2555","深圳市 · UrbanEV历史站点（详细地址未提供）",114.253868,22.744663,150,online,"2026-09-08 00:53:31",2555,"{""station_id"": ""2555"", ""longitude"": ""114.253868"", ""latitude"": ""22.744663"", ""slow_count"": ""12"", ""fast_count"": ""0"", ""charge_count"": ""12"", ""TAZID"": ""849""}"
1559,"深圳-2556","深圳市 · UrbanEV历史站点（详细地址未提供）",114.254096,22.720502,150,online,"2026-09-08 00:53:31",2556,"{""station_id"": ""2556"", ""longitude"": ""114.254096"", ""latitude"": ""22.720502"", ""slow_count"": ""12"", ""fast_count"": ""0"", ""charge_count"": ""12"", ""TAZID"": ""998""}"
1560,"深圳-2557","深圳市 · UrbanEV历史站点（详细地址未提供）",114.254368,22.723858,150,online,"2026-09-08 00:53:31",2557,"{""station_id"": ""2557"", ""longitude"": ""114.254368"", ""latitude"": ""22.723858"", ""slow_count"": ""24"", ""fast_count"": ""0"", ""charge_count"": ""24"", ""TAZID"": ""1009""}"
1561,"深圳-2558","深圳市 · UrbanEV历史站点（详细地址未提供）",114.254868,22.589652,150,online,"2026-09-08 00:53:31",2558,"{""station_id"": ""2558"", ""longitude"": ""114.254868"", ""latitude"": ""22.589652"", ""slow_count"": ""12"", ""fast_count"": ""0"", ""charge_count"": ""12"", ""TAZID"": ""1159""}"
1562,"深圳-2559","深圳市 · UrbanEV历史站点（详细地址未提供）",114.255957,22.744593,150,online,"2026-09-08 00:53:31",2559,"{""station_id"": ""2559"", ""longitude"": ""114.255957"", ""latitude"": ""22.744593"", ""slow_count"": ""12"", ""fast_count"": ""0"", ""charge_count"": ""12"", ""TAZID"": ""849""}"
1563,"深圳-2560","深圳市 · UrbanEV历史站点（详细地址未提供）",114.256738,22.723698,150,online,"2026-09-08 00:53:31",2560,"{""station_id"": ""2560"", ""longitude"": ""114.256738"", ""latitude"": ""22.723698"", ""slow_count"": ""25"", ""fast_count"": ""0"", ""charge_count"": ""25"", ""TAZID"": ""1009""}"
1564,"深圳-2561","深圳市 · UrbanEV历史站点（详细地址未提供）",114.256974,22.711901,150,online,"2026-09-08 00:53:31",2561,"{""station_id"": ""2561"", ""longitude"": ""114.256974"", ""latitude"": ""22.711901"", ""slow_count"": ""12"", ""fast_count"": ""0"", ""charge_count"": ""12"", ""TAZID"": ""998""}"
1565,"深圳-2562","深圳市 · UrbanEV历史站点（详细地址未提供）",114.256999,22.71066,150,online,"2026-09-08 00:53:31",2562,"{""station_id"": ""2562"", ""longitude"": ""114.256999"", ""latitude"": ""22.71066"", ""slow_count"": ""12"", ""fast_count"": ""0"", ""charge_count"": ""12"", ""TAZID"": ""998""}"
1566,"深圳-2563","深圳市 · UrbanEV历史站点（详细地址未提供）",114.257083,22.716504,150,online,"2026-09-08 00:53:31",2563,"{""station_id"": ""2563"", ""longitude"": ""114.257083"", ""latitude"": ""22.716504"", ""slow_count"": ""9"", ""fast_count"": ""0"", ""charge_count"": ""9"", ""TAZID"": ""998""}"
1567,"深圳-2564","深圳市 · UrbanEV历史站点（详细地址未提供）",114.257202,22.591236,150,online,"2026-09-08 00:53:31",2564,"{""station_id"": ""2564"", ""longitude"": ""114.257202"", ""latitude"": ""22.591236"", ""slow_count"": ""12"", ""fast_count"": ""0"", ""charge_count"": ""12"", ""TAZID"": ""1159""}"
1568,"深圳-2565","深圳市 · UrbanEV历史站点（详细地址未提供）",114.258971,22.591116,150,online,"2026-09-08 00:53:31",2565,"{""station_id"": ""2565"", ""longitude"": ""114.258971"", ""latitude"": ""22.591116"", ""slow_count"": ""18"", ""fast_count"": ""0"", ""charge_count"": ""18"", ""TAZID"": ""1159""}"
1569,"深圳-2566","深圳市 · UrbanEV历史站点（详细地址未提供）",114.259261,22.587969,150,online,"2026-09-08 00:53:31",2566,"{""station_id"": ""2566"", ""longitude"": ""114.259261"", ""latitude"": ""22.587969"", ""slow_count"": ""10"", ""fast_count"": ""0"", ""charge_count"": ""10"", ""TAZID"": ""1159""}"
1570,"深圳-2567","深圳市 · UrbanEV历史站点（详细地址未提供）",114.259875,22.583775,150,online,"2026-09-08 00:53:31",2567,"{""station_id"": ""2567"", ""longitude"": ""114.259875"", ""latitude"": ""22.583775"", ""slow_count"": ""2"", ""fast_count"": ""0"", ""charge_count"": ""2"", ""TAZID"": ""1160""}"
1571,"深圳-2568","深圳市 · UrbanEV历史站点（详细地址未提供）",114.259926,22.584301,150,online,"2026-09-08 00:53:31",2568,"{""station_id"": ""2568"", ""longitude"": ""114.259926"", ""latitude"": ""22.584301"", ""slow_count"": ""12"", ""fast_count"": ""0"", ""charge_count"": ""12"", ""TAZID"": ""1160""}"
1572,"深圳-2569","深圳市 · UrbanEV历史站点（详细地址未提供）",114.260001,22.589541,150,online,"2026-09-08 00:53:31",2569,"{""station_id"": ""2569"", ""longitude"": ""114.260001"", ""latitude"": ""22.589541"", ""slow_count"": ""18"", ""fast_count"": ""0"", ""charge_count"": ""18"", ""TAZID"": ""1159""}"
1573,"深圳-2570","深圳市 · UrbanEV历史站点（详细地址未提供）",114.26076,22.584995,150,online,"2026-09-08 00:53:31",2570,"{""station_id"": ""2570"", ""longitude"": ""114.26076"", ""latitude"": ""22.584995"", ""slow_count"": ""12"", ""fast_count"": ""0"", ""charge_count"": ""12"", ""TAZID"": ""1159""}"
1574,"深圳-2571","深圳市 · UrbanEV历史站点（详细地址未提供）",114.26138,22.681619,150,online,"2026-09-08 00:53:31",2571,"{""station_id"": ""2571"", ""longitude"": ""114.26138"", ""latitude"": ""22.681619"", ""slow_count"": ""15"", ""fast_count"": ""0"", ""charge_count"": ""15"", ""TAZID"": ""851""}"
1575,"深圳-2572","深圳市 · UrbanEV历史站点（详细地址未提供）",114.26138,22.681619,150,online,"2026-09-08 00:53:31",2572,"{""station_id"": ""2572"", ""longitude"": ""114.26138"", ""latitude"": ""22.681619"", ""slow_count"": ""15"", ""fast_count"": ""0"", ""charge_count"": ""15"", ""TAZID"": ""851""}"
1576,"深圳-2573","深圳市 · UrbanEV历史站点（详细地址未提供）",114.261394,22.587184,150,online,"2026-09-08 00:53:31",2573,"{""station_id"": ""2573"", ""longitude"": ""114.261394"", ""latitude"": ""22.587184"", ""slow_count"": ""8"", ""fast_count"": ""0"", ""charge_count"": ""8"", ""TAZID"": ""1159""}"
1577,"深圳-2574","深圳市 · UrbanEV历史站点（详细地址未提供）",114.261518,22.68336,150,online,"2026-09-08 00:53:31",2574,"{""station_id"": ""2574"", ""longitude"": ""114.261518"", ""latitude"": ""22.68336"", ""slow_count"": ""18"", ""fast_count"": ""0"", ""charge_count"": ""18"", ""TAZID"": ""851""}"
1578,"深圳-2575","深圳市 · UrbanEV历史站点（详细地址未提供）",114.261729,22.698774,150,online,"2026-09-08 00:53:31",2575,"{""station_id"": ""2575"", ""longitude"": ""114.261729"", ""latitude"": ""22.698774"", ""slow_count"": ""10"", ""fast_count"": ""0"", ""charge_count"": ""10"", ""TAZID"": ""862""}"
1579,"深圳-2576","深圳市 · UrbanEV历史站点（详细地址未提供）",114.261801,22.734659,150,online,"2026-09-08 00:53:31",2576,"{""station_id"": ""2576"", ""longitude"": ""114.261801"", ""latitude"": ""22.734659"", ""slow_count"": ""12"", ""fast_count"": ""0"", ""charge_count"": ""12"", ""TAZID"": ""834""}"
1580,"深圳-2577","深圳市 · UrbanEV历史站点（详细地址未提供）",114.261891,22.709426,150,online,"2026-09-08 00:53:31",2577,"{""station_id"": ""2577"", ""longitude"": ""114.261891"", ""latitude"": ""22.709426"", ""slow_count"": ""12"", ""fast_count"": ""0"", ""charge_count"": ""12"", ""TAZID"": ""998""}"
1581,"深圳-2578","深圳市 · UrbanEV历史站点（详细地址未提供）",114.26201,22.684215,150,online,"2026-09-08 00:53:31",2578,"{""station_id"": ""2578"", ""longitude"": ""114.26201"", ""latitude"": ""22.684215"", ""slow_count"": ""22"", ""fast_count"": ""0"", ""charge_count"": ""22"", ""TAZID"": ""851""}"
1582,"深圳-2579","深圳市 · UrbanEV历史站点（详细地址未提供）",114.262279,22.68423,150,online,"2026-09-08 00:53:31",2579,"{""station_id"": ""2579"", ""longitude"": ""114.262279"", ""latitude"": ""22.68423"", ""slow_count"": ""42"", ""fast_count"": ""0"", ""charge_count"": ""42"", ""TAZID"": ""851""}"
1583,"深圳-2580","深圳市 · UrbanEV历史站点（详细地址未提供）",114.262472,22.688209,150,online,"2026-09-08 00:53:31",2580,"{""station_id"": ""2580"", ""longitude"": ""114.262472"", ""latitude"": ""22.688209"", ""slow_count"": ""8"", ""fast_count"": ""0"", ""charge_count"": ""8"", ""TAZID"": ""852""}"
1584,"深圳-2581","深圳市 · UrbanEV历史站点（详细地址未提供）",114.262705,22.682075,150,online,"2026-09-08 00:53:31",2581,"{""station_id"": ""2581"", ""longitude"": ""114.262705"", ""latitude"": ""22.682075"", ""slow_count"": ""45"", ""fast_count"": ""0"", ""charge_count"": ""45"", ""TAZID"": ""851""}"
1585,"深圳-2582","深圳市 · UrbanEV历史站点（详细地址未提供）",114.264172,22.717114,150,online,"2026-09-08 00:53:31",2582,"{""station_id"": ""2582"", ""longitude"": ""114.264172"", ""latitude"": ""22.717114"", ""slow_count"": ""6"", ""fast_count"": ""0"", ""charge_count"": ""6"", ""TAZID"": ""1000""}"
1586,"深圳-2583","深圳市 · UrbanEV历史站点（详细地址未提供）",114.267006,22.714658,150,online,"2026-09-08 00:53:31",2583,"{""station_id"": ""2583"", ""longitude"": ""114.267006"", ""latitude"": ""22.714658"", ""slow_count"": ""6"", ""fast_count"": ""0"", ""charge_count"": ""6"", ""TAZID"": ""1000""}"
1587,"深圳-2584","深圳市 · UrbanEV历史站点（详细地址未提供）",114.268374,22.729017,150,online,"2026-09-08 00:53:31",2584,"{""station_id"": ""2584"", ""longitude"": ""114.268374"", ""latitude"": ""22.729017"", ""slow_count"": ""33"", ""fast_count"": ""0"", ""charge_count"": ""33"", ""TAZID"": ""1000""}"
1588,"深圳-2585","深圳市 · UrbanEV历史站点（详细地址未提供）",114.268467,22.720385,150,online,"2026-09-08 00:53:31",2585,"{""station_id"": ""2585"", ""longitude"": ""114.268467"", ""latitude"": ""22.720385"", ""slow_count"": ""33"", ""fast_count"": ""0"", ""charge_count"": ""33"", ""TAZID"": ""1000""}"
1589,"深圳-2586","深圳市 · UrbanEV历史站点（详细地址未提供）",114.268533,22.720536,150,online,"2026-09-08 00:53:31",2586,"{""station_id"": ""2586"", ""longitude"": ""114.268533"", ""latitude"": ""22.720536"", ""slow_count"": ""6"", ""fast_count"": ""0"", ""charge_count"": ""6"", ""TAZID"": ""1000""}"
1590,"深圳-2587","深圳市 · UrbanEV历史站点（详细地址未提供）",114.268881,22.72073,150,online,"2026-09-08 00:53:31",2587,"{""station_id"": ""2587"", ""longitude"": ""114.268881"", ""latitude"": ""22.72073"", ""slow_count"": ""6"", ""fast_count"": ""0"", ""charge_count"": ""6"", ""TAZID"": ""1000""}"
1591,"深圳-2588","深圳市 · UrbanEV历史站点（详细地址未提供）",114.268913,22.720749,150,online,"2026-09-08 00:53:31",2588,"{""station_id"": ""2588"", ""longitude"": ""114.268913"", ""latitude"": ""22.720749"", ""slow_count"": ""15"", ""fast_count"": ""0"", ""charge_count"": ""15"", ""TAZID"": ""1000""}"
1592,"深圳-2589","深圳市 · UrbanEV历史站点（详细地址未提供）",114.26997,22.71162,150,online,"2026-09-08 00:53:31",2589,"{""station_id"": ""2589"", ""longitude"": ""114.26997"", ""latitude"": ""22.71162"", ""slow_count"": ""15"", ""fast_count"": ""0"", ""charge_count"": ""15"", ""TAZID"": ""1000""}"
1593,"深圳-2590","深圳市 · UrbanEV历史站点（详细地址未提供）",114.26997,22.71162,150,online,"2026-09-08 00:53:31",2590,"{""station_id"": ""2590"", ""longitude"": ""114.26997"", ""latitude"": ""22.71162"", ""slow_count"": ""15"", ""fast_count"": ""0"", ""charge_count"": ""15"", ""TAZID"": ""1000""}"
1594,"深圳-2591","深圳市 · UrbanEV历史站点（详细地址未提供）",114.270027,22.722374,150,online,"2026-09-08 00:53:31",2591,"{""station_id"": ""2591"", ""longitude"": ""114.270027"", ""latitude"": ""22.722374"", ""slow_count"": ""3"", ""fast_count"": ""0"", ""charge_count"": ""3"", ""TAZID"": ""1000""}"
1595,"深圳-2592","深圳市 · UrbanEV历史站点（详细地址未提供）",114.270844,22.75975,150,online,"2026-09-08 00:53:31",2592,"{""station_id"": ""2592"", ""longitude"": ""114.270844"", ""latitude"": ""22.75975"", ""slow_count"": ""0"", ""fast_count"": ""66"", ""charge_count"": ""66"", ""TAZID"": ""844""}"
1596,"深圳-2593","深圳市 · UrbanEV历史站点（详细地址未提供）",114.270954,22.690942,150,online,"2026-09-08 00:53:31",2593,"{""station_id"": ""2593"", ""longitude"": ""114.270954"", ""latitude"": ""22.690942"", ""slow_count"": ""24"", ""fast_count"": ""0"", ""charge_count"": ""24"", ""TAZID"": ""862""}"
1597,"深圳-2594","深圳市 · UrbanEV历史站点（详细地址未提供）",114.271119,22.721403,150,online,"2026-09-08 00:53:31",2594,"{""station_id"": ""2594"", ""longitude"": ""114.271119"", ""latitude"": ""22.721403"", ""slow_count"": ""6"", ""fast_count"": ""0"", ""charge_count"": ""6"", ""TAZID"": ""1000""}"
1598,"深圳-2595","深圳市 · UrbanEV历史站点（详细地址未提供）",114.272211,22.712094,150,online,"2026-09-08 00:53:31",2595,"{""station_id"": ""2595"", ""longitude"": ""114.272211"", ""latitude"": ""22.712094"", ""slow_count"": ""10"", ""fast_count"": ""0"", ""charge_count"": ""10"", ""TAZID"": ""1000""}"
1599,"深圳-2596","深圳市 · UrbanEV历史站点（详细地址未提供）",114.274033,22.721826,150,online,"2026-09-08 00:53:31",2596,"{""station_id"": ""2596"", ""longitude"": ""114.274033"", ""latitude"": ""22.721826"", ""slow_count"": ""4"", ""fast_count"": ""0"", ""charge_count"": ""4"", ""TAZID"": ""1000""}"
1600,"深圳-2597","深圳市 · UrbanEV历史站点（详细地址未提供）",114.274132,22.722982,150,online,"2026-09-08 00:53:31",2597,"{""station_id"": ""2597"", ""longitude"": ""114.274132"", ""latitude"": ""22.722982"", ""slow_count"": ""16"", ""fast_count"": ""0"", ""charge_count"": ""16"", ""TAZID"": ""1000""}"
1601,"深圳-2598","深圳市 · UrbanEV历史站点（详细地址未提供）",114.274373,22.724611,150,online,"2026-09-08 00:53:31",2598,"{""station_id"": ""2598"", ""longitude"": ""114.274373"", ""latitude"": ""22.724611"", ""slow_count"": ""35"", ""fast_count"": ""0"", ""charge_count"": ""35"", ""TAZID"": ""1000""}"
1602,"深圳-2599","深圳市 · UrbanEV历史站点（详细地址未提供）",114.274465,22.723024,150,online,"2026-09-08 00:53:31",2599,"{""station_id"": ""2599"", ""longitude"": ""114.274465"", ""latitude"": ""22.723024"", ""slow_count"": ""30"", ""fast_count"": ""0"", ""charge_count"": ""30"", ""TAZID"": ""1000""}"
1603,"深圳-2600","深圳市 · UrbanEV历史站点（详细地址未提供）",114.275801,22.58833,150,online,"2026-09-08 00:53:31",2600,"{""station_id"": ""2600"", ""longitude"": ""114.275801"", ""latitude"": ""22.58833"", ""slow_count"": ""8"", ""fast_count"": ""0"", ""charge_count"": ""8"", ""TAZID"": ""406""}"
1604,"深圳-2601","深圳市 · UrbanEV历史站点（详细地址未提供）",114.276947,22.753096,150,online,"2026-09-08 00:53:31",2601,"{""station_id"": ""2601"", ""longitude"": ""114.276947"", ""latitude"": ""22.753096"", ""slow_count"": ""18"", ""fast_count"": ""0"", ""charge_count"": ""18"", ""TAZID"": ""849""}"
1605,"深圳-2602","深圳市 · UrbanEV历史站点（详细地址未提供）",114.277985,22.749335,150,online,"2026-09-08 00:53:31",2602,"{""station_id"": ""2602"", ""longitude"": ""114.277985"", ""latitude"": ""22.749335"", ""slow_count"": ""12"", ""fast_count"": ""0"", ""charge_count"": ""12"", ""TAZID"": ""831""}"
1606,"深圳-2603","深圳市 · UrbanEV历史站点（详细地址未提供）",114.278025,22.728334,150,online,"2026-09-08 00:53:31",2603,"{""station_id"": ""2603"", ""longitude"": ""114.278025"", ""latitude"": ""22.728334"", ""slow_count"": ""6"", ""fast_count"": ""0"", ""charge_count"": ""6"", ""TAZID"": ""835""}"
1607,"深圳-2604","深圳市 · UrbanEV历史站点（详细地址未提供）",114.278078,22.586662,150,online,"2026-09-08 00:53:31",2604,"{""station_id"": ""2604"", ""longitude"": ""114.278078"", ""latitude"": ""22.586662"", ""slow_count"": ""6"", ""fast_count"": ""0"", ""charge_count"": ""6"", ""TAZID"": ""406""}"
1608,"深圳-2605","深圳市 · UrbanEV历史站点（详细地址未提供）",114.278477,22.762841,150,online,"2026-09-08 00:53:31",2605,"{""station_id"": ""2605"", ""longitude"": ""114.278477"", ""latitude"": ""22.762841"", ""slow_count"": ""25"", ""fast_count"": ""0"", ""charge_count"": ""25"", ""TAZID"": ""844""}"
1609,"深圳-2606","深圳市 · UrbanEV历史站点（详细地址未提供）",114.279129,22.750858,150,online,"2026-09-08 00:53:31",2606,"{""station_id"": ""2606"", ""longitude"": ""114.279129"", ""latitude"": ""22.750858"", ""slow_count"": ""12"", ""fast_count"": ""0"", ""charge_count"": ""12"", ""TAZID"": ""1056""}"
1610,"深圳-2607","深圳市 · UrbanEV历史站点（详细地址未提供）",114.288835,22.721551,150,online,"2026-09-08 00:53:31",2607,"{""station_id"": ""2607"", ""longitude"": ""114.288835"", ""latitude"": ""22.721551"", ""slow_count"": ""6"", ""fast_count"": ""0"", ""charge_count"": ""6"", ""TAZID"": ""835""}"
1611,"深圳-2608","深圳市 · UrbanEV历史站点（详细地址未提供）",114.288926,22.667192,150,online,"2026-09-08 00:53:31",2608,"{""station_id"": ""2608"", ""longitude"": ""114.288926"", ""latitude"": ""22.667192"", ""slow_count"": ""15"", ""fast_count"": ""0"", ""charge_count"": ""15"", ""TAZID"": ""882""}"
1612,"深圳-2609","深圳市 · UrbanEV历史站点（详细地址未提供）",114.288969,22.667231,150,online,"2026-09-08 00:53:31",2609,"{""station_id"": ""2609"", ""longitude"": ""114.288969"", ""latitude"": ""22.667231"", ""slow_count"": ""0"", ""fast_count"": ""20"", ""charge_count"": ""20"", ""TAZID"": ""882""}"
1613,"深圳-2610","深圳市 · UrbanEV历史站点（详细地址未提供）",114.290885,22.72561,150,online,"2026-09-08 00:53:31",2610,"{""station_id"": ""2610"", ""longitude"": ""114.290885"", ""latitude"": ""22.72561"", ""slow_count"": ""6"", ""fast_count"": ""0"", ""charge_count"": ""6"", ""TAZID"": ""832""}"
1614,"深圳-2611","深圳市 · UrbanEV历史站点（详细地址未提供）",114.292425,22.725087,150,online,"2026-09-08 00:53:31",2611,"{""station_id"": ""2611"", ""longitude"": ""114.292425"", ""latitude"": ""22.725087"", ""slow_count"": ""0"", ""fast_count"": ""40"", ""charge_count"": ""40"", ""TAZID"": ""832""}"
1615,"深圳-2612","深圳市 · UrbanEV历史站点（详细地址未提供）",114.294651,22.665218,150,online,"2026-09-08 00:53:31",2612,"{""station_id"": ""2612"", ""longitude"": ""114.294651"", ""latitude"": ""22.665218"", ""slow_count"": ""0"", ""fast_count"": ""5"", ""charge_count"": ""5"", ""TAZID"": ""882""}"
1616,"深圳-2613","深圳市 · UrbanEV历史站点（详细地址未提供）",114.294972,22.665233,150,online,"2026-09-08 00:53:31",2613,"{""station_id"": ""2613"", ""longitude"": ""114.294972"", ""latitude"": ""22.665233"", ""slow_count"": ""0"", ""fast_count"": ""7"", ""charge_count"": ""7"", ""TAZID"": ""882""}"
1617,"深圳-2614","深圳市 · UrbanEV历史站点（详细地址未提供）",114.295888,22.665786,150,online,"2026-09-08 00:53:31",2614,"{""station_id"": ""2614"", ""longitude"": ""114.295888"", ""latitude"": ""22.665786"", ""slow_count"": ""0"", ""fast_count"": ""4"", ""charge_count"": ""4"", ""TAZID"": ""882""}"
1618,"深圳-2615","深圳市 · UrbanEV历史站点（详细地址未提供）",114.296664,22.730438,150,online,"2026-09-08 00:53:31",2615,"{""station_id"": ""2615"", ""longitude"": ""114.296664"", ""latitude"": ""22.730438"", ""slow_count"": ""6"", ""fast_count"": ""0"", ""charge_count"": ""6"", ""TAZID"": ""831""}"
1619,"深圳-2616","深圳市 · UrbanEV历史站点（详细地址未提供）",114.297673,22.722859,150,online,"2026-09-08 00:53:31",2616,"{""station_id"": ""2616"", ""longitude"": ""114.297673"", ""latitude"": ""22.722859"", ""slow_count"": ""30"", ""fast_count"": ""0"", ""charge_count"": ""30"", ""TAZID"": ""832""}"
1620,"深圳-2617","深圳市 · UrbanEV历史站点（详细地址未提供）",114.301752,22.764638,150,online,"2026-09-08 00:53:31",2617,"{""station_id"": ""2617"", ""longitude"": ""114.301752"", ""latitude"": ""22.764638"", ""slow_count"": ""0"", ""fast_count"": ""38"", ""charge_count"": ""38"", ""TAZID"": ""842""}"
1621,"深圳-2618","深圳市 · UrbanEV历史站点（详细地址未提供）",114.302115,22.721307,150,online,"2026-09-08 00:53:31",2618,"{""station_id"": ""2618"", ""longitude"": ""114.302115"", ""latitude"": ""22.721307"", ""slow_count"": ""38"", ""fast_count"": ""0"", ""charge_count"": ""38"", ""TAZID"": ""1049""}"
1622,"深圳-2619","深圳市 · UrbanEV历史站点（详细地址未提供）",114.302115,22.721307,150,online,"2026-09-08 00:53:31",2619,"{""station_id"": ""2619"", ""longitude"": ""114.302115"", ""latitude"": ""22.721307"", ""slow_count"": ""39"", ""fast_count"": ""0"", ""charge_count"": ""39"", ""TAZID"": ""1049""}"
1623,"深圳-2620","深圳市 · UrbanEV历史站点（详细地址未提供）",114.302129,22.770918,150,online,"2026-09-08 00:53:31",2620,"{""station_id"": ""2620"", ""longitude"": ""114.302129"", ""latitude"": ""22.770918"", ""slow_count"": ""10"", ""fast_count"": ""0"", ""charge_count"": ""10"", ""TAZID"": ""842""}"
1624,"深圳-2621","深圳市 · UrbanEV历史站点（详细地址未提供）",114.302313,22.768991,150,online,"2026-09-08 00:53:31",2621,"{""station_id"": ""2621"", ""longitude"": ""114.302313"", ""latitude"": ""22.768991"", ""slow_count"": ""3"", ""fast_count"": ""0"", ""charge_count"": ""3"", ""TAZID"": ""842""}"
1625,"深圳-2622","深圳市 · UrbanEV历史站点（详细地址未提供）",114.302573,22.722118,150,online,"2026-09-08 00:53:31",2622,"{""station_id"": ""2622"", ""longitude"": ""114.302573"", ""latitude"": ""22.722118"", ""slow_count"": ""42"", ""fast_count"": ""0"", ""charge_count"": ""42"", ""TAZID"": ""1049""}"
1626,"深圳-2623","深圳市 · UrbanEV历史站点（详细地址未提供）",114.30272,22.721584,150,online,"2026-09-08 00:53:31",2623,"{""station_id"": ""2623"", ""longitude"": ""114.30272"", ""latitude"": ""22.721584"", ""slow_count"": ""72"", ""fast_count"": ""0"", ""charge_count"": ""72"", ""TAZID"": ""1049""}"
1627,"深圳-2624","深圳市 · UrbanEV历史站点（详细地址未提供）",114.303353,22.595913,150,online,"2026-09-08 00:53:31",2624,"{""station_id"": ""2624"", ""longitude"": ""114.303353"", ""latitude"": ""22.595913"", ""slow_count"": ""8"", ""fast_count"": ""0"", ""charge_count"": ""8"", ""TAZID"": ""408""}"
1628,"深圳-2625","深圳市 · UrbanEV历史站点（详细地址未提供）",114.303523,22.772981,150,online,"2026-09-08 00:53:31",2625,"{""station_id"": ""2625"", ""longitude"": ""114.303523"", ""latitude"": ""22.772981"", ""slow_count"": ""3"", ""fast_count"": ""0"", ""charge_count"": ""3"", ""TAZID"": ""842""}"
1629,"深圳-2626","深圳市 · UrbanEV历史站点（详细地址未提供）",114.304213,22.720146,150,online,"2026-09-08 00:53:31",2626,"{""station_id"": ""2626"", ""longitude"": ""114.304213"", ""latitude"": ""22.720146"", ""slow_count"": ""48"", ""fast_count"": ""0"", ""charge_count"": ""48"", ""TAZID"": ""1049""}"
1630,"深圳-2627","深圳市 · UrbanEV历史站点（详细地址未提供）",114.305042,22.76682,150,online,"2026-09-08 00:53:31",2627,"{""station_id"": ""2627"", ""longitude"": ""114.305042"", ""latitude"": ""22.76682"", ""slow_count"": ""56"", ""fast_count"": ""0"", ""charge_count"": ""56"", ""TAZID"": ""842""}"
1631,"深圳-2628","深圳市 · UrbanEV历史站点（详细地址未提供）",114.305042,22.76682,150,online,"2026-09-08 00:53:31",2628,"{""station_id"": ""2628"", ""longitude"": ""114.305042"", ""latitude"": ""22.76682"", ""slow_count"": ""56"", ""fast_count"": ""0"", ""charge_count"": ""56"", ""TAZID"": ""842""}"
1632,"深圳-2629","深圳市 · UrbanEV历史站点（详细地址未提供）",114.305614,22.591606,150,online,"2026-09-08 00:53:31",2629,"{""station_id"": ""2629"", ""longitude"": ""114.305614"", ""latitude"": ""22.591606"", ""slow_count"": ""16"", ""fast_count"": ""0"", ""charge_count"": ""16"", ""TAZID"": ""408""}"
1633,"深圳-2630","深圳市 · UrbanEV历史站点（详细地址未提供）",114.305921,22.600709,150,online,"2026-09-08 00:53:31",2630,"{""station_id"": ""2630"", ""longitude"": ""114.305921"", ""latitude"": ""22.600709"", ""slow_count"": ""15"", ""fast_count"": ""0"", ""charge_count"": ""15"", ""TAZID"": ""408""}"
1634,"深圳-2631","深圳市 · UrbanEV历史站点（详细地址未提供）",114.307942,22.601194,150,online,"2026-09-08 00:53:31",2631,"{""station_id"": ""2631"", ""longitude"": ""114.307942"", ""latitude"": ""22.601194"", ""slow_count"": ""6"", ""fast_count"": ""0"", ""charge_count"": ""6"", ""TAZID"": ""408""}"
1635,"深圳-2632","深圳市 · UrbanEV历史站点（详细地址未提供）",114.310679,22.599071,150,online,"2026-09-08 00:53:31",2632,"{""station_id"": ""2632"", ""longitude"": ""114.310679"", ""latitude"": ""22.599071"", ""slow_count"": ""6"", ""fast_count"": ""0"", ""charge_count"": ""6"", ""TAZID"": ""408""}"
1636,"深圳-2633","深圳市 · UrbanEV历史站点（详细地址未提供）",114.313217,22.678093,150,online,"2026-09-08 00:53:31",2633,"{""station_id"": ""2633"", ""longitude"": ""114.313217"", ""latitude"": ""22.678093"", ""slow_count"": ""6"", ""fast_count"": ""0"", ""charge_count"": ""6"", ""TAZID"": ""883""}"
1637,"深圳-2634","深圳市 · UrbanEV历史站点（详细地址未提供）",114.313226,22.668921,150,online,"2026-09-08 00:53:31",2634,"{""station_id"": ""2634"", ""longitude"": ""114.313226"", ""latitude"": ""22.668921"", ""slow_count"": ""6"", ""fast_count"": ""0"", ""charge_count"": ""6"", ""TAZID"": ""883""}"
1638,"深圳-2635","深圳市 · UrbanEV历史站点（详细地址未提供）",114.313531,22.773076,150,online,"2026-09-08 00:53:31",2635,"{""station_id"": ""2635"", ""longitude"": ""114.313531"", ""latitude"": ""22.773076"", ""slow_count"": ""18"", ""fast_count"": ""0"", ""charge_count"": ""18"", ""TAZID"": ""842""}"
1639,"深圳-2636","深圳市 · UrbanEV历史站点（详细地址未提供）",114.314467,22.599074,150,online,"2026-09-08 00:53:31",2636,"{""station_id"": ""2636"", ""longitude"": ""114.314467"", ""latitude"": ""22.599074"", ""slow_count"": ""6"", ""fast_count"": ""0"", ""charge_count"": ""6"", ""TAZID"": ""408""}"
1640,"深圳-2637","深圳市 · UrbanEV历史站点（详细地址未提供）",114.316163,22.69996,150,online,"2026-09-08 00:53:31",2637,"{""station_id"": ""2637"", ""longitude"": ""114.316163"", ""latitude"": ""22.69996"", ""slow_count"": ""12"", ""fast_count"": ""0"", ""charge_count"": ""12"", ""TAZID"": ""848""}"
1641,"深圳-2638","深圳市 · UrbanEV历史站点（详细地址未提供）",114.325699,22.689934,150,online,"2026-09-08 00:53:31",2638,"{""station_id"": ""2638"", ""longitude"": ""114.325699"", ""latitude"": ""22.689934"", ""slow_count"": ""0"", ""fast_count"": ""12"", ""charge_count"": ""12"", ""TAZID"": ""888""}"
1642,"深圳-2639","深圳市 · UrbanEV历史站点（详细地址未提供）",114.325699,22.689934,150,online,"2026-09-08 00:53:31",2639,"{""station_id"": ""2639"", ""longitude"": ""114.325699"", ""latitude"": ""22.689934"", ""slow_count"": ""22"", ""fast_count"": ""0"", ""charge_count"": ""22"", ""TAZID"": ""888""}"
1643,"深圳-2640","深圳市 · UrbanEV历史站点（详细地址未提供）",114.325699,22.689934,150,online,"2026-09-08 00:53:31",2640,"{""station_id"": ""2640"", ""longitude"": ""114.325699"", ""latitude"": ""22.689934"", ""slow_count"": ""22"", ""fast_count"": ""0"", ""charge_count"": ""22"", ""TAZID"": ""888""}"
1644,"深圳-2641","深圳市 · UrbanEV历史站点（详细地址未提供）",114.327669,22.681133,150,online,"2026-09-08 00:53:31",2641,"{""station_id"": ""2641"", ""longitude"": ""114.327669"", ""latitude"": ""22.681133"", ""slow_count"": ""48"", ""fast_count"": ""0"", ""charge_count"": ""48"", ""TAZID"": ""888""}"
1645,"深圳-2642","深圳市 · UrbanEV历史站点（详细地址未提供）",114.32911,22.673992,150,online,"2026-09-08 00:53:31",2642,"{""station_id"": ""2642"", ""longitude"": ""114.32911"", ""latitude"": ""22.673992"", ""slow_count"": ""6"", ""fast_count"": ""0"", ""charge_count"": ""6"", ""TAZID"": ""888""}"
1646,"深圳-2643","深圳市 · UrbanEV历史站点（详细地址未提供）",114.334837,22.679867,150,online,"2026-09-08 00:53:31",2643,"{""station_id"": ""2643"", ""longitude"": ""114.334837"", ""latitude"": ""22.679867"", ""slow_count"": ""10"", ""fast_count"": ""0"", ""charge_count"": ""10"", ""TAZID"": ""888""}"
1647,"深圳-2644","深圳市 · UrbanEV历史站点（详细地址未提供）",114.335077,22.701849,150,online,"2026-09-08 00:53:31",2644,"{""station_id"": ""2644"", ""longitude"": ""114.335077"", ""latitude"": ""22.701849"", ""slow_count"": ""0"", ""fast_count"": ""6"", ""charge_count"": ""6"", ""TAZID"": ""900""}"
1648,"深圳-2645","深圳市 · UrbanEV历史站点（详细地址未提供）",114.338572,22.684618,150,online,"2026-09-08 00:53:31",2645,"{""station_id"": ""2645"", ""longitude"": ""114.338572"", ""latitude"": ""22.684618"", ""slow_count"": ""36"", ""fast_count"": ""0"", ""charge_count"": ""36"", ""TAZID"": ""888""}"
1649,"深圳-2646","深圳市 · UrbanEV历史站点（详细地址未提供）",114.339263,22.685913,150,online,"2026-09-08 00:53:31",2646,"{""station_id"": ""2646"", ""longitude"": ""114.339263"", ""latitude"": ""22.685913"", ""slow_count"": ""18"", ""fast_count"": ""0"", ""charge_count"": ""18"", ""TAZID"": ""888""}"
1650,"深圳-2647","深圳市 · UrbanEV历史站点（详细地址未提供）",114.342441,22.705786,150,online,"2026-09-08 00:53:31",2647,"{""station_id"": ""2647"", ""longitude"": ""114.342441"", ""latitude"": ""22.705786"", ""slow_count"": ""9"", ""fast_count"": ""0"", ""charge_count"": ""9"", ""TAZID"": ""900""}"
1651,"深圳-2648","深圳市 · UrbanEV历史站点（详细地址未提供）",114.344313,22.708338,150,online,"2026-09-08 00:53:31",2648,"{""station_id"": ""2648"", ""longitude"": ""114.344313"", ""latitude"": ""22.708338"", ""slow_count"": ""3"", ""fast_count"": ""0"", ""charge_count"": ""3"", ""TAZID"": ""900""}"
1652,"深圳-2649","深圳市 · UrbanEV历史站点（详细地址未提供）",114.344855,22.706446,150,online,"2026-09-08 00:53:31",2649,"{""station_id"": ""2649"", ""longitude"": ""114.344855"", ""latitude"": ""22.706446"", ""slow_count"": ""3"", ""fast_count"": ""0"", ""charge_count"": ""3"", ""TAZID"": ""902""}"
1653,"深圳-2650","深圳市 · UrbanEV历史站点（详细地址未提供）",114.345528,22.709425,150,online,"2026-09-08 00:53:31",2650,"{""station_id"": ""2650"", ""longitude"": ""114.345528"", ""latitude"": ""22.709425"", ""slow_count"": ""35"", ""fast_count"": ""0"", ""charge_count"": ""35"", ""TAZID"": ""902""}"
1654,"深圳-2651","深圳市 · UrbanEV历史站点（详细地址未提供）",114.345871,22.707601,150,online,"2026-09-08 00:53:31",2651,"{""station_id"": ""2651"", ""longitude"": ""114.345871"", ""latitude"": ""22.707601"", ""slow_count"": ""32"", ""fast_count"": ""0"", ""charge_count"": ""32"", ""TAZID"": ""902""}"
1655,"深圳-2652","深圳市 · UrbanEV历史站点（详细地址未提供）",114.346185,22.689176,150,online,"2026-09-08 00:53:31",2652,"{""station_id"": ""2652"", ""longitude"": ""114.346185"", ""latitude"": ""22.689176"", ""slow_count"": ""18"", ""fast_count"": ""0"", ""charge_count"": ""18"", ""TAZID"": ""890""}"
1656,"深圳-2653","深圳市 · UrbanEV历史站点（详细地址未提供）",114.35166,22.665823,150,online,"2026-09-08 00:53:31",2653,"{""station_id"": ""2653"", ""longitude"": ""114.35166"", ""latitude"": ""22.665823"", ""slow_count"": ""88"", ""fast_count"": ""0"", ""charge_count"": ""88"", ""TAZID"": ""881""}"
1657,"深圳-2654","深圳市 · UrbanEV历史站点（详细地址未提供）",114.352429,22.71103,150,online,"2026-09-08 00:53:31",2654,"{""station_id"": ""2654"", ""longitude"": ""114.352429"", ""latitude"": ""22.71103"", ""slow_count"": ""0"", ""fast_count"": ""36"", ""charge_count"": ""36"", ""TAZID"": ""902""}"
1658,"深圳-2655","深圳市 · UrbanEV历史站点（详细地址未提供）",114.36453,22.756606,150,online,"2026-09-08 00:53:31",2655,"{""station_id"": ""2655"", ""longitude"": ""114.36453"", ""latitude"": ""22.756606"", ""slow_count"": ""6"", ""fast_count"": ""0"", ""charge_count"": ""6"", ""TAZID"": ""893""}"
1659,"深圳-2656","深圳市 · UrbanEV历史站点（详细地址未提供）",114.365898,22.758483,150,online,"2026-09-08 00:53:31",2656,"{""station_id"": ""2656"", ""longitude"": ""114.365898"", ""latitude"": ""22.758483"", ""slow_count"": ""6"", ""fast_count"": ""0"", ""charge_count"": ""6"", ""TAZID"": ""893""}"
1660,"深圳-2657","深圳市 · UrbanEV历史站点（详细地址未提供）",114.365898,22.758483,150,online,"2026-09-08 00:53:31",2657,"{""station_id"": ""2657"", ""longitude"": ""114.365898"", ""latitude"": ""22.758483"", ""slow_count"": ""6"", ""fast_count"": ""0"", ""charge_count"": ""6"", ""TAZID"": ""893""}"
1661,"深圳-2658","深圳市 · UrbanEV历史站点（详细地址未提供）",114.36632,22.703166,150,online,"2026-09-08 00:53:31",2658,"{""station_id"": ""2658"", ""longitude"": ""114.36632"", ""latitude"": ""22.703166"", ""slow_count"": ""43"", ""fast_count"": ""0"", ""charge_count"": ""43"", ""TAZID"": ""903""}"
1662,"深圳-2659","深圳市 · UrbanEV历史站点（详细地址未提供）",114.370015,22.60667,150,online,"2026-09-08 00:53:31",2659,"{""station_id"": ""2659"", ""longitude"": ""114.370015"", ""latitude"": ""22.60667"", ""slow_count"": ""11"", ""fast_count"": ""0"", ""charge_count"": ""11"", ""TAZID"": ""1022""}"
1663,"深圳-2660","深圳市 · UrbanEV历史站点（详细地址未提供）",114.372497,22.704461,150,online,"2026-09-08 00:53:31",2660,"{""station_id"": ""2660"", ""longitude"": ""114.372497"", ""latitude"": ""22.704461"", ""slow_count"": ""14"", ""fast_count"": ""0"", ""charge_count"": ""14"", ""TAZID"": ""903""}"
1664,"深圳-2661","深圳市 · UrbanEV历史站点（详细地址未提供）",114.373092,22.731419,150,online,"2026-09-08 00:53:31",2661,"{""station_id"": ""2661"", ""longitude"": ""114.373092"", ""latitude"": ""22.731419"", ""slow_count"": ""2"", ""fast_count"": ""0"", ""charge_count"": ""2"", ""TAZID"": ""901""}"
1665,"深圳-2662","深圳市 · UrbanEV历史站点（详细地址未提供）",114.373693,22.732276,150,online,"2026-09-08 00:53:31",2662,"{""station_id"": ""2662"", ""longitude"": ""114.373693"", ""latitude"": ""22.732276"", ""slow_count"": ""3"", ""fast_count"": ""0"", ""charge_count"": ""3"", ""TAZID"": ""901""}"
1666,"深圳-2663","深圳市 · UrbanEV历史站点（详细地址未提供）",114.377207,22.705926,150,online,"2026-09-08 00:53:31",2663,"{""station_id"": ""2663"", ""longitude"": ""114.377207"", ""latitude"": ""22.705926"", ""slow_count"": ""27"", ""fast_count"": ""27"", ""charge_count"": ""54"", ""TAZID"": ""891""}"
1667,"深圳-2664","深圳市 · UrbanEV历史站点（详细地址未提供）",114.380367,22.7286,150,online,"2026-09-08 00:53:31",2664,"{""station_id"": ""2664"", ""longitude"": ""114.380367"", ""latitude"": ""22.7286"", ""slow_count"": ""50"", ""fast_count"": ""0"", ""charge_count"": ""50"", ""TAZID"": ""901""}"
1668,"深圳-2665","深圳市 · UrbanEV历史站点（详细地址未提供）",114.381276,22.721364,150,online,"2026-09-08 00:53:31",2665,"{""station_id"": ""2665"", ""longitude"": ""114.381276"", ""latitude"": ""22.721364"", ""slow_count"": ""6"", ""fast_count"": ""0"", ""charge_count"": ""6"", ""TAZID"": ""901""}"
1669,"深圳-2666","深圳市 · UrbanEV历史站点（详细地址未提供）",114.381555,22.727204,150,online,"2026-09-08 00:53:31",2666,"{""station_id"": ""2666"", ""longitude"": ""114.381555"", ""latitude"": ""22.727204"", ""slow_count"": ""6"", ""fast_count"": ""0"", ""charge_count"": ""6"", ""TAZID"": ""901""}"
1670,"深圳-2667","深圳市 · UrbanEV历史站点（详细地址未提供）",114.385619,22.75174,150,online,"2026-09-08 00:53:31",2667,"{""station_id"": ""2667"", ""longitude"": ""114.385619"", ""latitude"": ""22.75174"", ""slow_count"": ""0"", ""fast_count"": ""45"", ""charge_count"": ""45"", ""TAZID"": ""895""}"
1671,"深圳-2668","深圳市 · UrbanEV历史站点（详细地址未提供）",114.387924,22.695699,150,online,"2026-09-08 00:53:31",2668,"{""station_id"": ""2668"", ""longitude"": ""114.387924"", ""latitude"": ""22.695699"", ""slow_count"": ""1"", ""fast_count"": ""0"", ""charge_count"": ""1"", ""TAZID"": ""886""}"
1672,"深圳-2669","深圳市 · UrbanEV历史站点（详细地址未提供）",114.39222,22.707807,150,online,"2026-09-08 00:53:31",2669,"{""station_id"": ""2669"", ""longitude"": ""114.39222"", ""latitude"": ""22.707807"", ""slow_count"": ""18"", ""fast_count"": ""0"", ""charge_count"": ""18"", ""TAZID"": ""904""}"
1673,"深圳-2670","深圳市 · UrbanEV历史站点（详细地址未提供）",114.399153,22.739581,150,online,"2026-09-08 00:53:31",2670,"{""station_id"": ""2670"", ""longitude"": ""114.399153"", ""latitude"": ""22.739581"", ""slow_count"": ""21"", ""fast_count"": ""0"", ""charge_count"": ""21"", ""TAZID"": ""897""}"
1674,"深圳-2671","深圳市 · UrbanEV历史站点（详细地址未提供）",114.400048,22.702862,150,online,"2026-09-08 00:53:31",2671,"{""station_id"": ""2671"", ""longitude"": ""114.400048"", ""latitude"": ""22.702862"", ""slow_count"": ""6"", ""fast_count"": ""0"", ""charge_count"": ""6"", ""TAZID"": ""904""}"
1675,"深圳-2672","深圳市 · UrbanEV历史站点（详细地址未提供）",114.400629,22.702681,150,online,"2026-09-08 00:53:31",2672,"{""station_id"": ""2672"", ""longitude"": ""114.400629"", ""latitude"": ""22.702681"", ""slow_count"": ""30"", ""fast_count"": ""0"", ""charge_count"": ""30"", ""TAZID"": ""904""}"
1676,"深圳-2673","深圳市 · UrbanEV历史站点（详细地址未提供）",114.400987,22.702903,150,online,"2026-09-08 00:53:31",2673,"{""station_id"": ""2673"", ""longitude"": ""114.400987"", ""latitude"": ""22.702903"", ""slow_count"": ""36"", ""fast_count"": ""0"", ""charge_count"": ""36"", ""TAZID"": ""887""}"
1677,"深圳-2674","深圳市 · UrbanEV历史站点（详细地址未提供）",114.40559,22.744758,150,online,"2026-09-08 00:53:31",2674,"{""station_id"": ""2674"", ""longitude"": ""114.40559"", ""latitude"": ""22.744758"", ""slow_count"": ""0"", ""fast_count"": ""4"", ""charge_count"": ""4"", ""TAZID"": ""897""}"
1678,"深圳-2675","深圳市 · UrbanEV历史站点（详细地址未提供）",114.412132,22.773713,150,online,"2026-09-08 00:53:31",2675,"{""station_id"": ""2675"", ""longitude"": ""114.412132"", ""latitude"": ""22.773713"", ""slow_count"": ""0"", ""fast_count"": ""10"", ""charge_count"": ""10"", ""TAZID"": ""897""}"
1679,"深圳-2676","深圳市 · UrbanEV历史站点（详细地址未提供）",114.414742,22.631017,150,online,"2026-09-08 00:53:31",2676,"{""station_id"": ""2676"", ""longitude"": ""114.414742"", ""latitude"": ""22.631017"", ""slow_count"": ""9"", ""fast_count"": ""0"", ""charge_count"": ""9"", ""TAZID"": ""943""}"
1680,"深圳-2677","深圳市 · UrbanEV历史站点（详细地址未提供）",114.419455,22.627845,150,online,"2026-09-08 00:53:31",2677,"{""station_id"": ""2677"", ""longitude"": ""114.419455"", ""latitude"": ""22.627845"", ""slow_count"": ""12"", ""fast_count"": ""0"", ""charge_count"": ""12"", ""TAZID"": ""943""}"
1681,"深圳-2678","深圳市 · UrbanEV历史站点（详细地址未提供）",114.478137,22.596409,150,online,"2026-09-08 00:53:31",2678,"{""station_id"": ""2678"", ""longitude"": ""114.478137"", ""latitude"": ""22.596409"", ""slow_count"": ""13"", ""fast_count"": ""0"", ""charge_count"": ""13"", ""TAZID"": ""952""}"
1682,"深圳-2679","深圳市 · UrbanEV历史站点（详细地址未提供）",114.481163,22.601834,150,online,"2026-09-08 00:53:31",2679,"{""station_id"": ""2679"", ""longitude"": ""114.481163"", ""latitude"": ""22.601834"", ""slow_count"": ""12"", ""fast_count"": ""0"", ""charge_count"": ""12"", ""TAZID"": ""1037""}"
1683,"深圳-2680","深圳市 · UrbanEV历史站点（详细地址未提供）",114.483345,22.509882,150,online,"2026-09-08 00:53:31",2680,"{""station_id"": ""2680"", ""longitude"": ""114.483345"", ""latitude"": ""22.509882"", ""slow_count"": ""12"", ""fast_count"": ""0"", ""charge_count"": ""12"", ""TAZID"": ""937""}"
1684,"深圳-2681","深圳市 · UrbanEV历史站点（详细地址未提供）",114.493513,22.533926,150,online,"2026-09-08 00:53:31",2681,"{""station_id"": ""2681"", ""longitude"": ""114.493513"", ""latitude"": ""22.533926"", ""slow_count"": ""10"", ""fast_count"": ""0"", ""charge_count"": ""10"", ""TAZID"": ""937""}"
1685,"深圳-2682","深圳市 · UrbanEV历史站点（详细地址未提供）",114.516991,22.592788,150,online,"2026-09-08 00:53:31",2682,"{""station_id"": ""2682"", ""longitude"": ""114.516991"", ""latitude"": ""22.592788"", ""slow_count"": ""12"", ""fast_count"": ""4"", ""charge_count"": ""16"", ""TAZID"": ""1037""}"
